timestamp,equity,price
2025-08-26 08:00:00,10000,110047.5
2025-08-26 09:00:00,10000,110108.6
2025-08-26 10:00:00,10000,110169.0
2025-08-26 11:00:00,10000,109842.2
2025-08-26 12:00:00,10000,110172.5
2025-08-26 13:00:00,10000,110051.2
2025-08-26 14:00:00,10000,110323.9
2025-08-26 15:00:00,10000,109624.6
2025-08-26 16:00:00,10000,110129.6
2025-08-26 17:00:00,10000,109950.0
2025-08-26 18:00:00,10000,110650.0
2025-08-26 19:00:00,10000,111053.5
2025-08-26 20:00:00,10000,111258.6
2025-08-26 21:00:00,10000,111530.3
2025-08-26 22:00:00,10000,111848.1
2025-08-26 23:00:00,10000,111709.9
2025-08-27 00:00:00,10000,111307.7
2025-08-27 01:00:00,10000,111249.5
2025-08-27 02:00:00,10000,111084.4
2025-08-27 03:00:00,10000,111373.7
2025-08-27 04:00:00,10000,111521.3
2025-08-27 05:00:00,10000,111316.8
2025-08-27 06:00:00,10000,110994.2
2025-08-27 07:00:00,10000,110688.0
2025-08-27 08:00:00,10000,110705.2
2025-08-27 09:00:00,10000,110763.9
2025-08-27 10:00:00,10000,110928.5
2025-08-27 11:00:00,10000,111270.8
2025-08-27 12:00:00,10000,111288.4
2025-08-27 13:00:00,10000,111434.3
2025-08-27 14:00:00,10000,111758.0
2025-08-27 15:00:00,10000,111965.1
2025-08-27 16:00:00,10000,112062.0
2025-08-27 17:00:00,10000,112286.2
2025-08-27 18:00:00,10000,111890.3
2025-08-27 19:00:00,10000,112032.8
2025-08-27 20:00:00,10000,112363.1
2025-08-27 21:00:00,10000,111480.7
2025-08-27 22:00:00,10000,111355.1
2025-08-27 23:00:00,10000,111194.9
2025-08-28 00:00:00,10000,111287.0
2025-08-28 01:00:00,10000,111600.1
2025-08-28 02:00:00,10000,111442.4
2025-08-28 03:00:00,10000,111954.1
2025-08-28 04:00:00,10000,112931.2
2025-08-28 05:00:00,10000,112807.9
2025-08-28 06:00:00,10000,113160.3
2025-08-28 07:00:00,10000,113079.2
2025-08-28 08:00:00,10000,113072.0
2025-08-28 09:00:00,10000,112819.9
2025-08-28 10:00:00,10000,113075.5
2025-08-28 11:00:00,10000,112876.5
2025-08-28 12:00:00,10000,113187.6
2025-08-28 13:00:00,10000,112787.1
2025-08-28 14:00:00,10000,113115.5
2025-08-28 15:00:00,10000,112633.1
2025-08-28 16:00:00,10000,112283.2
2025-08-28 17:00:00,10000,112338.8
2025-08-28 18:00:00,10000,112318.2
2025-08-28 19:00:00,10000,111864.7
2025-08-28 20:00:00,10000,111850.0
2025-08-28 21:00:00,10000,111965.1
2025-08-28 22:00:00,10000,112292.0
2025-08-28 23:00:00,10000,112507.3
2025-08-29 00:00:00,10000,112160.8
2025-08-29 01:00:00,10000,111425.0
2025-08-29 02:00:00,10000,111370.1
2025-08-29 03:00:00,10000,111648.6
2025-08-29 04:00:00,10000,111456.8
2025-08-29 05:00:00,10000,111265.8
2025-08-29 06:00:00,10000,111223.9
2025-08-29 07:00:00,10069.116353302274,109969.0
2025-08-29 08:00:00,10069.116353302274,109579.7
2025-08-29 09:00:00,10069.116353302274,109710.6
2025-08-29 10:00:00,10069.116353302274,109949.8
2025-08-29 11:00:00,10069.116353302274,110047.8
2025-08-29 12:00:00,10069.116353302274,110667.7
2025-08-29 13:00:00,10069.116353302274,109056.4
2025-08-29 14:00:00,10069.116353302274,108154.5
2025-08-29 15:00:00,10069.116353302274,108334.4
2025-08-29 16:00:00,10069.116353302274,108648.0
2025-08-29 17:00:00,10069.116353302274,108411.5
2025-08-29 18:00:00,10069.116353302274,108092.5
2025-08-29 19:00:00,10069.116353302274,108155.5
2025-08-29 20:00:00,10069.116353302274,107742.6
2025-08-29 21:00:00,10069.116353302274,108393.4
2025-08-29 22:00:00,10069.116353302274,108337.5
2025-08-29 23:00:00,10069.116353302274,108332.4
2025-08-30 00:00:00,10069.116353302274,108259.4
2025-08-30 01:00:00,10069.116353302274,107404.9
2025-08-30 02:00:00,10069.116353302274,107738.3
2025-08-30 03:00:00,10069.116353302274,108367.9
2025-08-30 04:00:00,10069.116353302274,108373.8
2025-08-30 05:00:00,10069.116353302274,108300.1
2025-08-30 06:00:00,10069.116353302274,108276.0
2025-08-30 07:00:00,10069.116353302274,108466.6
2025-08-30 08:00:00,10069.116353302274,108521.8
2025-08-30 09:00:00,10069.116353302274,108476.0
2025-08-30 10:00:00,10069.116353302274,108380.8
2025-08-30 11:00:00,10069.116353302274,108638.6
2025-08-30 12:00:00,10069.116353302274,108563.9
2025-08-30 13:00:00,10069.116353302274,108492.3
2025-08-30 14:00:00,10069.116353302274,108607.2
2025-08-30 15:00:00,10069.116353302274,108809.8
2025-08-30 16:00:00,10069.116353302274,108762.1
2025-08-30 17:00:00,10069.116353302274,108729.0
2025-08-30 18:00:00,10069.116353302274,108684.7
2025-08-30 19:00:00,10069.116353302274,108769.4
2025-08-30 20:00:00,10069.116353302274,108596.4
2025-08-30 21:00:00,10069.116353302274,108528.4
2025-08-30 22:00:00,10069.116353302274,108473.5
2025-08-30 23:00:00,10069.116353302274,108757.9
2025-08-31 00:00:00,10069.116353302274,109339.9
2025-08-31 01:00:00,10069.116353302274,109380.0
2025-08-31 02:00:00,10069.116353302274,109171.6
2025-08-31 03:00:00,10069.116353302274,109175.4
2025-08-31 04:00:00,10069.116353302274,108775.0
2025-08-31 05:00:00,10011.12029174694,108708.0
2025-08-31 06:00:00,10011.12029174694,108667.9
2025-08-31 07:00:00,10011.12029174694,108656.9
2025-08-31 08:00:00,10011.12029174694,108965.1
2025-08-31 09:00:00,10011.12029174694,108471.0
2025-08-31 10:00:00,10011.12029174694,108526.6
2025-08-31 11:00:00,10011.12029174694,108350.0
2025-08-31 12:00:00,10011.12029174694,108279.4
2025-08-31 13:00:00,10011.12029174694,108376.0
2025-08-31 14:00:00,10011.12029174694,108422.6
2025-08-31 15:00:00,10011.12029174694,108758.2
2025-08-31 16:00:00,10011.12029174694,108867.0
2025-08-31 17:00:00,10011.12029174694,108945.0
2025-08-31 18:00:00,10011.12029174694,109089.0
2025-08-31 19:00:00,10011.12029174694,108877.2
2025-08-31 20:00:00,10011.12029174694,109079.3
2025-08-31 21:00:00,10011.12029174694,108986.4
2025-08-31 22:00:00,10011.12029174694,108842.4
2025-08-31 23:00:00,10011.12029174694,108208.4
2025-09-01 00:00:00,10011.12029174694,108180.1
2025-09-01 01:00:00,10011.12029174694,108110.0
2025-09-01 02:00:00,10011.12029174694,107590.4
2025-09-01 03:00:00,10076.86383273952,107619.1
2025-09-01 04:00:00,10076.86383273952,107369.2
2025-09-01 05:00:00,10076.86383273952,107811.2
2025-09-01 06:00:00,10076.86383273952,108019.9
2025-09-01 07:00:00,10076.86383273952,109390.3
2025-09-01 08:00:00,10076.86383273952,109552.2
2025-09-01 09:00:00,10076.86383273952,109485.3
2025-09-01 10:00:00,10020.670278905918,108526.5
2025-09-01 11:00:00,10020.670278905918,108721.9
2025-09-01 12:00:00,10020.670278905918,109055.0
2025-09-01 13:00:00,10020.670278905918,108974.8
2025-09-01 14:00:00,10020.670278905918,109105.1
2025-09-01 15:00:00,10020.670278905918,108738.0
2025-09-01 16:00:00,10020.670278905918,108732.6
2025-09-01 17:00:00,10020.670278905918,108882.0
2025-09-01 18:00:00,10020.670278905918,109188.4
2025-09-01 19:00:00,10020.670278905918,109178.7
2025-09-01 20:00:00,10020.670278905918,108839.7
2025-09-01 21:00:00,10020.670278905918,107744.5
2025-09-01 22:00:00,10020.670278905918,108386.2
2025-09-01 23:00:00,9965.923363881338,109187.9
2025-09-02 00:00:00,9965.923363881338,108985.3
2025-09-02 01:00:00,9965.923363881338,109262.3
2025-09-02 02:00:00,9965.923363881338,110210.1
2025-09-02 03:00:00,9965.923363881338,110286.0
2025-09-02 04:00:00,9965.923363881338,110272.1
2025-09-02 05:00:00,9965.923363881338,110164.6
2025-09-02 06:00:00,9965.923363881338,110326.7
2025-09-02 07:00:00,9965.923363881338,110190.1
2025-09-02 08:00:00,9965.923363881338,110313.9
2025-09-02 09:00:00,9965.923363881338,110408.0
2025-09-02 10:00:00,9965.923363881338,110202.7
2025-09-02 11:00:00,9965.923363881338,109698.6
2025-09-02 12:00:00,9965.923363881338,108749.6
2025-09-02 13:00:00,10035.628501724736,111113.4
2025-09-02 14:00:00,10035.628501724736,111308.5
2025-09-02 15:00:00,10035.628501724736,110789.9
2025-09-02 16:00:00,10035.628501724736,110745.7
2025-09-02 17:00:00,10035.628501724736,110853.8
2025-09-02 18:00:00,10035.628501724736,110584.1
2025-09-02 19:00:00,10035.628501724736,110742.9
2025-09-02 20:00:00,10035.628501724736,111356.1
2025-09-02 21:00:00,10035.628501724736,111066.1
2025-09-02 22:00:00,10035.628501724736,111216.1
2025-09-02 23:00:00,10035.628501724736,111188.0
2025-09-03 00:00:00,10035.628501724736,111283.2
2025-09-03 01:00:00,10035.628501724736,111120.0
2025-09-03 02:00:00,10035.628501724736,111327.9
2025-09-03 03:00:00,10035.628501724736,110991.7
2025-09-03 04:00:00,10035.628501724736,110966.7
2025-09-03 05:00:00,10035.628501724736,110647.6
2025-09-03 06:00:00,10035.628501724736,110676.6
2025-09-03 07:00:00,10035.628501724736,111041.5
2025-09-03 08:00:00,10035.628501724736,110974.9
2025-09-03 09:00:00,10035.628501724736,111261.2
2025-09-03 10:00:00,10035.628501724736,111402.0
2025-09-03 11:00:00,10035.628501724736,111391.6
2025-09-03 12:00:00,10035.628501724736,111051.0
2025-09-03 13:00:00,10035.628501724736,111409.4
2025-09-03 14:00:00,10035.628501724736,112208.3
2025-09-03 15:00:00,10035.628501724736,112168.6
2025-09-03 16:00:00,10035.628501724736,111810.0
2025-09-03 17:00:00,10035.628501724736,112251.8
2025-09-03 18:00:00,10035.628501724736,111952.8
2025-09-03 19:00:00,10035.628501724736,112139.9
2025-09-03 20:00:00,10035.628501724736,112166.8
2025-09-03 21:00:00,10035.628501724736,111936.6
2025-09-03 22:00:00,10035.628501724736,111899.9
2025-09-03 23:00:00,10035.628501724736,111659.8
2025-09-04 00:00:00,10035.628501724736,112015.4
2025-09-04 01:00:00,10035.628501724736,111900.0
2025-09-04 02:00:00,10035.628501724736,111409.6
2025-09-04 03:00:00,10035.628501724736,111107.1
2025-09-04 04:00:00,10035.628501724736,110870.8
2025-09-04 05:00:00,10035.628501724736,110613.3
2025-09-04 06:00:00,10035.628501724736,110350.0
2025-09-04 07:00:00,10035.628501724736,110417.3
2025-09-04 08:00:00,10035.628501724736,110595.3
2025-09-04 09:00:00,10035.628501724736,110764.1
2025-09-04 10:00:00,10035.628501724736,110569.0
2025-09-04 11:00:00,10035.628501724736,110763.9
2025-09-04 12:00:00,10035.628501724736,110887.6
2025-09-04 13:00:00,10035.628501724736,110421.2
2025-09-04 14:00:00,10035.628501724736,109799.9
2025-09-04 15:00:00,10035.628501724736,109448.0
2025-09-04 16:00:00,10035.628501724736,109384.9
2025-09-04 17:00:00,10035.628501724736,109728.3
2025-09-04 18:00:00,10035.628501724736,109918.6
2025-09-04 19:00:00,10035.628501724736,109753.9
2025-09-04 20:00:00,10035.628501724736,110350.0
2025-09-04 21:00:00,10035.628501724736,110445.8
2025-09-04 22:00:00,10035.628501724736,111454.9
2025-09-04 23:00:00,10035.628501724736,110679.4
2025-09-05 00:00:00,10035.628501724736,110418.0
2025-09-05 01:00:00,10035.628501724736,111079.9
2025-09-05 02:00:00,10035.628501724736,111297.7
2025-09-05 03:00:00,10035.628501724736,111266.9
2025-09-05 04:00:00,10035.628501724736,111396.7
2025-09-05 05:00:00,10035.628501724736,111524.2
2025-09-05 06:00:00,10035.628501724736,111860.0
2025-09-05 07:00:00,9978.741358564175,112900.1
2025-09-05 08:00:00,9978.741358564175,112589.0
2025-09-05 09:00:00,9978.741358564175,112252.8
2025-09-05 10:00:00,9978.741358564175,112199.1
2025-09-05 11:00:00,9978.741358564175,112299.6
2025-09-05 12:00:00,9978.741358564175,113159.1
2025-09-05 13:00:00,9978.741358564175,113028.4
2025-09-05 14:00:00,9978.741358564175,110527.4
2025-09-05 15:00:00,9978.741358564175,110674.1
2025-09-05 16:00:00,9978.741358564175,110767.3
2025-09-05 17:00:00,9978.741358564175,110567.2
2025-09-05 18:00:00,9978.741358564175,111146.0
2025-09-05 19:00:00,9978.741358564175,111550.1
2025-09-05 20:00:00,9978.741358564175,111581.8
2025-09-05 21:00:00,9978.741358564175,110544.1
2025-09-05 22:00:00,9978.741358564175,110745.2
2025-09-05 23:00:00,9978.741358564175,110614.9
2025-09-06 00:00:00,9978.741358564175,110729.4
2025-09-06 01:00:00,9978.741358564175,110817.6
2025-09-06 02:00:00,9978.741358564175,111170.1
2025-09-06 03:00:00,9978.741358564175,111034.0
2025-09-06 04:00:00,9978.741358564175,110834.8
2025-09-06 05:00:00,9978.741358564175,110678.7
2025-09-06 06:00:00,9978.741358564175,110705.1
2025-09-06 07:00:00,9978.741358564175,110779.9
2025-09-06 08:00:00,9978.741358564175,110906.5
2025-09-06 09:00:00,9978.741358564175,110653.1
2025-09-06 10:00:00,9978.741358564175,110734.2
2025-09-06 11:00:00,9978.741358564175,110732.9
2025-09-06 12:00:00,9978.741358564175,110786.6
2025-09-06 13:00:00,9978.741358564175,110882.1
2025-09-06 14:00:00,9978.741358564175,110760.8
2025-09-06 15:00:00,9978.741358564175,110324.1
2025-09-06 16:00:00,9978.741358564175,110206.2
2025-09-06 17:00:00,9978.741358564175,110096.1
2025-09-06 18:00:00,9978.741358564175,110176.3
2025-09-06 19:00:00,9978.741358564175,109986.7
2025-09-06 20:00:00,9978.741358564175,110121.0
2025-09-06 21:00:00,9978.741358564175,110158.1
2025-09-06 22:00:00,9978.741358564175,110114.9
2025-09-06 23:00:00,9978.741358564175,110135.3
2025-09-07 00:00:00,9978.741358564175,110306.0
2025-09-07 01:00:00,9978.741358564175,110502.2
2025-09-07 02:00:00,9978.741358564175,110610.0
2025-09-07 03:00:00,9978.741358564175,110579.8
2025-09-07 04:00:00,9978.741358564175,110514.5
2025-09-07 05:00:00,9978.741358564175,110607.0
2025-09-07 06:00:00,9978.741358564175,110458.5
2025-09-07 07:00:00,9978.741358564175,110710.8
2025-09-07 08:00:00,9978.741358564175,111022.8
2025-09-07 09:00:00,9978.741358564175,111074.6
2025-09-07 10:00:00,9978.741358564175,111170.3
2025-09-07 11:00:00,9978.741358564175,111249.5
2025-09-07 12:00:00,9978.741358564175,111074.3
2025-09-07 13:00:00,9978.741358564175,111168.1
2025-09-07 14:00:00,9978.741358564175,111092.1
2025-09-07 15:00:00,9978.741358564175,111276.2
2025-09-07 16:00:00,9978.741358564175,111158.0
2025-09-07 17:00:00,9978.741358564175,110925.6
2025-09-07 18:00:00,9978.741358564175,111011.8
2025-09-07 19:00:00,9978.741358564175,111217.0
2025-09-07 20:00:00,9978.741358564175,111282.8
2025-09-07 21:00:00,9978.741358564175,111006.4
2025-09-07 22:00:00,9978.741358564175,111197.9
2025-09-07 23:00:00,9978.741358564175,111076.0
2025-09-08 00:00:00,9978.741358564175,110786.5
2025-09-08 01:00:00,9978.741358564175,110847.0
2025-09-08 02:00:00,9978.741358564175,111199.9
2025-09-08 03:00:00,9978.741358564175,111004.9
2025-09-08 04:00:00,9978.741358564175,110934.7
2025-09-08 05:00:00,9978.741358564175,110984.8
2025-09-08 06:00:00,9978.741358564175,111068.4
2025-09-08 07:00:00,9978.741358564175,111236.4
2025-09-08 08:00:00,9978.741358564175,111640.0
2025-09-08 09:00:00,9922.192171653684,112059.9
2025-09-08 10:00:00,9922.192171653684,112005.5
2025-09-08 11:00:00,9922.192171653684,112022.0
2025-09-08 12:00:00,9922.192171653684,111990.1
2025-09-08 13:00:00,9922.192171653684,111864.3
2025-09-08 14:00:00,9922.192171653684,112586.2
2025-09-08 15:00:00,9922.192171653684,112573.6
2025-09-08 16:00:00,9922.192171653684,112345.8
2025-09-08 17:00:00,9922.192171653684,112168.1
2025-09-08 18:00:00,9922.192171653684,112425.3
2025-09-08 19:00:00,9922.192171653684,112051.0
2025-09-08 20:00:00,9922.192171653684,111919.4
2025-09-08 21:00:00,9922.192171653684,112271.8
2025-09-08 22:00:00,9922.192171653684,112186.7
2025-09-08 23:00:00,9922.192171653684,112012.6
2025-09-09 00:00:00,9922.192171653684,111597.9
2025-09-09 01:00:00,9922.192171653684,111313.1
2025-09-09 02:00:00,9922.192171653684,111280.0
2025-09-09 03:00:00,9922.192171653684,111657.6
2025-09-09 04:00:00,9922.192171653684,111979.9
2025-09-09 05:00:00,9865.936879996723,112152.2
2025-09-09 06:00:00,9865.936879996723,112989.5
2025-09-09 07:00:00,9865.936879996723,112950.1
2025-09-09 08:00:00,9865.936879996723,112965.8
2025-09-09 09:00:00,9865.936879996723,112928.7
2025-09-09 10:00:00,9865.936879996723,112690.2
2025-09-09 11:00:00,9865.936879996723,112397.4
2025-09-09 12:00:00,9865.936879996723,112626.5
2025-09-09 13:00:00,9865.936879996723,112712.9
2025-09-09 14:00:00,9865.936879996723,111709.5
2025-09-09 15:00:00,9810.308200683341,110830.1
2025-09-09 16:00:00,9810.308200683341,110915.1
2025-09-09 17:00:00,9810.308200683341,110984.9
2025-09-09 18:00:00,9810.308200683341,111097.9
2025-09-09 19:00:00,9810.308200683341,111242.3
2025-09-09 20:00:00,9810.308200683341,111487.4
2025-09-09 21:00:00,9810.308200683341,111241.9
2025-09-09 22:00:00,9810.308200683341,111510.0
2025-09-09 23:00:00,9810.308200683341,111499.9
2025-09-10 00:00:00,9810.308200683341,110971.3
2025-09-10 01:00:00,9810.308200683341,110955.8
2025-09-10 02:00:00,9810.308200683341,111357.6
2025-09-10 03:00:00,9810.308200683341,111498.9
2025-09-10 04:00:00,9810.308200683341,111482.1
2025-09-10 05:00:00,9810.308200683341,111529.9
2025-09-10 06:00:00,9756.583411497946,111742.8
2025-09-10 07:00:00,9756.583411497946,112500.1
2025-09-10 08:00:00,9756.583411497946,112333.0
2025-09-10 09:00:00,9756.583411497946,112240.3
2025-09-10 10:00:00,9756.583411497946,112234.1
2025-09-10 11:00:00,9756.583411497946,112266.4
2025-09-10 12:00:00,9756.583411497946,113388.0
2025-09-10 13:00:00,9821.987142504935,113911.3
2025-09-10 14:00:00,9821.987142504935,113872.4
2025-09-10 15:00:00,9821.987142504935,113801.3
2025-09-10 16:00:00,9821.987142504935,113723.9
2025-09-10 17:00:00,9821.987142504935,113693.8
2025-09-10 18:00:00,9821.987142504935,113550.0
2025-09-10 19:00:00,9821.987142504935,113525.2
2025-09-10 20:00:00,9821.987142504935,113513.6
2025-09-10 21:00:00,9821.987142504935,113782.8
2025-09-10 22:00:00,9821.987142504935,113831.5
2025-09-10 23:00:00,9821.987142504935,113896.8
2025-09-11 00:00:00,9821.987142504935,113833.5
2025-09-11 01:00:00,9821.987142504935,113852.4
2025-09-11 02:00:00,9821.987142504935,113774.8
2025-09-11 03:00:00,9821.987142504935,114354.4
2025-09-11 04:00:00,9821.987142504935,114102.9
2025-09-11 05:00:00,9821.987142504935,114215.1
2025-09-11 06:00:00,9821.987142504935,114279.6
2025-09-11 07:00:00,9821.987142504935,114040.0
2025-09-11 08:00:00,9821.987142504935,114005.6
2025-09-11 09:00:00,9821.987142504935,113857.5
2025-09-11 10:00:00,9821.987142504935,114003.1
2025-09-11 11:00:00,9821.987142504935,113960.9
2025-09-11 12:00:00,9821.987142504935,113929.9
2025-09-11 13:00:00,9821.987142504935,114577.5
2025-09-11 14:00:00,9821.987142504935,114400.1
2025-09-11 15:00:00,9821.987142504935,114122.3
2025-09-11 16:00:00,9821.987142504935,114428.4
2025-09-11 17:00:00,9821.987142504935,114534.1
2025-09-11 18:00:00,9821.987142504935,114254.5
2025-09-11 19:00:00,9821.987142504935,114370.5
2025-09-11 20:00:00,9821.987142504935,114343.1
2025-09-11 21:00:00,9821.987142504935,114426.4
2025-09-11 22:00:00,9821.987142504935,115037.3
2025-09-11 23:00:00,9821.987142504935,115427.0
2025-09-12 00:00:00,9821.987142504935,115795.1
2025-09-12 01:00:00,9821.987142504935,115329.5
2025-09-12 02:00:00,9821.987142504935,115332.5
2025-09-12 03:00:00,9821.987142504935,115138.3
2025-09-12 04:00:00,9821.987142504935,115314.5
2025-09-12 05:00:00,9821.987142504935,115559.6
2025-09-12 06:00:00,9821.987142504935,115270.5
2025-09-12 07:00:00,9821.987142504935,115049.0
2025-09-12 08:00:00,9821.987142504935,115013.9
2025-09-12 09:00:00,9821.987142504935,115010.0
2025-09-12 10:00:00,9821.987142504935,114928.4
2025-09-12 11:00:00,9821.987142504935,114863.0
2025-09-12 12:00:00,9821.987142504935,115035.5
2025-09-12 13:00:00,9821.987142504935,115114.6
2025-09-12 14:00:00,9821.987142504935,115213.6
2025-09-12 15:00:00,9821.987142504935,115064.9
2025-09-12 16:00:00,9821.987142504935,115435.0
2025-09-12 17:00:00,9821.987142504935,115746.4
2025-09-12 18:00:00,9821.987142504935,116423.9
2025-09-12 19:00:00,9821.987142504935,116561.1
2025-09-12 20:00:00,9821.987142504935,116088.3
2025-09-12 21:00:00,9821.987142504935,115810.5
2025-09-12 22:00:00,9821.987142504935,115972.9
2025-09-12 23:00:00,9821.987142504935,115978.4
2025-09-13 00:00:00,9821.987142504935,116155.1
2025-09-13 01:00:00,9821.987142504935,115703.2
2025-09-13 02:00:00,9821.987142504935,115832.1
2025-09-13 03:00:00,9821.987142504935,115913.6
2025-09-13 04:00:00,9821.987142504935,115650.1
2025-09-13 05:00:00,9821.987142504935,115656.7
2025-09-13 06:00:00,9821.987142504935,115695.7
2025-09-13 07:00:00,9821.987142504935,115715.5
2025-09-13 08:00:00,9821.987142504935,115913.3
2025-09-13 09:00:00,9821.987142504935,115969.7
2025-09-13 10:00:00,9821.987142504935,115882.7
2025-09-13 11:00:00,9821.987142504935,115912.9
2025-09-13 12:00:00,9821.987142504935,115947.5
2025-09-13 13:00:00,9821.987142504935,115706.4
2025-09-13 14:00:00,9821.987142504935,115750.0
2025-09-13 15:00:00,9821.987142504935,115721.3
2025-09-13 16:00:00,9821.987142504935,115286.6
2025-09-13 17:00:00,9821.987142504935,115518.7
2025-09-13 18:00:00,9821.987142504935,115594.0
2025-09-13 19:00:00,9821.987142504935,115751.4
2025-09-13 20:00:00,9821.987142504935,115837.2
2025-09-13 21:00:00,9821.987142504935,115849.7
2025-09-13 22:00:00,9821.987142504935,115828.2
2025-09-13 23:00:00,9821.987142504935,115862.7
2025-09-14 00:00:00,9821.987142504935,115884.4
2025-09-14 01:00:00,9821.987142504935,115907.4
2025-09-14 02:00:00,9765.328929321016,115809.8
2025-09-14 03:00:00,9765.328929321016,115626.0
2025-09-14 04:00:00,9765.328929321016,115693.2
2025-09-14 05:00:00,9765.328929321016,115810.1
2025-09-14 06:00:00,9765.328929321016,115684.1
2025-09-14 07:00:00,9765.328929321016,115746.0
2025-09-14 08:00:00,9765.328929321016,115887.4
2025-09-14 09:00:00,9765.328929321016,115996.2
2025-09-14 10:00:00,9765.328929321016,115979.5
2025-09-14 11:00:00,9765.328929321016,115750.0
2025-09-14 12:00:00,9765.328929321016,115727.2
2025-09-14 13:00:00,9765.328929321016,115279.5
2025-09-14 14:00:00,9765.328929321016,115350.8
2025-09-14 15:00:00,9765.328929321016,115162.2
2025-09-14 16:00:00,9765.328929321016,115422.7
2025-09-14 17:00:00,9765.328929321016,115502.9
2025-09-14 18:00:00,9765.328929321016,115333.1
2025-09-14 19:00:00,9765.328929321016,115597.4
2025-09-14 20:00:00,9765.328929321016,115745.0
2025-09-14 21:00:00,9707.175708414405,116023.3
2025-09-14 22:00:00,9707.175708414405,115957.0
2025-09-14 23:00:00,9649.822983750491,115210.0
2025-09-15 00:00:00,9649.822983750491,115023.4
2025-09-15 01:00:00,9649.822983750491,115178.3
2025-09-15 02:00:00,9649.822983750491,115318.6
2025-09-15 03:00:00,9649.822983750491,115387.6
2025-09-15 04:00:00,9593.863699945348,116006.5
2025-09-15 05:00:00,9593.863699945348,116474.2
2025-09-15 06:00:00,9593.863699945348,116077.8
2025-09-15 07:00:00,9538.99818449833,115769.5
2025-09-15 08:00:00,9538.99818449833,114697.0
2025-09-15 09:00:00,9538.99818449833,114820.1
2025-09-15 10:00:00,9538.99818449833,114729.1
2025-09-15 11:00:00,9538.99818449833,115009.0
2025-09-15 12:00:00,9538.99818449833,114686.7
2025-09-15 13:00:00,9538.99818449833,114610.7
2025-09-15 14:00:00,9538.99818449833,114618.3
2025-09-15 15:00:00,9538.99818449833,114788.4
2025-09-15 16:00:00,9538.99818449833,114618.9
2025-09-15 17:00:00,9538.99818449833,115075.9
2025-09-15 18:00:00,9538.99818449833,115252.7
2025-09-15 19:00:00,9538.99818449833,115246.7
2025-09-15 20:00:00,9538.99818449833,115331.0
2025-09-15 21:00:00,9538.99818449833,115456.6
2025-09-15 22:00:00,9538.99818449833,115224.1
2025-09-15 23:00:00,9538.99818449833,115300.6
2025-09-16 00:00:00,9538.99818449833,115033.5
2025-09-16 01:00:00,9538.99818449833,114964.4
2025-09-16 02:00:00,9538.99818449833,114969.9
2025-09-16 03:00:00,9538.99818449833,115250.9
2025-09-16 04:00:00,9538.99818449833,115458.3
2025-09-16 05:00:00,9485.462132221755,115893.3
2025-09-16 06:00:00,9485.462132221755,115724.0
2025-09-16 07:00:00,9485.462132221755,115799.4
2025-09-16 08:00:00,9485.462132221755,115616.4
2025-09-16 09:00:00,9485.462132221755,115420.5
2025-09-16 10:00:00,9485.462132221755,115318.5
2025-09-16 11:00:00,9485.462132221755,115222.2
2025-09-16 12:00:00,9485.462132221755,115393.1
2025-09-16 13:00:00,9485.462132221755,115154.6
2025-09-16 14:00:00,9485.462132221755,115231.1
2025-09-16 15:00:00,9485.462132221755,115877.9
2025-09-16 16:00:00,9485.462132221755,116021.0
2025-09-16 17:00:00,9485.462132221755,116414.8
2025-09-16 18:00:00,9485.462132221755,116372.6
2025-09-16 19:00:00,9485.462132221755,116758.0
2025-09-16 20:00:00,9485.462132221755,116783.7
2025-09-16 21:00:00,9485.462132221755,116757.1
2025-09-16 22:00:00,9485.462132221755,116802.8
2025-09-16 23:00:00,9485.462132221755,116747.3
2025-09-17 00:00:00,9485.462132221755,116512.9
2025-09-17 01:00:00,9485.462132221755,116621.9
2025-09-17 02:00:00,9485.462132221755,116633.2
2025-09-17 03:00:00,9485.462132221755,116320.1
2025-09-17 04:00:00,9485.462132221755,116264.8
2025-09-17 05:00:00,9485.462132221755,117070.5
2025-09-17 06:00:00,9485.462132221755,117180.4
2025-09-17 07:00:00,9485.462132221755,117120.5
2025-09-17 08:00:00,9485.462132221755,116801.0
2025-09-17 09:00:00,9485.462132221755,116503.9
2025-09-17 10:00:00,9485.462132221755,116317.5
2025-09-17 11:00:00,9485.462132221755,116200.1
2025-09-17 12:00:00,9485.462132221755,116150.0
2025-09-17 13:00:00,9485.462132221755,116066.9
2025-09-17 14:00:00,9485.462132221755,115557.6
2025-09-17 15:00:00,9485.462132221755,115825.1
2025-09-17 16:00:00,9485.462132221755,115594.5
2025-09-17 17:00:00,9485.462132221755,115464.0
2025-09-17 18:00:00,9485.462132221755,115184.1
2025-09-17 19:00:00,9485.462132221755,115587.6
2025-09-17 20:00:00,9485.462132221755,115561.5
2025-09-17 21:00:00,9485.462132221755,115986.8
2025-09-17 22:00:00,9432.256667982188,116507.9
2025-09-17 23:00:00,9432.256667982188,116402.5
2025-09-18 00:00:00,9432.256667982188,116291.8
2025-09-18 01:00:00,9432.256667982188,116587.2
2025-09-18 02:00:00,9432.256667982188,116888.4
2025-09-18 03:00:00,9432.256667982188,117531.2
2025-09-18 04:00:00,9432.256667982188,117567.3
2025-09-18 05:00:00,9432.256667982188,117228.0
2025-09-18 06:00:00,9432.256667982188,117044.8
2025-09-18 07:00:00,9432.256667982188,117033.6
2025-09-18 08:00:00,9432.256667982188,117187.1
2025-09-18 09:00:00,9432.256667982188,117251.4
2025-09-18 10:00:00,9432.256667982188,117143.4
2025-09-18 11:00:00,9432.256667982188,117015.0
2025-09-18 12:00:00,9432.256667982188,117074.0
2025-09-18 13:00:00,9432.256667982188,117381.5
2025-09-18 14:00:00,9432.256667982188,117575.1
2025-09-18 15:00:00,9432.256667982188,117530.3
2025-09-18 16:00:00,9432.256667982188,117510.6
2025-09-18 17:00:00,9432.256667982188,117530.2
2025-09-18 18:00:00,9432.256667982188,117760.0
2025-09-18 19:00:00,9432.256667982188,117403.0
2025-09-18 20:00:00,9432.256667982188,117454.8
2025-09-18 21:00:00,9432.256667982188,117233.0
2025-09-18 22:00:00,9432.256667982188,116995.0
2025-09-18 23:00:00,9432.256667982188,117017.1
2025-09-19 00:00:00,9432.256667982188,117359.9
2025-09-19 01:00:00,9432.256667982188,117184.0
2025-09-19 02:00:00,9432.256667982188,117054.8
2025-09-19 03:00:00,9432.256667982188,116914.2
2025-09-19 04:00:00,9432.256667982188,116929.4
2025-09-19 05:00:00,9432.256667982188,116837.5
2025-09-19 06:00:00,9432.256667982188,116633.2
2025-09-19 07:00:00,9432.256667982188,116850.1
2025-09-19 08:00:00,9432.256667982188,116862.6
2025-09-19 09:00:00,9432.256667982188,116437.7
2025-09-19 10:00:00,9432.256667982188,116476.7
2025-09-19 11:00:00,9432.256667982188,116343.1
2025-09-19 12:00:00,9432.256667982188,116124.1
2025-09-19 13:00:00,9432.256667982188,116238.7
2025-09-19 14:00:00,9432.256667982188,115849.7
2025-09-19 15:00:00,9432.256667982188,115826.9
2025-09-19 16:00:00,9432.256667982188,116029.9
2025-09-19 17:00:00,9432.256667982188,115490.9
2025-09-19 18:00:00,9379.3120287257,115365.7
2025-09-19 19:00:00,9379.3120287257,115082.4
2025-09-19 20:00:00,9379.3120287257,115306.6
2025-09-19 21:00:00,9379.3120287257,115411.5
2025-09-19 22:00:00,9379.3120287257,115550.5
2025-09-19 23:00:00,9379.3120287257,115569.5
2025-09-20 00:00:00,9379.3120287257,115656.4
2025-09-20 01:00:00,9379.3120287257,115562.6
2025-09-20 02:00:00,9379.3120287257,115544.4
2025-09-20 03:00:00,9379.3120287257,115394.2
2025-09-20 04:00:00,9379.3120287257,115511.9
2025-09-20 05:00:00,9379.3120287257,115655.3
2025-09-20 06:00:00,9379.3120287257,115643.4
2025-09-20 07:00:00,9379.3120287257,115909.8
2025-09-20 08:00:00,9379.3120287257,115645.0
2025-09-20 09:00:00,9379.3120287257,115605.7
2025-09-20 10:00:00,9379.3120287257,115688.4
2025-09-20 11:00:00,9379.3120287257,115834.9
2025-09-20 12:00:00,9379.3120287257,115820.2
2025-09-20 13:00:00,9379.3120287257,115859.0
2025-09-20 14:00:00,9379.3120287257,115899.1
2025-09-20 15:00:00,9379.3120287257,115928.5
2025-09-20 16:00:00,9379.3120287257,115965.8
2025-09-20 17:00:00,9379.3120287257,115760.0
2025-09-20 18:00:00,9379.3120287257,115654.2
2025-09-20 19:00:00,9379.3120287257,115636.6
2025-09-20 20:00:00,9379.3120287257,115653.6
2025-09-20 21:00:00,9379.3120287257,115724.2
2025-09-20 22:00:00,9379.3120287257,115703.2
2025-09-20 23:00:00,9379.3120287257,115624.9
2025-09-21 00:00:00,9379.3120287257,115587.3
2025-09-21 01:00:00,9332.958106458855,115435.1
2025-09-21 02:00:00,9332.958106458855,115635.6
2025-09-21 03:00:00,9332.958106458855,115613.8
2025-09-21 04:00:00,9332.958106458855,115440.1
2025-09-21 05:00:00,9332.958106458855,115623.9
2025-09-21 06:00:00,9332.958106458855,115633.3
2025-09-21 07:00:00,9332.958106458855,115772.9
2025-09-21 08:00:00,9332.958106458855,115583.2
2025-09-21 09:00:00,9332.958106458855,115626.2
2025-09-21 10:00:00,9332.958106458855,115465.1
2025-09-21 11:00:00,9332.958106458855,115559.3
2025-09-21 12:00:00,9332.958106458855,115623.8
2025-09-21 13:00:00,9332.958106458855,115611.0
2025-09-21 14:00:00,9332.958106458855,115446.4
2025-09-21 15:00:00,9332.958106458855,115471.1
2025-09-21 16:00:00,9332.958106458855,115270.8
2025-09-21 17:00:00,9332.958106458855,115581.3
2025-09-21 18:00:00,9332.958106458855,115481.6
2025-09-21 19:00:00,9332.958106458855,115441.0
2025-09-21 20:00:00,9332.958106458855,115256.3
2025-09-21 21:00:00,9332.958106458855,115364.0
2025-09-21 22:00:00,9332.958106458855,115485.6
2025-09-21 23:00:00,9332.958106458855,115183.9
2025-09-22 00:00:00,9332.958106458855,114335.9
2025-09-22 01:00:00,9332.958106458855,114211.8
2025-09-22 02:00:00,9332.958106458855,114126.0
2025-09-22 03:00:00,9332.958106458855,114602.9
2025-09-22 04:00:00,9332.958106458855,114380.1
2025-09-22 05:00:00,9332.958106458855,113635.6
2025-09-22 06:00:00,9332.958106458855,112748.8
2025-09-22 07:00:00,9332.958106458855,112454.4
2025-09-22 08:00:00,9332.958106458855,112568.3
2025-09-22 09:00:00,9332.958106458855,112288.6
2025-09-22 10:00:00,9332.958106458855,112732.6
2025-09-22 11:00:00,9332.958106458855,112814.1
2025-09-22 12:00:00,9332.958106458855,112682.1
2025-09-22 13:00:00,9332.958106458855,113087.1
2025-09-22 14:00:00,9332.958106458855,112892.0
2025-09-22 15:00:00,9332.958106458855,112768.7
2025-09-22 16:00:00,9332.958106458855,112558.3
2025-09-22 17:00:00,9332.958106458855,112350.0
2025-09-22 18:00:00,9332.958106458855,112385.6
2025-09-22 19:00:00,9332.958106458855,112072.9
2025-09-22 20:00:00,9332.958106458855,112732.1
2025-09-22 21:00:00,9332.958106458855,112922.9
2025-09-22 22:00:00,9332.958106458855,112584.1
2025-09-22 23:00:00,9332.958106458855,112604.7
2025-09-23 00:00:00,9332.958106458855,112347.2
2025-09-23 01:00:00,9332.958106458855,112115.2
2025-09-23 02:00:00,9332.958106458855,111760.4
2025-09-23 03:00:00,9332.958106458855,112294.0
2025-09-23 04:00:00,9332.958106458855,112377.6
2025-09-23 05:00:00,9332.958106458855,112616.6
2025-09-23 06:00:00,9332.958106458855,112924.1
2025-09-23 07:00:00,9332.958106458855,113048.1
2025-09-23 08:00:00,9332.958106458855,113087.9
2025-09-23 09:00:00,9332.958106458855,112892.5
2025-09-23 10:00:00,9332.958106458855,112929.0
2025-09-23 11:00:00,9332.958106458855,112938.6
2025-09-23 12:00:00,9332.958106458855,112885.8
2025-09-23 13:00:00,9332.958106458855,112894.1
2025-09-23 14:00:00,9332.958106458855,112602.3
2025-09-23 15:00:00,9332.958106458855,112828.6
2025-09-23 16:00:00,9332.958106458855,112763.8
2025-09-23 17:00:00,9281.347632998186,111919.2
2025-09-23 18:00:00,9281.347632998186,111728.3
2025-09-23 19:00:00,9281.347632998186,111611.8
2025-09-23 20:00:00,9281.347632998186,111936.4
2025-09-23 21:00:00,9281.347632998186,112108.6
2025-09-23 22:00:00,9281.347632998186,112107.0
2025-09-23 23:00:00,9281.347632998186,111947.0
2025-09-24 00:00:00,9281.347632998186,112175.1
2025-09-24 01:00:00,9281.347632998186,112394.6
2025-09-24 02:00:00,9281.347632998186,112070.2
2025-09-24 03:00:00,9281.347632998186,111639.7
2025-09-24 04:00:00,9281.347632998186,112122.5
2025-09-24 05:00:00,9281.347632998186,112595.9
2025-09-24 06:00:00,9281.347632998186,112551.1
2025-09-24 07:00:00,9281.347632998186,112544.7
2025-09-24 08:00:00,9281.347632998186,112574.3
2025-09-24 09:00:00,9281.347632998186,112691.0
2025-09-24 10:00:00,9281.347632998186,112883.2
2025-09-24 11:00:00,9281.347632998186,112982.0
2025-09-24 12:00:00,9281.347632998186,113010.8
2025-09-24 13:00:00,9281.347632998186,112780.2
2025-09-24 14:00:00,9281.347632998186,113662.7
2025-09-24 15:00:00,9281.347632998186,113299.9
2025-09-24 16:00:00,9281.347632998186,113668.9
2025-09-24 17:00:00,9281.347632998186,113700.1
2025-09-24 18:00:00,9281.347632998186,113595.0
2025-09-24 19:00:00,9281.347632998186,113371.7
2025-09-24 20:00:00,9281.347632998186,113447.6
2025-09-24 21:00:00,9281.347632998186,113284.3
2025-09-24 22:00:00,9281.347632998186,113274.8
2025-09-24 23:00:00,9281.347632998186,113254.0
2025-09-25 00:00:00,9281.347632998186,113002.1
2025-09-25 01:00:00,9281.347632998186,112615.7
2025-09-25 02:00:00,9281.347632998186,112852.0
2025-09-25 03:00:00,9281.347632998186,112485.8
2025-09-25 04:00:00,9281.347632998186,111684.3
2025-09-25 05:00:00,9281.347632998186,111690.4
2025-09-25 06:00:00,9281.347632998186,111474.4
2025-09-25 07:00:00,9281.347632998186,111708.5
2025-09-25 08:00:00,9281.347632998186,111678.7
2025-09-25 09:00:00,9281.347632998186,111510.4
2025-09-25 10:00:00,9281.347632998186,111601.6
2025-09-25 11:00:00,9281.347632998186,111316.1
2025-09-25 12:00:00,9281.347632998186,111080.0
2025-09-25 13:00:00,9281.347632998186,110958.5
2025-09-25 14:00:00,9281.347632998186,111483.0
2025-09-25 15:00:00,9281.347632998186,111538.4
2025-09-25 16:00:00,9281.347632998186,110907.9
2025-09-25 17:00:00,9281.347632998186,108793.9
2025-09-25 18:00:00,9281.347632998186,109708.3
2025-09-25 19:00:00,9281.347632998186,109320.5
2025-09-25 20:00:00,9281.347632998186,109126.8
2025-09-25 21:00:00,9281.347632998186,109360.8
2025-09-25 22:00:00,9281.347632998186,109369.5
2025-09-25 23:00:00,9281.347632998186,108934.5
2025-09-26 00:00:00,9281.347632998186,109419.1
2025-09-26 01:00:00,9281.347632998186,109640.0
2025-09-26 02:00:00,9281.347632998186,109581.8
2025-09-26 03:00:00,9281.347632998186,109537.6
2025-09-26 04:00:00,9281.347632998186,109300.0
2025-09-26 05:00:00,9281.347632998186,109202.8
2025-09-26 06:00:00,9281.347632998186,109298.8
2025-09-26 07:00:00,9281.347632998186,109257.3
2025-09-26 08:00:00,9281.347632998186,109520.2
2025-09-26 09:00:00,9281.347632998186,109522.5
2025-09-26 10:00:00,9281.347632998186,108848.2
2025-09-26 11:00:00,9281.347632998186,109082.9
2025-09-26 12:00:00,9281.347632998186,109330.1
2025-09-26 13:00:00,9281.347632998186,109621.3
2025-09-26 14:00:00,9281.347632998186,108796.7
2025-09-26 15:00:00,9281.347632998186,108976.0
2025-09-26 16:00:00,9281.347632998186,109408.6
2025-09-26 17:00:00,9281.347632998186,109847.3
2025-09-26 18:00:00,9281.347632998186,109669.9
2025-09-26 19:00:00,9281.347632998186,109115.9
2025-09-26 20:00:00,9281.347632998186,109233.8
2025-09-26 21:00:00,9281.347632998186,109412.4
2025-09-26 22:00:00,9281.347632998186,109505.2
2025-09-26 23:00:00,9281.347632998186,109588.5
2025-09-27 00:00:00,9281.347632998186,109596.0
2025-09-27 01:00:00,9281.347632998186,109384.3
2025-09-27 02:00:00,9281.347632998186,109348.5
2025-09-27 03:00:00,9281.347632998186,109503.8
2025-09-27 04:00:00,9281.347632998186,109598.1
2025-09-27 05:00:00,9281.347632998186,109587.0
2025-09-27 06:00:00,9281.347632998186,109488.6
2025-09-27 07:00:00,9281.347632998186,109354.8
2025-09-27 08:00:00,9281.347632998186,109205.2
2025-09-27 09:00:00,9281.347632998186,109250.0
2025-09-27 10:00:00,9281.347632998186,109385.4
2025-09-27 11:00:00,9281.347632998186,109265.8
2025-09-27 12:00:00,9281.347632998186,109355.2
2025-09-27 13:00:00,9281.347632998186,109264.9
2025-09-27 14:00:00,9281.347632998186,109244.0
2025-09-27 15:00:00,9281.347632998186,109340.7
2025-09-27 16:00:00,9281.347632998186,109338.2
2025-09-27 17:00:00,9281.347632998186,109331.4
2025-09-27 18:00:00,9281.347632998186,109383.2
2025-09-27 19:00:00,9281.347632998186,109369.3
2025-09-27 20:00:00,9281.347632998186,109333.3
2025-09-27 21:00:00,9281.347632998186,109420.3
2025-09-27 22:00:00,9281.347632998186,109550.6
2025-09-27 23:00:00,9281.347632998186,109577.3
2025-09-28 00:00:00,9281.347632998186,109556.3
2025-09-28 01:00:00,9281.347632998186,109305.6
2025-09-28 02:00:00,9281.347632998186,109398.8
2025-09-28 03:00:00,9281.347632998186,109397.3
2025-09-28 04:00:00,9281.347632998186,109329.4
2025-09-28 05:00:00,9281.347632998186,109303.2
2025-09-28 06:00:00,9281.347632998186,109358.7
2025-09-28 07:00:00,9281.347632998186,109468.5
2025-09-28 08:00:00,9281.347632998186,109462.7
2025-09-28 09:00:00,9281.347632998186,109477.5
2025-09-28 10:00:00,9281.347632998186,109323.4
2025-09-28 11:00:00,9281.347632998186,109319.9
2025-09-28 12:00:00,9281.347632998186,109266.9
2025-09-28 13:00:00,9281.347632998186,109580.9
2025-09-28 14:00:00,9281.347632998186,109801.2
2025-09-28 15:00:00,9281.347632998186,109990.0
2025-09-28 16:00:00,9281.347632998186,110172.5
2025-09-28 17:00:00,9281.347632998186,110153.5
2025-09-28 18:00:00,9281.347632998186,110237.5
2025-09-28 19:00:00,9281.347632998186,110281.6
2025-09-28 20:00:00,9281.347632998186,110748.0
2025-09-28 21:00:00,9281.347632998186,110788.1
2025-09-28 22:00:00,9281.347632998186,111881.5
2025-09-28 23:00:00,9281.347632998186,112119.6
2025-09-29 00:00:00,9281.347632998186,112211.2
2025-09-29 01:00:00,9281.347632998186,111800.7
2025-09-29 02:00:00,9281.347632998186,111690.8
2025-09-29 03:00:00,9281.347632998186,111817.9
2025-09-29 04:00:00,9281.347632998186,111752.7
2025-09-29 05:00:00,9281.347632998186,111699.9
2025-09-29 06:00:00,9281.347632998186,111580.1
2025-09-29 07:00:00,9281.347632998186,111814.7
2025-09-29 08:00:00,9281.347632998186,112033.4
2025-09-29 09:00:00,9281.347632998186,112050.0
2025-09-29 10:00:00,9281.347632998186,112034.9
2025-09-29 11:00:00,9281.347632998186,112052.0
2025-09-29 12:00:00,9281.347632998186,111972.6
2025-09-29 13:00:00,9281.347632998186,113168.2
2025-09-29 14:00:00,9281.347632998186,113956.7
2025-09-29 15:00:00,9281.347632998186,113752.0
2025-09-29 16:00:00,9281.347632998186,113580.2
2025-09-29 17:00:00,9281.347632998186,114000.0
2025-09-29 18:00:00,9281.347632998186,113959.9
2025-09-29 19:00:00,9281.347632998186,114204.8
2025-09-29 20:00:00,9281.347632998186,114190.3
2025-09-29 21:00:00,9281.347632998186,114120.9
2025-09-29 22:00:00,9281.347632998186,114125.9
2025-09-29 23:00:00,9281.347632998186,114257.1
2025-09-30 00:00:00,9281.347632998186,114465.8
2025-09-30 01:00:00,9281.347632998186,114455.0
2025-09-30 02:00:00,9281.347632998186,114405.5
2025-09-30 03:00:00,9281.347632998186,114321.5
2025-09-30 04:00:00,9281.347632998186,114037.2
2025-09-30 05:00:00,9281.347632998186,113856.9
2025-09-30 06:00:00,9281.347632998186,113840.2
2025-09-30 07:00:00,9281.347632998186,113662.4
2025-09-30 08:00:00,9281.347632998186,113409.2
2025-09-30 09:00:00,9281.347632998186,112743.1
2025-09-30 10:00:00,9281.347632998186,112876.5
2025-09-30 11:00:00,9281.347632998186,113003.7
2025-09-30 12:00:00,9281.347632998186,112950.0
2025-09-30 13:00:00,9281.347632998186,113338.7
2025-09-30 14:00:00,9281.347632998186,113539.5
2025-09-30 15:00:00,9281.347632998186,113055.4
2025-09-30 16:00:00,9281.347632998186,112798.6
2025-09-30 17:00:00,9281.347632998186,113198.8
2025-09-30 18:00:00,9281.347632998186,113658.0
2025-09-30 19:00:00,9281.347632998186,114309.1
2025-09-30 20:00:00,9281.347632998186,114569.8
2025-09-30 21:00:00,9281.347632998186,114108.0
2025-09-30 22:00:00,9281.347632998186,113883.4
2025-09-30 23:00:00,9281.347632998186,113988.8
2025-10-01 00:00:00,9281.347632998186,114181.1
2025-10-01 01:00:00,9281.347632998186,114491.6
2025-10-01 02:00:00,9281.347632998186,114219.0
2025-10-01 03:00:00,9281.347632998186,114135.9
2025-10-01 04:00:00,9281.347632998186,114227.8
2025-10-01 05:00:00,9281.347632998186,114511.4
2025-10-01 06:00:00,9281.347632998186,114212.8
2025-10-01 07:00:00,9281.347632998186,114480.8
2025-10-01 08:00:00,9281.347632998186,116060.5
2025-10-01 09:00:00,9281.347632998186,116372.4
2025-10-01 10:00:00,9281.347632998186,116233.6
2025-10-01 11:00:00,9281.347632998186,116736.8
2025-10-01 12:00:00,9281.347632998186,116373.7
2025-10-01 13:00:00,9281.347632998186,116762.5
2025-10-01 14:00:00,9281.347632998186,117245.3
2025-10-01 15:00:00,9281.347632998186,117366.4
2025-10-01 16:00:00,9281.347632998186,117480.1
2025-10-01 17:00:00,9281.347632998186,116734.2
2025-10-01 18:00:00,9281.347632998186,117192.3
2025-10-01 19:00:00,9281.347632998186,117374.1
2025-10-01 20:00:00,9281.347632998186,117474.6
2025-10-01 21:00:00,9281.347632998186,117503.2
2025-10-01 22:00:00,9281.347632998186,117695.8
2025-10-01 23:00:00,9281.347632998186,118552.4
2025-10-02 00:00:00,9281.347632998186,118397.0
2025-10-02 01:00:00,9281.347632998186,118577.4
2025-10-02 02:00:00,9281.347632998186,118697.4
2025-10-02 03:00:00,9281.347632998186,118697.0
2025-10-02 04:00:00,9281.347632998186,118616.8
2025-10-02 05:00:00,9281.347632998186,118329.7
2025-10-02 06:00:00,9281.347632998186,118600.0
2025-10-02 07:00:00,9281.347632998186,118444.1
2025-10-02 08:00:00,9281.347632998186,118635.4
2025-10-02 09:00:00,9281.347632998186,118813.3
2025-10-02 10:00:00,9281.347632998186,118575.3
2025-10-02 11:00:00,9281.347632998186,118716.0
2025-10-02 12:00:00,9281.347632998186,119360.1
2025-10-02 13:00:00,9281.347632998186,119559.6
2025-10-02 14:00:00,9281.347632998186,118768.0
2025-10-02 15:00:00,9281.347632998186,119875.1
2025-10-02 16:00:00,9281.347632998186,119694.0
2025-10-02 17:00:00,9281.347632998186,119869.1
2025-10-02 18:00:00,9281.347632998186,120461.6
2025-10-02 19:00:00,9281.347632998186,120787.9
2025-10-02 20:00:00,9281.347632998186,120598.8
2025-10-02 21:00:00,9281.347632998186,120105.2
2025-10-02 22:00:00,9281.347632998186,120208.8
2025-10-02 23:00:00,9281.347632998186,120481.3
2025-10-03 00:00:00,9281.347632998186,120097.1
2025-10-03 01:00:00,9281.347632998186,119832.6
2025-10-03 02:00:00,9281.347632998186,120117.9
2025-10-03 03:00:00,9281.347632998186,120185.4
2025-10-03 04:00:00,9281.347632998186,120000.2
2025-10-03 05:00:00,9281.347632998186,119894.5
2025-10-03 06:00:00,9281.347632998186,119882.6
2025-10-03 07:00:00,9281.347632998186,119620.1
2025-10-03 08:00:00,9281.347632998186,120007.0
2025-10-03 09:00:00,9281.347632998186,120257.8
2025-10-03 10:00:00,9281.347632998186,120392.8
2025-10-03 11:00:00,9281.347632998186,120307.2
2025-10-03 12:00:00,9281.347632998186,120320.7
2025-10-03 13:00:00,9281.347632998186,120325.0
2025-10-03 14:00:00,9281.347632998186,120861.4
2025-10-03 15:00:00,9281.347632998186,122238.5
2025-10-03 16:00:00,9281.347632998186,122527.1
2025-10-03 17:00:00,9281.347632998186,122035.5
2025-10-03 18:00:00,9281.347632998186,122505.6
2025-10-03 19:00:00,9281.347632998186,122609.3
2025-10-03 20:00:00,9281.347632998186,122402.2
2025-10-03 21:00:00,9281.347632998186,122245.2
2025-10-03 22:00:00,9281.347632998186,122427.7
2025-10-03 23:00:00,9281.347632998186,122182.7
2025-10-04 00:00:00,9281.347632998186,122076.4
2025-10-04 01:00:00,9281.347632998186,121818.9
2025-10-04 02:00:00,9281.347632998186,121811.7
2025-10-04 03:00:00,9281.347632998186,122197.2
2025-10-04 04:00:00,9281.347632998186,122448.8
2025-10-04 05:00:00,9281.347632998186,122480.6
2025-10-04 06:00:00,9281.347632998186,122388.9
2025-10-04 07:00:00,9281.347632998186,122271.3
2025-10-04 08:00:00,9281.347632998186,122226.2
2025-10-04 09:00:00,9281.347632998186,122168.0
2025-10-04 10:00:00,9281.347632998186,122075.0
2025-10-04 11:00:00,9281.347632998186,121924.6
2025-10-04 12:00:00,9281.347632998186,121955.0
2025-10-04 13:00:00,9281.347632998186,122335.5
2025-10-04 14:00:00,9281.347632998186,121944.4
2025-10-04 15:00:00,9281.347632998186,121744.8
2025-10-04 16:00:00,9281.347632998186,121668.5
2025-10-04 17:00:00,9281.347632998186,121698.0
2025-10-04 18:00:00,9281.347632998186,121533.4
2025-10-04 19:00:00,9281.347632998186,121919.0
2025-10-04 20:00:00,9281.347632998186,121832.8
2025-10-04 21:00:00,9281.347632998186,122139.9
2025-10-04 22:00:00,9281.347632998186,122230.9
2025-10-04 23:00:00,9281.347632998186,122343.2
2025-10-05 00:00:00,9281.347632998186,122112.5
2025-10-05 01:00:00,9281.347632998186,122326.9
2025-10-05 02:00:00,9281.347632998186,124012.2
2025-10-05 03:00:00,9281.347632998186,123735.7
2025-10-05 04:00:00,9281.347632998186,125167.5
2025-10-05 05:00:00,9281.347632998186,125103.0
2025-10-05 06:00:00,9281.347632998186,124977.7
2025-10-05 07:00:00,9281.347632998186,124692.4
2025-10-05 08:00:00,9281.347632998186,124580.9
2025-10-05 09:00:00,9281.347632998186,122998.0
2025-10-05 10:00:00,9281.347632998186,122980.9
2025-10-05 11:00:00,9281.347632998186,123413.2
2025-10-05 12:00:00,9281.347632998186,123035.8
2025-10-05 13:00:00,9281.347632998186,123120.0
2025-10-05 14:00:00,9281.347632998186,122983.4
2025-10-05 15:00:00,9281.347632998186,122753.0
2025-10-05 16:00:00,9281.347632998186,123210.1
2025-10-05 17:00:00,9281.347632998186,123013.9
2025-10-05 18:00:00,9281.347632998186,122963.5
2025-10-05 19:00:00,9281.347632998186,122550.4
2025-10-05 20:00:00,9281.347632998186,122648.5
2025-10-05 21:00:00,9281.347632998186,122682.3
2025-10-05 22:00:00,9281.347632998186,123188.5
2025-10-05 23:00:00,9281.347632998186,123426.7
2025-10-06 00:00:00,9281.347632998186,123295.8
2025-10-06 01:00:00,9281.347632998186,123980.8
2025-10-06 02:00:00,9281.347632998186,124066.9
2025-10-06 03:00:00,9281.347632998186,123792.9
2025-10-06 04:00:00,9281.347632998186,123538.2
2025-10-06 05:00:00,9281.347632998186,123522.3
2025-10-06 06:00:00,9281.347632998186,123900.0
2025-10-06 07:00:00,9281.347632998186,123332.3
2025-10-06 08:00:00,9281.347632998186,123800.0
2025-10-06 09:00:00,9281.347632998186,123915.2
2025-10-06 10:00:00,9281.347632998186,123920.0
2025-10-06 11:00:00,9281.347632998186,124161.2
2025-10-06 12:00:00,9281.347632998186,124495.3
2025-10-06 13:00:00,9281.347632998186,124967.8
2025-10-06 14:00:00,9281.347632998186,124475.9
2025-10-06 15:00:00,9281.347632998186,124946.2
2025-10-06 16:00:00,9281.347632998186,125417.8
2025-10-06 17:00:00,9281.347632998186,125235.2
2025-10-06 18:00:00,9281.347632998186,125986.0
2025-10-06 19:00:00,9281.347632998186,125357.3
2025-10-06 20:00:00,9281.347632998186,125170.0
2025-10-06 21:00:00,9281.347632998186,125062.0
2025-10-06 22:00:00,9281.347632998186,124999.8
2025-10-06 23:00:00,9281.347632998186,124628.5
2025-10-07 00:00:00,9281.347632998186,124850.3
2025-10-07 01:00:00,9281.347632998186,124658.0
2025-10-07 02:00:00,9281.347632998186,124205.5
2025-10-07 03:00:00,9281.347632998186,124277.7
2025-10-07 04:00:00,9281.347632998186,124449.8
2025-10-07 05:00:00,9281.347632998186,124349.0
2025-10-07 06:00:00,9281.347632998186,123852.6
2025-10-07 07:00:00,9281.347632998186,123627.1
2025-10-07 08:00:00,9281.347632998186,123813.1
2025-10-07 09:00:00,9281.347632998186,124049.2
2025-10-07 10:00:00,9281.347632998186,124229.9
2025-10-07 11:00:00,9281.347632998186,124397.2
2025-10-07 12:00:00,9281.347632998186,124869.5
2025-10-07 13:00:00,9281.347632998186,123825.4
2025-10-07 14:00:00,9281.347632998186,122684.0
2025-10-07 15:00:00,9281.347632998186,121788.3
2025-10-07 16:00:00,9281.347632998186,121621.5
2025-10-07 17:00:00,9281.347632998186,121073.1
2025-10-07 18:00:00,9281.347632998186,120838.0
2025-10-07 19:00:00,9281.347632998186,121593.6
2025-10-07 20:00:00,9281.347632998186,121885.4
2025-10-07 21:00:00,9281.347632998186,121954.1
2025-10-07 22:00:00,9281.347632998186,121956.8
2025-10-07 23:00:00,9281.347632998186,121286.5
2025-10-08 00:00:00,9281.347632998186,121868.9
2025-10-08 01:00:00,9281.347632998186,121911.3
2025-10-08 02:00:00,9281.347632998186,121995.0
2025-10-08 03:00:00,9281.347632998186,121333.1
2025-10-08 04:00:00,9281.347632998186,121865.4
2025-10-08 05:00:00,9281.347632998186,121338.0
2025-10-08 06:00:00,9281.347632998186,121749.0
2025-10-08 07:00:00,9281.347632998186,121550.4
2025-10-08 08:00:00,9281.347632998186,122332.6
2025-10-08 09:00:00,9281.347632998186,122485.0
2025-10-08 10:00:00,9281.347632998186,122885.7
2025-10-08 11:00:00,9281.347632998186,122825.7
2025-10-08 12:00:00,9281.347632998186,122580.3
2025-10-08 13:00:00,9281.347632998186,122540.4
2025-10-08 14:00:00,9281.347632998186,122268.4
2025-10-08 15:00:00,9281.347632998186,122140.1
2025-10-08 16:00:00,9281.347632998186,122999.9
2025-10-08 17:00:00,9281.347632998186,123985.5
2025-10-08 18:00:00,9281.347632998186,123389.8
2025-10-08 19:00:00,9281.347632998186,123381.8
2025-10-08 20:00:00,9281.347632998186,122784.6
2025-10-08 21:00:00,9281.347632998186,123231.4
2025-10-08 22:00:00,9281.347632998186,123126.1
2025-10-08 23:00:00,9281.347632998186,123237.5
2025-10-09 00:00:00,9281.347632998186,122782.0
2025-10-09 01:00:00,9281.347632998186,122496.6
2025-10-09 02:00:00,9281.347632998186,121573.2
2025-10-09 03:00:00,9281.347632998186,121988.4
2025-10-09 04:00:00,9281.347632998186,122087.6
2025-10-09 05:00:00,9281.347632998186,122052.6
2025-10-09 06:00:00,9281.347632998186,121900.4
2025-10-09 07:00:00,9281.347632998186,121847.9
2025-10-09 08:00:00,9281.347632998186,121202.4
2025-10-09 09:00:00,9281.347632998186,121753.3
2025-10-09 10:00:00,9281.347632998186,122106.2
2025-10-09 11:00:00,9281.347632998186,122672.9
2025-10-09 12:00:00,9281.347632998186,123500.0
2025-10-09 13:00:00,9281.347632998186,122357.0
2025-10-09 14:00:00,9281.347632998186,121235.1
2025-10-09 15:00:00,9281.347632998186,121079.4
2025-10-09 16:00:00,9281.347632998186,119752.1
2025-10-09 17:00:00,9281.347632998186,120915.6
2025-10-09 18:00:00,9281.347632998186,120600.0
2025-10-09 19:00:00,9281.347632998186,120897.6
2025-10-09 20:00:00,9281.347632998186,121045.4
2025-10-09 21:00:00,9281.347632998186,121407.8
2025-10-09 22:00:00,9281.347632998186,121619.5
2025-10-09 23:00:00,9281.347632998186,121579.3
2025-10-10 00:00:00,9281.347632998186,121682.2
2025-10-10 01:00:00,9281.347632998186,121575.3
2025-10-10 02:00:00,9281.347632998186,121007.2
2025-10-10 03:00:00,9281.347632998186,120960.8
2025-10-10 04:00:00,9281.347632998186,121192.7
2025-10-10 05:00:00,9281.347632998186,121529.6
2025-10-10 06:00:00,9281.347632998186,121315.0
2025-10-10 07:00:00,9281.347632998186,120886.1
2025-10-10 08:00:00,9281.347632998186,121570.5
2025-10-10 09:00:00,9281.347632998186,121249.9
2025-10-10 10:00:00,9281.347632998186,121443.4
2025-10-10 11:00:00,9281.347632998186,121493.2
2025-10-10 12:00:00,9281.347632998186,121534.8
2025-10-10 13:00:00,9281.347632998186,121609.1
2025-10-10 14:00:00,9281.347632998186,120436.4
2025-10-10 15:00:00,9281.347632998186,118965.3
2025-10-10 16:00:00,9281.347632998186,118150.0
2025-10-10 17:00:00,9281.347632998186,117590.8
2025-10-10 18:00:00,9281.347632998186,117178.5
2025-10-10 19:00:00,9281.347632998186,116605.3
2025-10-10 20:00:00,9281.347632998186,114198.0
2025-10-10 21:00:00,9281.347632998186,113253.6
2025-10-10 22:00:00,9281.347632998186,113606.3
2025-10-10 23:00:00,9281.347632998186,112714.9
2025-10-11 00:00:00,9281.347632998186,112463.3
2025-10-11 01:00:00,9281.347632998186,111060.0
2025-10-11 02:00:00,9281.347632998186,113175.4
2025-10-11 03:00:00,9281.347632998186,112261.9
2025-10-11 04:00:00,9281.347632998186,112905.3
2025-10-11 05:00:00,9281.347632998186,112338.3
2025-10-11 06:00:00,9281.347632998186,112000.0
2025-10-11 07:00:00,9281.347632998186,110338.7
2025-10-11 08:00:00,9281.347632998186,111273.7
2025-10-11 09:00:00,9281.347632998186,111576.8
2025-10-11 10:00:00,9281.347632998186,112063.2
2025-10-11 11:00:00,9281.347632998186,112224.6
2025-10-11 12:00:00,9281.347632998186,112319.6
2025-10-11 13:00:00,9281.347632998186,112208.6
2025-10-11 14:00:00,9281.347632998186,111934.5
2025-10-11 15:00:00,9281.347632998186,111744.4
2025-10-11 16:00:00,9281.347632998186,111803.8
2025-10-11 17:00:00,9281.347632998186,111944.5
2025-10-11 18:00:00,9281.347632998186,111907.2
2025-10-11 19:00:00,9281.347632998186,111126.7
2025-10-11 20:00:00,9281.347632998186,110184.8
2025-10-11 21:00:00,9281.347632998186,110832.7
2025-10-11 22:00:00,9281.347632998186,110978.8
2025-10-11 23:00:00,9281.347632998186,110579.1
2025-10-12 00:00:00,9281.347632998186,109600.7
2025-10-12 01:00:00,9281.347632998186,109928.6
2025-10-12 02:00:00,9281.347632998186,110072.2
2025-10-12 03:00:00,9281.347632998186,110643.3
2025-10-12 04:00:00,9281.347632998186,111486.1
2025-10-12 05:00:00,9281.347632998186,111642.4
2025-10-12 06:00:00,9281.347632998186,111634.8
2025-10-12 07:00:00,9281.347632998186,111464.0
2025-10-12 08:00:00,9281.347632998186,111244.1
2025-10-12 09:00:00,9281.347632998186,111772.1
2025-10-12 10:00:00,9281.347632998186,111589.7
2025-10-12 11:00:00,9281.347632998186,111783.8
2025-10-12 12:00:00,9281.347632998186,111711.3
2025-10-12 13:00:00,9281.347632998186,111238.1
2025-10-12 14:00:00,9281.347632998186,112260.0
2025-10-12 15:00:00,9281.347632998186,113119.0
2025-10-12 16:00:00,9281.347632998186,113993.4
2025-10-12 17:00:00,9281.347632998186,113729.4
2025-10-12 18:00:00,9281.347632998186,113815.9
2025-10-12 19:00:00,9281.347632998186,114288.7
2025-10-12 20:00:00,9281.347632998186,114864.5
2025-10-12 21:00:00,9281.347632998186,114822.0
2025-10-12 22:00:00,9281.347632998186,115160.7
2025-10-12 23:00:00,9281.347632998186,114894.4
2025-10-13 00:00:00,9281.347632998186,115220.0
2025-10-13 01:00:00,9281.347632998186,115638.0
2025-10-13 02:00:00,9281.347632998186,115275.0
2025-10-13 03:00:00,9281.347632998186,114773.6
2025-10-13 04:00:00,9281.347632998186,114656.6
2025-10-13 05:00:00,9281.347632998186,114570.2
2025-10-13 06:00:00,9281.347632998186,115168.4
2025-10-13 07:00:00,9281.347632998186,115341.7
2025-10-13 08:00:00,9281.347632998186,115193.8
2025-10-13 09:00:00,9281.347632998186,115057.2
2025-10-13 10:00:00,9281.347632998186,114754.8
2025-10-13 11:00:00,9281.347632998186,114129.3
2025-10-13 12:00:00,9281.347632998186,114360.0
2025-10-13 13:00:00,9281.347632998186,115291.5
2025-10-13 14:00:00,9281.347632998186,113973.6
2025-10-13 15:00:00,9281.347632998186,114260.7
2025-10-13 16:00:00,9281.347632998186,114596.6
2025-10-13 17:00:00,9281.347632998186,114990.1
2025-10-13 18:00:00,9281.347632998186,115107.7
2025-10-13 19:00:00,9281.347632998186,115726.6
2025-10-13 20:00:00,9281.347632998186,115656.9
2025-10-13 21:00:00,9281.347632998186,115651.0
2025-10-13 22:00:00,9281.347632998186,115443.3
2025-10-13 23:00:00,9281.347632998186,115111.9
2025-10-14 00:00:00,9281.347632998186,114904.1
2025-10-14 01:00:00,9281.347632998186,114216.2
2025-10-14 02:00:00,9281.347632998186,113566.2
2025-10-14 03:00:00,9281.347632998186,113441.0
2025-10-14 04:00:00,9281.347632998186,113012.9
2025-10-14 05:00:00,9281.347632998186,112438.3
2025-10-14 06:00:00,9281.347632998186,111933.5
2025-10-14 07:00:00,9281.347632998186,111665.2
2025-10-14 08:00:00,9281.347632998186,111748.1
2025-10-14 09:00:00,9281.347632998186,111237.4
2025-10-14 10:00:00,9281.347632998186,110573.9
2025-10-14 11:00:00,9281.347632998186,111241.4
2025-10-14 12:00:00,9281.347632998186,110741.1
2025-10-14 13:00:00,9281.347632998186,110961.4
2025-10-14 14:00:00,9281.347632998186,111369.2
2025-10-14 15:00:00,9281.347632998186,112823.0
2025-10-14 16:00:00,9281.347632998186,112253.1
2025-10-14 17:00:00,9281.347632998186,112690.5
2025-10-14 18:00:00,9281.347632998186,112784.2
2025-10-14 19:00:00,9281.347632998186,112543.9
2025-10-14 20:00:00,9281.347632998186,112939.0
2025-10-14 21:00:00,9281.347632998186,113060.1
2025-10-14 22:00:00,9281.347632998186,113150.1
2025-10-14 23:00:00,9281.347632998186,112983.8
2025-10-15 00:00:00,9281.347632998186,112939.4
2025-10-15 01:00:00,9281.347632998186,112677.6
2025-10-15 02:00:00,9281.347632998186,112763.2
2025-10-15 03:00:00,9281.347632998186,111978.7
2025-10-15 04:00:00,9281.347632998186,112292.4
2025-10-15 05:00:00,9281.347632998186,112378.0
2025-10-15 06:00:00,9281.347632998186,112399.9
2025-10-15 07:00:00,9281.347632998186,112524.3
2025-10-15 08:00:00,9281.347632998186,112899.9
2025-10-15 09:00:00,9281.347632998186,112506.2
2025-10-15 10:00:00,9281.347632998186,112214.2
2025-10-15 11:00:00,9281.347632998186,111841.0
2025-10-15 12:00:00,9281.347632998186,111656.8
2025-10-15 13:00:00,9281.347632998186,111339.0
2025-10-15 14:00:00,9281.347632998186,111000.4
2025-10-15 15:00:00,9281.347632998186,110757.5
2025-10-15 16:00:00,9281.347632998186,110693.4
2025-10-15 17:00:00,9281.347632998186,111133.9
2025-10-15 18:00:00,9281.347632998186,111372.9
2025-10-15 19:00:00,9281.347632998186,111202.7
2025-10-15 20:00:00,9281.347632998186,111049.8
2025-10-15 21:00:00,9281.347632998186,110795.9
2025-10-15 22:00:00,9281.347632998186,110602.2
2025-10-15 23:00:00,9281.347632998186,110699.0
2025-10-16 00:00:00,9281.347632998186,110387.2
2025-10-16 01:00:00,9281.347632998186,111256.8
2025-10-16 02:00:00,9281.347632998186,111464.2
2025-10-16 03:00:00,9281.347632998186,111277.4
2025-10-16 04:00:00,9281.347632998186,110918.4
2025-10-16 05:00:00,9281.347632998186,110881.8
2025-10-16 06:00:00,9281.347632998186,111603.9
2025-10-16 07:00:00,9281.347632998186,110518.2
2025-10-16 08:00:00,9281.347632998186,110760.8
2025-10-16 09:00:00,9281.347632998186,111099.9
2025-10-16 10:00:00,9281.347632998186,111422.3
2025-10-16 11:00:00,9281.347632998186,111363.9
2025-10-16 12:00:00,9281.347632998186,111470.9
2025-10-16 13:00:00,9281.347632998186,110794.7
2025-10-16 14:00:00,9281.347632998186,110466.9
2025-10-16 15:00:00,9281.347632998186,108474.0
2025-10-16 16:00:00,9281.347632998186,109182.9
2025-10-16 17:00:00,9281.347632998186,108220.5
2025-10-16 18:00:00,9281.347632998186,108600.0
2025-10-16 19:00:00,9281.347632998186,108151.3
2025-10-16 20:00:00,9281.347632998186,107796.4
2025-10-16 21:00:00,9281.347632998186,108374.5
2025-10-16 22:00:00,9281.347632998186,107738.5
2025-10-16 23:00:00,9281.347632998186,108129.4
2025-10-17 00:00:00,9281.347632998186,108738.1
2025-10-17 01:00:00,9281.347632998186,108774.2
2025-10-17 02:00:00,9281.347632998186,108916.6
2025-10-17 03:00:00,9281.347632998186,109121.8
2025-10-17 04:00:00,9281.347632998186,108729.7
2025-10-17 05:00:00,9281.347632998186,108327.9
2025-10-17 06:00:00,9281.347632998186,106699.1
2025-10-17 07:00:00,9281.347632998186,105578.3
2025-10-17 08:00:00,9281.347632998186,104845.1
2025-10-17 09:00:00,9281.347632998186,104487.5
2025-10-17 10:00:00,9281.347632998186,104728.5
2025-10-17 11:00:00,9281.347632998186,105610.5
2025-10-17 12:00:00,9281.347632998186,105283.8
2025-10-17 13:00:00,9281.347632998186,105769.9
2025-10-17 14:00:00,9281.347632998186,105110.9
2025-10-17 15:00:00,9281.347632998186,106750.1
2025-10-17 16:00:00,9281.347632998186,106331.2
2025-10-17 17:00:00,9281.347632998186,106405.3
2025-10-17 18:00:00,9281.347632998186,106600.1
2025-10-17 19:00:00,9281.347632998186,106416.4
2025-10-17 20:00:00,9281.347632998186,106970.0
2025-10-17 21:00:00,9281.347632998186,107232.6
2025-10-17 22:00:00,9281.347632998186,106929.7
2025-10-17 23:00:00,9281.347632998186,106378.6
2025-10-18 00:00:00,9281.347632998186,106783.0
2025-10-18 01:00:00,9281.347632998186,107095.8
2025-10-18 02:00:00,9281.347632998186,106540.5
2025-10-18 03:00:00,9281.347632998186,107025.0
2025-10-18 04:00:00,9281.347632998186,106405.5
2025-10-18 05:00:00,9281.347632998186,106755.4
2025-10-18 06:00:00,9281.347632998186,106801.3
2025-10-18 07:00:00,9281.347632998186,106648.3
2025-10-18 08:00:00,9281.347632998186,106663.2
2025-10-18 09:00:00,9281.347632998186,106834.5
2025-10-18 10:00:00,9281.347632998186,106859.7
2025-10-18 11:00:00,9281.347632998186,107151.0
2025-10-18 12:00:00,9281.347632998186,107001.1
2025-10-18 13:00:00,9281.347632998186,106836.7
2025-10-18 14:00:00,9281.347632998186,106978.4
2025-10-18 15:00:00,9281.347632998186,106893.2
2025-10-18 16:00:00,9281.347632998186,106601.3
2025-10-18 17:00:00,9281.347632998186,106822.8
2025-10-18 18:00:00,9281.347632998186,106792.4
2025-10-18 19:00:00,9281.347632998186,107023.0
2025-10-18 20:00:00,9281.347632998186,106957.5
2025-10-18 21:00:00,9281.347632998186,107116.4
2025-10-18 22:00:00,9281.347632998186,107061.9
2025-10-18 23:00:00,9281.347632998186,107117.5
2025-10-19 00:00:00,9281.347632998186,106833.4
2025-10-19 01:00:00,9281.347632998186,106910.7
2025-10-19 02:00:00,9281.347632998186,106796.7
2025-10-19 03:00:00,9281.347632998186,107221.9
2025-10-19 04:00:00,9281.347632998186,106989.6
2025-10-19 05:00:00,9281.347632998186,106846.1
2025-10-19 06:00:00,9281.347632998186,106726.7
2025-10-19 07:00:00,9281.347632998186,106733.3
2025-10-19 08:00:00,9281.347632998186,106401.2
2025-10-19 09:00:00,9281.347632998186,107348.8
2025-10-19 10:00:00,9281.347632998186,107824.9
2025-10-19 11:00:00,9281.347632998186,107730.6
2025-10-19 12:00:00,9281.347632998186,107605.3
2025-10-19 13:00:00,9281.347632998186,108035.3
2025-10-19 14:00:00,9281.347632998186,108360.9
2025-10-19 15:00:00,9281.347632998186,108429.5
2025-10-19 16:00:00,9281.347632998186,108561.9
2025-10-19 17:00:00,9281.347632998186,109036.3
2025-10-19 18:00:00,9281.347632998186,109315.4
2025-10-19 19:00:00,9281.347632998186,108850.0
2025-10-19 20:00:00,9281.347632998186,108790.6
2025-10-19 21:00:00,9281.347632998186,108691.2
2025-10-19 22:00:00,9281.347632998186,109088.9
2025-10-19 23:00:00,9281.347632998186,108586.2
2025-10-20 00:00:00,9281.347632998186,108011.1
2025-10-20 01:00:00,9281.347632998186,108011.8
2025-10-20 02:00:00,9281.347632998186,108714.3
2025-10-20 03:00:00,9281.347632998186,110100.4
2025-10-20 04:00:00,9281.347632998186,110369.3
2025-10-20 05:00:00,9281.347632998186,110973.6
2025-10-20 06:00:00,9281.347632998186,111232.1
2025-10-20 07:00:00,9281.347632998186,111126.2
2025-10-20 08:00:00,9281.347632998186,111031.4
2025-10-20 09:00:00,9281.347632998186,110921.0
2025-10-20 10:00:00,9281.347632998186,110692.1
2025-10-20 11:00:00,9281.347632998186,110969.5
2025-10-20 12:00:00,9281.347632998186,110796.4
2025-10-20 13:00:00,9281.347632998186,111098.3
2025-10-20 14:00:00,9281.347632998186,111153.4
2025-10-20 15:00:00,9281.347632998186,111079.1
2025-10-20 16:00:00,9281.347632998186,110634.3
2025-10-20 17:00:00,9281.347632998186,110244.1
2025-10-20 18:00:00,9281.347632998186,110877.7
2025-10-20 19:00:00,9281.347632998186,110735.0
2025-10-20 20:00:00,9281.347632998186,111037.2
2025-10-20 21:00:00,9281.347632998186,110506.9
2025-10-20 22:00:00,9281.347632998186,110731.5
2025-10-20 23:00:00,9281.347632998186,110469.9
2025-10-21 00:00:00,9281.347632998186,110399.0
2025-10-21 01:00:00,9281.347632998186,109804.2
2025-10-21 02:00:00,9281.347632998186,109459.3
2025-10-21 03:00:00,9281.347632998186,109005.0
2025-10-21 04:00:00,9281.347632998186,107743.4
2025-10-21 05:00:00,9281.347632998186,107498.0
2025-10-21 06:00:00,9281.347632998186,107868.4
2025-10-21 07:00:00,9281.347632998186,108020.0
2025-10-21 08:00:00,9281.347632998186,107649.7
2025-10-21 09:00:00,9281.347632998186,107708.7
2025-10-21 10:00:00,9281.347632998186,108445.4
2025-10-21 11:00:00,9281.347632998186,108519.4
2025-10-21 12:00:00,9281.347632998186,108733.8
2025-10-21 13:00:00,9281.347632998186,108384.4
2025-10-21 14:00:00,9281.347632998186,112127.5
2025-10-21 15:00:00,9281.347632998186,113355.2
2025-10-21 16:00:00,9281.347632998186,112507.2
2025-10-21 17:00:00,9281.347632998186,111960.1
2025-10-21 18:00:00,9281.347632998186,111934.5
2025-10-21 19:00:00,9281.347632998186,111720.7
2025-10-21 20:00:00,9281.347632998186,110733.0
2025-10-21 21:00:00,9281.347632998186,110772.6
2025-10-21 22:00:00,9281.347632998186,109008.0
2025-10-21 23:00:00,9281.347632998186,108253.7
2025-10-22 00:00:00,9281.347632998186,107930.1
2025-10-22 01:00:00,9281.347632998186,108313.6
2025-10-22 02:00:00,9281.347632998186,108159.3
2025-10-22 03:00:00,9281.347632998186,108174.1
2025-10-22 04:00:00,9281.347632998186,108554.4
2025-10-22 05:00:00,9281.347632998186,108118.7
2025-10-22 06:00:00,9281.347632998186,107936.7
2025-10-22 07:00:00,9281.347632998186,108284.1
2025-10-22 08:00:00,9281.347632998186,108171.2
2025-10-22 09:00:00,9281.347632998186,107907.9
2025-10-22 10:00:00,9281.347632998186,107613.5
2025-10-22 11:00:00,9281.347632998186,107501.7
2025-10-22 12:00:00,9281.347632998186,107976.9
2025-10-22 13:00:00,9281.347632998186,108728.0
2025-10-22 14:00:00,9281.347632998186,108912.7
2025-10-22 15:00:00,9281.347632998186,108369.9
2025-10-22 16:00:00,9281.347632998186,108177.4
2025-10-22 17:00:00,9281.347632998186,107743.4
2025-10-22 18:00:00,9281.347632998186,107987.8
2025-10-22 19:00:00,9281.347632998186,107829.0
2025-10-22 20:00:00,9281.347632998186,107644.4
2025-10-22 21:00:00,9281.347632998186,107159.8
2025-10-22 22:00:00,9281.347632998186,107142.6
2025-10-22 23:00:00,9281.347632998186,107532.0
2025-10-23 00:00:00,9281.347632998186,107815.7
2025-10-23 01:00:00,9281.347632998186,108107.7
2025-10-23 02:00:00,9281.347632998186,108370.0
2025-10-23 03:00:00,9281.347632998186,108322.2
2025-10-23 04:00:00,9281.347632998186,108581.9
2025-10-23 05:00:00,9281.347632998186,108894.1
2025-10-23 06:00:00,9281.347632998186,110180.2
2025-10-23 07:00:00,9281.347632998186,109228.6
2025-10-23 08:00:00,9281.347632998186,109459.3
2025-10-23 09:00:00,9281.347632998186,109388.2
2025-10-23 10:00:00,9281.347632998186,109383.7
2025-10-23 11:00:00,9281.347632998186,109218.5
2025-10-23 12:00:00,9281.347632998186,109135.0
2025-10-23 13:00:00,9281.347632998186,109450.0
2025-10-23 14:00:00,9281.347632998186,109544.2
2025-10-23 15:00:00,9281.347632998186,109849.0
2025-10-23 16:00:00,9281.347632998186,110197.8
2025-10-23 17:00:00,9281.347632998186,111175.2
2025-10-23 18:00:00,9281.347632998186,110518.1
2025-10-23 19:00:00,9281.347632998186,110137.8
2025-10-23 20:00:00,9281.347632998186,109469.9
2025-10-23 21:00:00,9281.347632998186,109493.3
2025-10-23 22:00:00,9281.347632998186,109890.0
2025-10-23 23:00:00,9281.347632998186,110025.9
2025-10-24 00:00:00,9281.347632998186,110443.1
2025-10-24 01:00:00,9281.347632998186,110534.9
2025-10-24 02:00:00,9281.347632998186,110514.9
2025-10-24 03:00:00,9281.347632998186,110399.9
2025-10-24 04:00:00,9281.347632998186,111117.7
2025-10-24 05:00:00,9281.347632998186,111193.0
2025-10-24 06:00:00,9281.347632998186,111413.2
2025-10-24 07:00:00,9281.347632998186,111013.7
2025-10-24 08:00:00,9281.347632998186,111045.8
2025-10-24 09:00:00,9281.347632998186,111280.0
2025-10-24 10:00:00,9281.347632998186,111063.4
2025-10-24 11:00:00,9281.347632998186,111006.7
2025-10-24 12:00:00,9281.347632998186,111247.5
2025-10-24 13:00:00,9281.347632998186,110884.6
2025-10-24 14:00:00,9281.347632998186,110177.7
2025-10-24 15:00:00,9281.347632998186,110009.8
2025-10-24 16:00:00,9281.347632998186,110222.3
2025-10-24 17:00:00,9281.347632998186,110173.7
2025-10-24 18:00:00,9281.347632998186,110557.4
2025-10-24 19:00:00,9281.347632998186,110571.3
2025-10-24 20:00:00,9281.347632998186,110853.0
2025-10-24 21:00:00,9281.347632998186,111029.1
2025-10-24 22:00:00,9281.347632998186,110964.3
2025-10-24 23:00:00,9281.347632998186,110965.4
2025-10-25 00:00:00,9281.347632998186,110720.7
2025-10-25 01:00:00,9281.347632998186,111026.7
2025-10-25 02:00:00,9281.347632998186,110976.4
2025-10-25 03:00:00,9281.347632998186,110962.3
2025-10-25 04:00:00,9281.347632998186,111163.3
2025-10-25 05:00:00,9281.347632998186,111334.7
2025-10-25 06:00:00,9281.347632998186,111308.7
2025-10-25 07:00:00,9281.347632998186,111445.4
2025-10-25 08:00:00,9281.347632998186,111716.0
2025-10-25 09:00:00,9281.347632998186,111471.0
2025-10-25 10:00:00,9281.347632998186,111515.4
2025-10-25 11:00:00,9281.347632998186,111522.7
2025-10-25 12:00:00,9281.347632998186,111871.5
2025-10-25 13:00:00,9281.347632998186,111626.9
2025-10-25 14:00:00,9281.347632998186,111546.6
2025-10-25 15:00:00,9281.347632998186,111340.9
2025-10-25 16:00:00,9281.347632998186,111323.4
2025-10-25 17:00:00,9281.347632998186,111322.0
2025-10-25 18:00:00,9281.347632998186,111668.2
2025-10-25 19:00:00,9281.347632998186,111574.9
2025-10-25 20:00:00,9281.347632998186,111385.2
2025-10-25 21:00:00,9281.347632998186,111430.0
2025-10-25 22:00:00,9281.347632998186,111567.2
2025-10-25 23:00:00,9281.347632998186,111589.4
2025-10-26 00:00:00,9281.347632998186,111654.4
2025-10-26 01:00:00,9281.347632998186,111589.6
2025-10-26 02:00:00,9281.347632998186,111404.6
2025-10-26 03:00:00,9281.347632998186,111210.1
2025-10-26 04:00:00,9281.347632998186,111378.4
2025-10-26 05:00:00,9281.347632998186,111554.3
2025-10-26 06:00:00,9281.347632998186,111574.3
2025-10-26 07:00:00,9281.347632998186,111672.8
2025-10-26 08:00:00,9281.347632998186,111716.2
2025-10-26 09:00:00,9281.347632998186,112477.9
2025-10-26 10:00:00,9281.347632998186,112425.2
2025-10-26 11:00:00,9281.347632998186,113235.2
2025-10-26 12:00:00,9281.347632998186,113530.7
2025-10-26 13:00:00,9281.347632998186,113669.4
2025-10-26 14:00:00,9281.347632998186,113515.2
2025-10-26 15:00:00,9281.347632998186,113648.1
2025-10-26 16:00:00,9281.347632998186,113463.3
2025-10-26 17:00:00,9281.347632998186,113397.1
2025-10-26 18:00:00,9281.347632998186,113540.8
2025-10-26 19:00:00,9281.347632998186,113546.3
2025-10-26 20:00:00,9281.347632998186,113267.8
2025-10-26 21:00:00,9281.347632998186,113457.5
2025-10-26 22:00:00,9281.347632998186,114631.8
2025-10-26 23:00:00,9281.347632998186,114497.8
2025-10-27 00:00:00,9281.347632998186,114705.0
2025-10-27 01:00:00,9281.347632998186,115217.8
2025-10-27 02:00:00,9281.347632998186,114831.1
2025-10-27 03:00:00,9281.347632998186,114927.7
2025-10-27 04:00:00,9281.347632998186,115215.5
2025-10-27 05:00:00,9281.347632998186,115511.1
2025-10-27 06:00:00,9281.347632998186,116008.8
2025-10-27 07:00:00,9281.347632998186,115522.5
2025-10-27 08:00:00,9281.347632998186,114990.2
2025-10-27 09:00:00,9281.347632998186,115204.7
2025-10-27 10:00:00,9281.347632998186,115411.8
2025-10-27 11:00:00,9281.347632998186,115302.3
2025-10-27 12:00:00,9281.347632998186,115016.4
2025-10-27 13:00:00,9281.347632998186,115210.4
2025-10-27 14:00:00,9281.347632998186,114751.0
2025-10-27 15:00:00,9281.347632998186,114914.4
2025-10-27 16:00:00,9281.347632998186,115438.1
2025-10-27 17:00:00,9281.347632998186,115647.4
2025-10-27 18:00:00,9281.347632998186,115277.9
2025-10-27 19:00:00,9281.347632998186,114894.9
2025-10-27 20:00:00,9281.347632998186,114405.4
2025-10-27 21:00:00,9281.347632998186,114258.1
2025-10-27 22:00:00,9281.347632998186,114078.9
2025-10-27 23:00:00,9281.347632998186,114064.1
2025-10-28 00:00:00,9281.347632998186,113921.6
2025-10-28 01:00:00,9281.347632998186,114377.6
2025-10-28 02:00:00,9281.347632998186,113878.4
2025-10-28 03:00:00,9281.347632998186,113863.9
2025-10-28 04:00:00,9281.347632998186,113914.2
2025-10-28 05:00:00,9281.347632998186,113561.9
2025-10-28 06:00:00,9281.347632998186,114060.1
2025-10-28 07:00:00,9281.347632998186,114128.7
2025-10-28 08:00:00,9281.347632998186,114370.5
2025-10-28 09:00:00,9281.347632998186,114470.0
2025-10-28 10:00:00,9281.347632998186,114543.5
2025-10-28 11:00:00,9281.347632998186,114290.7
2025-10-28 12:00:00,9281.347632998186,114402.2
2025-10-28 13:00:00,9281.347632998186,115469.9
2025-10-28 14:00:00,9281.347632998186,115021.8
2025-10-28 15:00:00,9281.347632998186,114571.9
2025-10-28 16:00:00,9281.347632998186,115296.1
2025-10-28 17:00:00,9281.347632998186,115246.7
2025-10-28 18:00:00,9281.347632998186,114971.1
2025-10-28 19:00:00,9281.347632998186,113629.0
2025-10-28 20:00:00,9281.347632998186,112744.6
2025-10-28 21:00:00,9281.347632998186,112935.5
2025-10-28 22:00:00,9281.347632998186,113164.2
2025-10-28 23:00:00,9281.347632998186,112833.5
2025-10-29 00:00:00,9281.347632998186,112382.5
2025-10-29 01:00:00,9281.347632998186,112435.4
2025-10-29 02:00:00,9281.347632998186,112617.9
2025-10-29 03:00:00,9281.347632998186,112459.6
2025-10-29 04:00:00,9281.347632998186,112755.6
2025-10-29 05:00:00,9281.347632998186,112987.0
2025-10-29 06:00:00,9281.347632998186,113232.1
2025-10-29 07:00:00,9281.347632998186,113511.9
2025-10-29 08:00:00,9281.347632998186,113005.4
2025-10-29 09:00:00,9281.347632998186,112935.2
2025-10-29 10:00:00,9281.347632998186,112810.3
2025-10-29 11:00:00,9281.347632998186,113084.5
2025-10-29 12:00:00,9281.347632998186,113102.5
2025-10-29 13:00:00,9281.347632998186,112824.7
2025-10-29 14:00:00,9281.347632998186,112438.9
2025-10-29 15:00:00,9281.347632998186,111460.6
2025-10-29 16:00:00,9281.347632998186,111060.0
2025-10-29 17:00:00,9281.347632998186,111819.3
2025-10-29 18:00:00,9281.347632998186,110743.0
2025-10-29 19:00:00,9281.347632998186,110605.6
2025-10-29 20:00:00,9281.347632998186,111372.0
2025-10-29 21:00:00,9281.347632998186,111558.3
2025-10-29 22:00:00,9281.347632998186,110974.9
2025-10-29 23:00:00,9281.347632998186,109985.6
2025-10-30 00:00:00,9281.347632998186,110496.3
2025-10-30 01:00:00,9281.347632998186,110405.5
2025-10-30 02:00:00,9281.347632998186,110925.8
2025-10-30 03:00:00,9281.347632998186,110694.5
2025-10-30 04:00:00,9281.347632998186,108503.7
2025-10-30 05:00:00,9281.347632998186,110199.7
2025-10-30 06:00:00,9281.347632998186,110720.0
2025-10-30 07:00:00,9281.347632998186,111313.5
2025-10-30 08:00:00,9281.347632998186,110649.6
2025-10-30 09:00:00,9281.347632998186,110129.5
2025-10-30 10:00:00,9281.347632998186,110055.2
2025-10-30 11:00:00,9281.347632998186,109666.0
2025-10-30 12:00:00,9281.347632998186,108337.8
2025-10-30 13:00:00,9281.347632998186,107582.2
2025-10-30 14:00:00,9281.347632998186,108212.1
2025-10-30 15:00:00,9281.347632998186,107670.6
2025-10-30 16:00:00,9281.347632998186,108100.0
2025-10-30 17:00:00,9281.347632998186,107446.3
2025-10-30 18:00:00,9281.347632998186,106793.7
2025-10-30 19:00:00,9281.347632998186,106495.1
2025-10-30 20:00:00,9281.347632998186,107441.2
2025-10-30 21:00:00,9281.347632998186,107847.7
2025-10-30 22:00:00,9281.347632998186,107858.7
2025-10-30 23:00:00,9281.347632998186,108263.5
2025-10-31 00:00:00,9281.347632998186,109276.3
2025-10-31 01:00:00,9281.347632998186,109585.3
2025-10-31 02:00:00,9281.347632998186,108816.3
2025-10-31 03:00:00,9281.347632998186,109186.2
2025-10-31 04:00:00,9281.347632998186,110052.5
2025-10-31 05:00:00,9281.347632998186,109856.6
2025-10-31 06:00:00,9281.347632998186,109604.2
2025-10-31 07:00:00,9281.347632998186,109400.1
2025-10-31 08:00:00,9281.347632998186,110013.0
2025-10-31 09:00:00,9281.347632998186,109813.3
2025-10-31 10:00:00,9281.347632998186,109780.1
2025-10-31 11:00:00,9281.347632998186,110375.7
2025-10-31 12:00:00,9281.347632998186,109610.7
2025-10-31 13:00:00,9281.347632998186,110120.9
2025-10-31 14:00:00,9281.347632998186,110750.5
2025-10-31 15:00:00,9281.347632998186,110160.1
2025-10-31 16:00:00,9281.347632998186,108812.9
2025-10-31 17:00:00,9281.347632998186,109269.5
2025-10-31 18:00:00,9281.347632998186,109415.8
2025-10-31 19:00:00,9281.347632998186,109802.8
2025-10-31 20:00:00,9281.347632998186,109455.4
2025-10-31 21:00:00,9281.347632998186,109530.1
2025-10-31 22:00:00,9281.347632998186,109543.0
2025-10-31 23:00:00,9281.347632998186,109557.3
2025-11-01 00:00:00,9281.347632998186,109689.7
2025-11-01 01:00:00,9281.347632998186,109690.0
2025-11-01 02:00:00,9281.347632998186,109750.0
2025-11-01 03:00:00,9281.347632998186,110194.6
2025-11-01 04:00:00,9281.347632998186,110245.8
2025-11-01 05:00:00,9281.347632998186,110087.7
2025-11-01 06:00:00,9281.347632998186,109956.2
2025-11-01 07:00:00,9281.347632998186,110025.3
2025-11-01 08:00:00,9281.347632998186,110200.3
2025-11-01 09:00:00,9281.347632998186,109954.6
2025-11-01 10:00:00,9281.347632998186,110119.4
2025-11-01 11:00:00,9281.347632998186,110096.2
2025-11-01 12:00:00,9281.347632998186,109972.0
2025-11-01 13:00:00,9281.347632998186,109899.6
2025-11-01 14:00:00,9281.347632998186,109880.0
2025-11-01 15:00:00,9281.347632998186,110253.2
2025-11-01 16:00:00,9281.347632998186,110413.7
2025-11-01 17:00:00,9281.347632998186,110160.1
2025-11-01 18:00:00,9281.347632998186,110294.9
2025-11-01 19:00:00,9281.347632998186,110249.0
2025-11-01 20:00:00,9281.347632998186,110358.4
2025-11-01 21:00:00,9281.347632998186,109815.2
2025-11-01 22:00:00,9281.347632998186,110044.0
2025-11-01 23:00:00,9281.347632998186,110047.2
2025-11-02 00:00:00,9281.347632998186,109932.3
2025-11-02 01:00:00,9281.347632998186,109930.0
2025-11-02 02:00:00,9281.347632998186,109976.4
2025-11-02 03:00:00,9281.347632998186,110008.5
2025-11-02 04:00:00,9281.347632998186,110624.8
2025-11-02 05:00:00,9281.347632998186,110452.7
2025-11-02 06:00:00,9281.347632998186,110610.0
2025-11-02 07:00:00,9281.347632998186,110844.1
2025-11-02 08:00:00,9281.347632998186,110805.7
2025-11-02 09:00:00,9281.347632998186,110657.1
2025-11-02 10:00:00,9281.347632998186,110450.0
2025-11-02 11:00:00,9281.347632998186,111145.4
2025-11-02 12:00:00,9281.347632998186,110690.8
2025-11-02 13:00:00,9281.347632998186,110513.0
2025-11-02 14:00:00,9281.347632998186,110370.7
2025-11-02 15:00:00,9281.347632998186,110066.1
2025-11-02 16:00:00,9281.347632998186,110068.1
2025-11-02 17:00:00,9281.347632998186,110142.2
2025-11-02 18:00:00,9281.347632998186,110283.2
2025-11-02 19:00:00,9281.347632998186,110125.2
2025-11-02 20:00:00,9281.347632998186,110045.6
2025-11-02 21:00:00,9281.347632998186,109947.6
2025-11-02 22:00:00,9281.347632998186,109860.9
2025-11-02 23:00:00,9281.347632998186,110494.9
2025-11-03 00:00:00,9281.347632998186,109700.1
2025-11-03 01:00:00,9281.347632998186,109614.2
2025-11-03 02:00:00,9281.347632998186,108991.7
2025-11-03 03:00:00,9281.347632998186,107886.0
2025-11-03 04:00:00,9281.347632998186,107843.8
2025-11-03 05:00:00,9281.347632998186,107556.9
2025-11-03 06:00:00,9281.347632998186,107452.8
2025-11-03 07:00:00,9281.347632998186,107420.5
2025-11-03 08:00:00,9281.347632998186,107548.6
2025-11-03 09:00:00,9281.347632998186,107173.1
2025-11-03 10:00:00,9281.347632998186,106925.9
2025-11-03 11:00:00,9281.347632998186,107737.4
2025-11-03 12:00:00,9281.347632998186,107717.2
2025-11-03 13:00:00,9281.347632998186,107855.0
2025-11-03 14:00:00,9281.347632998186,108016.5
2025-11-03 15:00:00,9281.347632998186,105718.8
2025-11-03 16:00:00,9281.347632998186,106644.0
2025-11-03 17:00:00,9281.347632998186,107433.2
2025-11-03 18:00:00,9281.347632998186,106905.9
2025-11-03 19:00:00,9281.347632998186,107034.7
2025-11-03 20:00:00,9281.347632998186,106615.9
2025-11-03 21:00:00,9281.347632998186,106849.3
2025-11-03 22:00:00,9281.347632998186,106441.6
2025-11-03 23:00:00,9281.347632998186,106544.0
2025-11-04 00:00:00,9281.347632998186,106428.8
2025-11-04 01:00:00,9281.347632998186,106991.0
2025-11-04 02:00:00,9281.347632998186,106438.0
2025-11-04 03:00:00,9281.347632998186,107097.2
2025-11-04 04:00:00,9281.347632998186,106702.8
2025-11-04 05:00:00,9281.347632998186,104164.3
2025-11-04 06:00:00,9281.347632998186,104702.4
2025-11-04 07:00:00,9281.347632998186,104442.9
2025-11-04 08:00:00,9281.347632998186,104018.4
2025-11-04 09:00:00,9281.347632998186,103822.3
2025-11-04 10:00:00,9281.347632998186,103787.0
2025-11-04 11:00:00,9281.347632998186,104530.7
2025-11-04 12:00:00,9281.347632998186,103907.3
2025-11-04 13:00:00,9281.347632998186,103870.0
2025-11-04 14:00:00,9281.347632998186,104458.4
2025-11-04 15:00:00,9281.347632998186,103157.7
2025-11-04 16:00:00,9281.347632998186,102227.4
2025-11-04 17:00:00,9281.347632998186,101074.8
2025-11-04 18:00:00,9281.347632998186,101317.3
2025-11-04 19:00:00,9281.347632998186,100507.0
2025-11-04 20:00:00,9281.347632998186,100710.1
2025-11-04 21:00:00,9281.347632998186,100274.1
2025-11-04 22:00:00,9281.347632998186,101260.2
2025-11-04 23:00:00,9281.347632998186,101450.3
2025-11-05 00:00:00,9281.347632998186,100522.9
2025-11-05 01:00:00,9281.347632998186,100722.1
2025-11-05 02:00:00,9281.347632998186,101633.7
2025-11-05 03:00:00,9281.347632998186,102094.8
2025-11-05 04:00:00,9281.347632998186,101952.1
2025-11-05 05:00:00,9281.347632998186,101768.2
2025-11-05 06:00:00,9281.347632998186,102068.8
2025-11-05 07:00:00,9281.347632998186,101946.1
2025-11-05 08:00:00,9281.347632998186,101650.8
2025-11-05 09:00:00,9281.347632998186,101949.5
2025-11-05 10:00:00,9281.347632998186,101352.5
2025-11-05 11:00:00,9281.347632998186,102019.4
2025-11-05 12:00:00,9281.347632998186,102622.7
2025-11-05 13:00:00,9281.347632998186,102926.1
2025-11-05 14:00:00,9281.347632998186,103162.6
2025-11-05 15:00:00,9281.347632998186,103668.3
2025-11-05 16:00:00,9281.347632998186,103865.0
2025-11-05 17:00:00,9281.347632998186,103850.6
2025-11-05 18:00:00,9281.347632998186,104292.8
2025-11-05 19:00:00,9281.347632998186,103950.0
2025-11-05 20:00:00,9281.347632998186,103788.0
2025-11-05 21:00:00,9281.347632998186,103626.0
2025-11-05 22:00:00,9281.347632998186,103671.9
2025-11-05 23:00:00,9281.347632998186,103837.0
2025-11-06 00:00:00,9281.347632998186,103631.5
2025-11-06 01:00:00,9281.347632998186,103315.4
2025-11-06 02:00:00,9281.347632998186,103278.2
2025-11-06 03:00:00,9281.347632998186,103598.3
2025-11-06 04:00:00,9281.347632998186,103987.5
2025-11-06 05:00:00,9281.347632998186,103103.5
2025-11-06 06:00:00,9281.347632998186,103268.7
2025-11-06 07:00:00,9281.347632998186,103138.6
2025-11-06 08:00:00,9281.347632998186,103161.2
2025-11-06 09:00:00,9281.347632998186,102766.3
2025-11-06 10:00:00,9281.347632998186,103090.0
2025-11-06 11:00:00,9281.347632998186,103182.6
2025-11-06 12:00:00,9281.347632998186,102507.1
2025-11-06 13:00:00,9281.347632998186,103270.0
2025-11-06 14:00:00,9281.347632998186,102083.1
2025-11-06 15:00:00,9281.347632998186,101981.6
2025-11-06 16:00:00,9281.347632998186,100830.6
2025-11-06 17:00:00,9281.347632998186,101762.2
2025-11-06 18:00:00,9281.347632998186,101670.0
2025-11-06 19:00:00,9281.347632998186,101335.9
2025-11-06 20:00:00,9281.347632998186,100873.8
2025-11-06 21:00:00,9281.347632998186,101071.8
2025-11-06 22:00:00,9281.347632998186,101364.2
2025-11-06 23:00:00,9281.347632998186,101305.6
2025-11-07 00:00:00,9281.347632998186,101434.5
2025-11-07 01:00:00,9281.347632998186,101501.3
2025-11-07 02:00:00,9281.347632998186,101863.8
2025-11-07 03:00:00,9281.347632998186,101863.5
2025-11-07 04:00:00,9281.347632998186,101974.1
2025-11-07 05:00:00,9281.347632998186,102400.0
2025-11-07 06:00:00,9281.347632998186,101778.7
2025-11-07 07:00:00,9281.347632998186,101978.8
2025-11-07 08:00:00,9281.347632998186,101461.8
2025-11-07 09:00:00,9281.347632998186,100968.1
2025-11-07 10:00:00,9281.347632998186,100725.3
2025-11-07 11:00:00,9281.347632998186,100369.1
2025-11-07 12:00:00,9281.347632998186,99608.9
2025-11-07 13:00:00,9281.347632998186,100295.1
2025-11-07 14:00:00,9281.347632998186,100753.6
2025-11-07 15:00:00,9281.347632998186,100758.0
2025-11-07 16:00:00,9281.347632998186,101128.4
2025-11-07 17:00:00,9281.347632998186,102354.6
2025-11-07 18:00:00,9281.347632998186,102551.3
2025-11-07 19:00:00,9281.347632998186,103350.0
2025-11-07 20:00:00,9281.347632998186,103718.4
2025-11-07 21:00:00,9281.347632998186,103844.9
2025-11-07 22:00:00,9281.347632998186,103586.6
2025-11-07 23:00:00,9281.347632998186,103305.2
2025-11-08 00:00:00,9281.347632998186,102674.6
2025-11-08 01:00:00,9281.347632998186,102955.8
2025-11-08 02:00:00,9281.347632998186,102804.9
2025-11-08 03:00:00,9281.347632998186,102545.8
2025-11-08 04:00:00,9281.347632998186,102504.9
2025-11-08 05:00:00,9281.347632998186,102257.4
2025-11-08 06:00:00,9281.347632998186,102171.8
2025-11-08 07:00:00,9281.347632998186,102302.9
2025-11-08 08:00:00,9281.347632998186,102392.1
2025-11-08 09:00:00,9281.347632998186,102354.7
2025-11-08 10:00:00,9281.347632998186,102430.8
2025-11-08 11:00:00,9281.347632998186,101805.6
2025-11-08 12:00:00,9281.347632998186,102011.7
2025-11-08 13:00:00,9281.347632998186,101758.9
2025-11-08 14:00:00,9281.347632998186,101786.2
2025-11-08 15:00:00,9281.347632998186,101678.0
2025-11-08 16:00:00,9281.347632998186,101808.9
2025-11-08 17:00:00,9281.347632998186,101945.1
2025-11-08 18:00:00,9281.347632998186,102084.4
2025-11-08 19:00:00,9281.347632998186,101934.3
2025-11-08 20:00:00,9281.347632998186,102024.4
2025-11-08 21:00:00,9281.347632998186,102224.1
2025-11-08 22:00:00,9281.347632998186,102325.4
2025-11-08 23:00:00,9281.347632998186,102269.3
2025-11-09 00:00:00,9281.347632998186,101749.9
2025-11-09 01:00:00,9281.347632998186,101995.4
2025-11-09 02:00:00,9281.347632998186,101589.7
2025-11-09 03:00:00,9281.347632998186,101622.9
2025-11-09 04:00:00,9281.347632998186,101673.8
2025-11-09 05:00:00,9281.347632998186,101879.9
2025-11-09 06:00:00,9281.347632998186,101698.9
2025-11-09 07:00:00,9281.347632998186,101898.2
2025-11-09 08:00:00,9281.347632998186,101938.3
2025-11-09 09:00:00,9281.347632998186,101602.2
2025-11-09 10:00:00,9281.347632998186,101829.4
2025-11-09 11:00:00,9281.347632998186,102198.2
2025-11-09 12:00:00,9281.347632998186,102038.3
2025-11-09 13:00:00,9281.347632998186,102877.9
2025-11-09 14:00:00,9281.347632998186,102994.4
2025-11-09 15:00:00,9281.347632998186,103715.8
2025-11-09 16:00:00,9281.347632998186,103814.8
2025-11-09 17:00:00,9281.347632998186,103607.6
2025-11-09 18:00:00,9281.347632998186,104479.8
2025-11-09 19:00:00,9281.347632998186,104764.1
2025-11-09 20:00:00,9281.347632998186,104585.5
2025-11-09 21:00:00,9281.347632998186,104483.6
2025-11-09 22:00:00,9281.347632998186,104676.8
2025-11-09 23:00:00,9281.347632998186,104670.6
2025-11-10 00:00:00,9281.347632998186,106268.0
2025-11-10 01:00:00,9281.347632998186,105683.0
2025-11-10 02:00:00,9281.347632998186,105965.9
2025-11-10 03:00:00,9281.347632998186,105990.6
2025-11-10 04:00:00,9281.347632998186,106115.9
2025-11-10 05:00:00,9281.347632998186,106050.0
2025-11-10 06:00:00,9281.347632998186,106166.6
2025-11-10 07:00:00,9281.347632998186,106417.7
2025-11-10 08:00:00,9281.347632998186,105931.2
2025-11-10 09:00:00,9281.347632998186,106402.0
2025-11-10 10:00:00,9281.347632998186,105946.1
2025-11-10 11:00:00,9281.347632998186,106136.6
2025-11-10 12:00:00,9281.347632998186,105900.1
2025-11-10 13:00:00,9281.347632998186,106509.4
2025-11-10 14:00:00,9281.347632998186,104846.5
2025-11-10 15:00:00,9281.347632998186,105028.9
2025-11-10 16:00:00,9281.347632998186,105189.2
2025-11-10 17:00:00,9281.347632998186,105906.6
2025-11-10 18:00:00,9281.347632998186,105435.8
2025-11-10 19:00:00,9281.347632998186,105767.2
2025-11-10 20:00:00,9281.347632998186,105956.7
2025-11-10 21:00:00,9281.347632998186,105583.5
2025-11-10 22:00:00,9281.347632998186,106003.8
2025-11-10 23:00:00,9281.347632998186,105966.3
2025-11-11 00:00:00,9281.347632998186,106100.0
2025-11-11 01:00:00,9281.347632998186,106047.4
2025-11-11 02:00:00,9281.347632998186,106595.8
2025-11-11 03:00:00,9281.347632998186,106407.3
2025-11-11 04:00:00,9281.347632998186,105709.0
2025-11-11 05:00:00,9281.347632998186,105203.4
2025-11-11 06:00:00,9281.347632998186,105202.0
2025-11-11 07:00:00,9281.347632998186,104737.0
2025-11-11 08:00:00,9281.347632998186,105110.5
2025-11-11 09:00:00,9281.347632998186,104920.6
2025-11-11 10:00:00,9281.347632998186,105120.5
2025-11-11 11:00:00,9281.347632998186,105256.2
2025-11-11 12:00:00,9281.347632998186,104500.0
2025-11-11 13:00:00,9281.347632998186,104350.1
2025-11-11 14:00:00,9281.347632998186,104517.8
2025-11-11 15:00:00,9281.347632998186,103417.2
2025-11-11 16:00:00,9281.347632998186,103366.6
2025-11-11 17:00:00,9281.347632998186,103294.0
2025-11-11 18:00:00,9281.347632998186,103344.6
2025-11-11 19:00:00,9281.347632998186,103073.6
2025-11-11 20:00:00,9281.347632998186,102774.8
2025-11-11 21:00:00,9281.347632998186,102598.4
2025-11-11 22:00:00,9281.347632998186,102940.1
2025-11-11 23:00:00,9281.347632998186,103005.8
2025-11-12 00:00:00,9281.347632998186,102838.4
2025-11-12 01:00:00,9281.347632998186,103200.1
2025-11-12 02:00:00,9281.347632998186,103099.3
2025-11-12 03:00:00,9281.347632998186,103267.2
2025-11-12 04:00:00,9281.347632998186,103199.9
2025-11-12 05:00:00,9281.347632998186,103350.0
2025-11-12 06:00:00,9281.347632998186,103305.9
2025-11-12 07:00:00,9281.347632998186,103066.7
2025-11-12 08:00:00,9281.347632998186,104100.0
2025-11-12 09:00:00,9281.347632998186,104475.4
2025-11-12 10:00:00,9281.347632998186,104844.9
2025-11-12 11:00:00,9281.347632998186,104979.9
2025-11-12 12:00:00,9281.347632998186,104947.8
2025-11-12 13:00:00,9281.347632998186,104993.8
2025-11-12 14:00:00,9281.347632998186,103948.5
2025-11-12 15:00:00,9281.347632998186,102124.9
2025-11-12 16:00:00,9281.347632998186,101393.1
2025-11-12 17:00:00,9281.347632998186,101700.0
2025-11-12 18:00:00,9281.347632998186,101493.6
2025-11-12 19:00:00,9281.347632998186,101245.4
2025-11-12 20:00:00,9281.347632998186,101494.9
2025-11-12 21:00:00,9281.347632998186,101880.1
2025-11-12 22:00:00,9281.347632998186,101922.6
2025-11-12 23:00:00,9281.347632998186,101605.8
2025-11-13 00:00:00,9281.347632998186,101813.1
2025-11-13 01:00:00,9281.347632998186,101960.1
2025-11-13 02:00:00,9281.347632998186,102015.0
2025-11-13 03:00:00,9281.347632998186,102088.1
2025-11-13 04:00:00,9281.347632998186,102067.2
2025-11-13 05:00:00,9281.347632998186,103097.5
2025-11-13 06:00:00,9281.347632998186,103555.0
2025-11-13 07:00:00,9281.347632998186,103430.9
2025-11-13 08:00:00,9281.347632998186,103635.1
2025-11-13 09:00:00,9281.347632998186,102792.2
2025-11-13 10:00:00,9281.347632998186,102951.2
2025-11-13 11:00:00,9281.347632998186,102900.0
2025-11-13 12:00:00,9281.347632998186,103100.0
2025-11-13 13:00:00,9281.347632998186,102282.2
2025-11-13 14:00:00,9281.347632998186,102823.4
2025-11-13 15:00:00,9281.347632998186,101338.0
2025-11-13 16:00:00,9281.347632998186,100580.2
2025-11-13 17:00:00,9281.347632998186,99601.4
2025-11-13 18:00:00,9281.347632998186,98539.7
2025-11-13 19:00:00,9281.347632998186,98643.1
2025-11-13 20:00:00,9281.347632998186,98131.6
2025-11-13 21:00:00,9281.347632998186,98764.1
2025-11-13 22:00:00,9281.347632998186,99820.6
2025-11-13 23:00:00,9281.347632998186,99654.3
2025-11-14 00:00:00,9281.347632998186,98941.0
2025-11-14 01:00:00,9281.347632998186,99208.8
2025-11-14 02:00:00,9281.347632998186,99573.4
2025-11-14 03:00:00,9281.347632998186,99103.3
2025-11-14 04:00:00,9281.347632998186,97789.7
2025-11-14 05:00:00,9281.347632998186,97491.9
2025-11-14 06:00:00,9281.347632998186,97530.9
2025-11-14 07:00:00,9281.347632998186,97099.9
2025-11-14 08:00:00,9281.347632998186,97333.2
2025-11-14 09:00:00,9281.347632998186,96808.2
2025-11-14 10:00:00,9281.347632998186,96703.8
2025-11-14 11:00:00,9281.347632998186,96134.6
2025-11-14 12:00:00,9281.347632998186,95327.0
2025-11-14 13:00:00,9281.347632998186,95209.0
2025-11-14 14:00:00,9281.347632998186,96497.7
2025-11-14 15:00:00,9281.347632998186,96752.6
2025-11-14 16:00:00,9281.347632998186,96972.5
2025-11-14 17:00:00,9281.347632998186,95813.8
2025-11-14 18:00:00,9281.347632998186,95023.9
2025-11-14 19:00:00,9281.347632998186,95737.3
2025-11-14 20:00:00,9281.347632998186,94336.6
2025-11-14 21:00:00,9281.347632998186,95023.3
2025-11-14 22:00:00,9281.347632998186,95147.6
2025-11-14 23:00:00,9281.347632998186,94544.9
2025-11-15 00:00:00,9281.347632998186,95120.0
2025-11-15 01:00:00,9281.347632998186,95617.0
2025-11-15 02:00:00,9281.347632998186,96452.5
2025-11-15 03:00:00,9281.347632998186,96388.5
2025-11-15 04:00:00,9281.347632998186,96077.4
2025-11-15 05:00:00,9281.347632998186,96304.0
2025-11-15 06:00:00,9281.347632998186,96093.5
2025-11-15 07:00:00,9281.347632998186,96289.4
2025-11-15 08:00:00,9281.347632998186,95878.8
2025-11-15 09:00:00,9281.347632998186,95774.1
2025-11-15 10:00:00,9281.347632998186,95912.0
2025-11-15 11:00:00,9281.347632998186,95657.3
2025-11-15 12:00:00,9281.347632998186,95766.1
2025-11-15 13:00:00,9281.347632998186,96325.7
2025-11-15 14:00:00,9281.347632998186,96201.8
2025-11-15 15:00:00,9281.347632998186,96222.1
2025-11-15 16:00:00,9281.347632998186,96111.4
2025-11-15 17:00:00,9281.347632998186,96198.0
2025-11-15 18:00:00,9281.347632998186,96009.6
2025-11-15 19:00:00,9281.347632998186,95967.7
2025-11-15 20:00:00,9281.347632998186,95249.5
2025-11-15 21:00:00,9281.347632998186,95245.4
2025-11-15 22:00:00,9281.347632998186,95577.4
2025-11-15 23:00:00,9281.347632998186,95560.3
2025-11-16 00:00:00,9281.347632998186,95327.0
2025-11-16 01:00:00,9281.347632998186,95243.7
2025-11-16 02:00:00,9281.347632998186,95934.3
2025-11-16 03:00:00,9281.347632998186,95782.0
2025-11-16 04:00:00,9281.347632998186,95781.0
2025-11-16 05:00:00,9281.347632998186,95850.0
2025-11-16 06:00:00,9281.347632998186,95762.8
2025-11-16 07:00:00,9281.347632998186,96064.8
2025-11-16 08:00:00,9281.347632998186,96083.5
2025-11-16 09:00:00,9281.347632998186,96597.4
2025-11-16 10:00:00,9281.347632998186,96412.7
2025-11-16 11:00:00,9281.347632998186,95588.0
2025-11-16 12:00:00,9281.347632998186,95713.7
2025-11-16 13:00:00,9281.347632998186,95371.8
2025-11-16 14:00:00,9281.347632998186,95487.0
2025-11-16 15:00:00,9281.347632998186,94531.3
2025-11-16 16:00:00,9281.347632998186,94185.4
2025-11-16 17:00:00,9281.347632998186,94328.0
2025-11-16 18:00:00,9281.347632998186,94005.9
2025-11-16 19:00:00,9281.347632998186,93994.5
2025-11-16 20:00:00,9281.347632998186,94051.1
2025-11-16 21:00:00,9281.347632998186,93472.9
2025-11-16 22:00:00,9281.347632998186,94156.7
2025-11-16 23:00:00,9281.347632998186,94221.7
2025-11-17 00:00:00,9281.347632998186,95254.4
2025-11-17 01:00:00,9281.347632998186,94732.5
2025-11-17 02:00:00,9281.347632998186,94942.1
2025-11-17 03:00:00,9281.347632998186,95472.1
2025-11-17 04:00:00,9281.347632998186,95067.8
2025-11-17 05:00:00,9281.347632998186,95088.6
2025-11-17 06:00:00,9281.347632998186,95237.3
2025-11-17 07:00:00,9281.347632998186,95587.9
2025-11-17 08:00:00,9281.347632998186,95577.3
2025-11-17 09:00:00,9281.347632998186,95608.0
2025-11-17 10:00:00,9281.347632998186,95607.6
2025-11-17 11:00:00,9281.347632998186,95530.1
2025-11-17 12:00:00,9281.347632998186,95283.4
2025-11-17 13:00:00,9281.347632998186,93913.5
2025-11-17 14:00:00,9281.347632998186,94730.2
2025-11-17 15:00:00,9281.347632998186,93915.7
2025-11-17 16:00:00,9281.347632998186,94267.0
2025-11-17 17:00:00,9281.347632998186,92724.0
2025-11-17 18:00:00,9281.347632998186,92504.2
2025-11-17 19:00:00,9281.347632998186,91656.2
2025-11-17 20:00:00,9281.347632998186,91880.5
2025-11-17 21:00:00,9281.347632998186,91925.7
2025-11-17 22:00:00,9281.347632998186,92213.1
2025-11-17 23:00:00,9281.347632998186,92169.7
2025-11-18 00:00:00,9281.347632998186,92120.2
2025-11-18 01:00:00,9281.347632998186,91681.2
2025-11-18 02:00:00,9281.347632998186,90837.6
2025-11-18 03:00:00,9281.347632998186,90811.9
2025-11-18 04:00:00,9281.347632998186,90049.4
2025-11-18 05:00:00,9281.347632998186,90185.9
2025-11-18 06:00:00,9281.347632998186,89615.9
2025-11-18 07:00:00,9281.347632998186,90459.1
2025-11-18 08:00:00,9281.347632998186,91179.9
2025-11-18 09:00:00,9281.347632998186,91361.7
2025-11-18 10:00:00,9281.347632998186,91536.3
2025-11-18 11:00:00,9281.347632998186,91473.6
2025-11-18 12:00:00,9281.347632998186,91470.1
2025-11-18 13:00:00,9281.347632998186,91438.4
2025-11-18 14:00:00,9281.347632998186,91315.9
2025-11-18 15:00:00,9281.347632998186,92851.4
2025-11-18 16:00:00,9281.347632998186,93447.3
2025-11-18 17:00:00,9281.347632998186,93215.7
2025-11-18 18:00:00,9281.347632998186,93290.6
2025-11-18 19:00:00,9281.347632998186,93143.1
2025-11-18 20:00:00,9281.347632998186,92756.8
2025-11-18 21:00:00,9281.347632998186,92459.0
2025-11-18 22:00:00,9281.347632998186,93119.6
2025-11-18 23:00:00,9281.347632998186,92916.9
2025-11-19 00:00:00,9281.347632998186,92377.6
2025-11-19 01:00:00,9281.347632998186,92410.2
2025-11-19 02:00:00,9281.347632998186,92529.2
2025-11-19 03:00:00,9281.347632998186,91842.2
2025-11-19 04:00:00,9281.347632998186,91120.3
2025-11-19 05:00:00,9281.347632998186,90415.7
2025-11-19 06:00:00,9281.347632998186,90938.5
2025-11-19 07:00:00,9281.347632998186,91826.6
2025-11-19 08:00:00,9281.347632998186,91435.4
2025-11-19 09:00:00,9281.347632998186,91480.0
2025-11-19 10:00:00,9281.347632998186,91267.0
2025-11-19 11:00:00,9281.347632998186,91372.4
2025-11-19 12:00:00,9281.347632998186,91737.0
2025-11-19 13:00:00,9281.347632998186,91362.0
2025-11-19 14:00:00,9281.347632998186,91670.6
2025-11-19 15:00:00,9281.347632998186,89901.0
2025-11-19 16:00:00,9281.347632998186,89863.2
2025-11-19 17:00:00,9281.347632998186,89459.9
2025-11-19 18:00:00,9281.347632998186,89214.4
2025-11-19 19:00:00,9281.347632998186,88857.7
2025-11-19 20:00:00,9281.347632998186,89472.8
2025-11-19 21:00:00,9281.347632998186,90553.9
2025-11-19 22:00:00,9281.347632998186,90434.3
2025-11-19 23:00:00,9281.347632998186,91508.9
2025-11-20 00:00:00,9281.347632998186,91850.1
2025-11-20 01:00:00,9281.347632998186,92556.0
2025-11-20 02:00:00,9281.347632998186,92555.9
2025-11-20 03:00:00,9281.347632998186,92404.6
2025-11-20 04:00:00,9281.347632998186,92936.7
2025-11-20 05:00:00,9281.347632998186,92581.7
2025-11-20 06:00:00,9281.347632998186,91938.1
2025-11-20 07:00:00,9281.347632998186,92267.4
2025-11-20 08:00:00,9281.347632998186,92082.3
2025-11-20 09:00:00,9281.347632998186,91874.1
2025-11-20 10:00:00,9281.347632998186,91770.0
2025-11-20 11:00:00,9281.347632998186,91892.6
2025-11-20 12:00:00,9281.347632998186,91797.3
2025-11-20 13:00:00,9281.347632998186,91479.7
2025-11-20 14:00:00,9281.347632998186,91064.5
2025-11-20 15:00:00,9281.347632998186,89835.4
2025-11-20 16:00:00,9281.347632998186,87855.5
2025-11-20 17:00:00,9281.347632998186,87186.1
2025-11-20 18:00:00,9281.347632998186,86445.7
2025-11-20 19:00:00,9281.347632998186,86880.3
2025-11-20 20:00:00,9281.347632998186,86432.8
2025-11-20 21:00:00,9281.347632998186,87235.0
2025-11-20 22:00:00,9281.347632998186,88033.8
2025-11-20 23:00:00,9281.347632998186,86601.3
2025-11-21 00:00:00,9281.347632998186,87249.9
2025-11-21 01:00:00,9281.347632998186,87017.4
2025-11-21 02:00:00,9281.347632998186,85396.4
2025-11-21 03:00:00,9281.347632998186,85782.5
2025-11-21 04:00:00,9281.347632998186,86016.6
2025-11-21 05:00:00,9281.347632998186,86148.2
2025-11-21 06:00:00,9281.347632998186,85541.3
2025-11-21 07:00:00,9281.347632998186,84006.7
2025-11-21 08:00:00,9281.347632998186,83609.6
2025-11-21 09:00:00,9281.347632998186,82188.7
2025-11-21 10:00:00,9281.347632998186,82673.1
2025-11-21 11:00:00,9281.347632998186,82279.1
2025-11-21 12:00:00,9281.347632998186,83240.1
2025-11-21 13:00:00,9281.347632998186,84065.2
2025-11-21 14:00:00,9281.347632998186,84801.0
2025-11-21 15:00:00,9281.347632998186,82905.1
2025-11-21 16:00:00,9281.347632998186,84883.1
2025-11-21 17:00:00,9281.347632998186,84842.7
2025-11-21 18:00:00,9281.347632998186,84534.2
2025-11-21 19:00:00,9281.347632998186,84167.2
2025-11-21 20:00:00,9281.347632998186,84529.0
2025-11-21 21:00:00,9281.347632998186,85142.4
2025-11-21 22:00:00,9281.347632998186,84242.3
2025-11-21 23:00:00,9281.347632998186,85093.5
2025-11-22 00:00:00,9281.347632998186,84695.1
2025-11-22 01:00:00,9281.347632998186,85143.0
2025-11-22 02:00:00,9281.347632998186,84492.0
2025-11-22 03:00:00,9281.347632998186,84414.1
2025-11-22 04:00:00,9281.347632998186,84206.7
2025-11-22 05:00:00,9281.347632998186,84250.0
2025-11-22 06:00:00,9281.347632998186,84597.5
2025-11-22 07:00:00,9281.347632998186,84537.4
2025-11-22 08:00:00,9281.347632998186,83979.3
2025-11-22 09:00:00,9281.347632998186,83898.5
2025-11-22 10:00:00,9281.347632998186,83666.1
2025-11-22 11:00:00,9281.347632998186,84066.2
2025-11-22 12:00:00,9281.347632998186,83845.2
2025-11-22 13:00:00,9281.347632998186,83908.0
2025-11-22 14:00:00,9281.347632998186,84451.5
2025-11-22 15:00:00,9281.347632998186,84239.9
2025-11-22 16:00:00,9281.347632998186,84659.7
2025-11-22 17:00:00,9281.347632998186,84515.5
2025-11-22 18:00:00,9281.347632998186,84624.8
2025-11-22 19:00:00,9281.347632998186,84566.7
2025-11-22 20:00:00,9281.347632998186,84426.7
2025-11-22 21:00:00,9281.347632998186,84370.0
2025-11-22 22:00:00,9281.347632998186,85020.6
2025-11-22 23:00:00,9281.347632998186,84689.4
2025-11-23 00:00:00,9281.347632998186,84929.1
2025-11-23 01:00:00,9281.347632998186,85837.5
2025-11-23 02:00:00,9281.347632998186,85948.4
2025-11-23 03:00:00,9281.347632998186,86261.0
2025-11-23 04:00:00,9281.347632998186,86499.3
2025-11-23 05:00:00,9281.347632998186,86315.3
2025-11-23 06:00:00,9281.347632998186,85819.8
2025-11-23 07:00:00,9281.347632998186,85732.0
2025-11-23 08:00:00,9281.347632998186,86100.0
2025-11-23 09:00:00,9281.347632998186,86348.2
2025-11-23 10:00:00,9281.347632998186,86023.9
2025-11-23 11:00:00,9281.347632998186,86290.3
2025-11-23 12:00:00,9281.347632998186,86485.1
2025-11-23 13:00:00,9281.347632998186,86887.9
2025-11-23 14:00:00,9281.347632998186,86512.2
2025-11-23 15:00:00,9281.347632998186,87042.8
2025-11-23 16:00:00,9281.347632998186,86647.4
2025-11-23 17:00:00,9281.347632998186,86699.4
2025-11-23 18:00:00,9281.347632998186,86950.8
2025-11-23 19:00:00,9281.347632998186,87276.7
2025-11-23 20:00:00,9281.347632998186,87435.0
2025-11-23 21:00:00,9281.347632998186,87945.0
2025-11-23 22:00:00,9281.347632998186,87964.7
2025-11-23 23:00:00,9281.347632998186,86807.7
2025-11-24 00:00:00,9281.347632998186,86701.8
2025-11-24 01:00:00,9281.347632998186,87033.6
2025-11-24 02:00:00,9281.347632998186,87483.6
2025-11-24 03:00:00,9281.347632998186,87408.8
2025-11-24 04:00:00,9281.347632998186,86682.7
2025-11-24 05:00:00,9281.347632998186,87425.3
2025-11-24 06:00:00,9281.347632998186,86862.1
2025-11-24 07:00:00,9281.347632998186,87004.6
2025-11-24 08:00:00,9281.347632998186,86916.5
2025-11-24 09:00:00,9281.347632998186,85913.7
2025-11-24 10:00:00,9281.347632998186,86017.1
2025-11-24 11:00:00,9281.347632998186,86232.5
2025-11-24 12:00:00,9281.347632998186,85967.3
2025-11-24 13:00:00,9281.347632998186,86114.7
2025-11-24 14:00:00,9281.347632998186,86128.0
2025-11-24 15:00:00,9281.347632998186,86571.0
2025-11-24 16:00:00,9281.347632998186,87123.2
2025-11-24 17:00:00,9281.347632998186,88314.9
2025-11-24 18:00:00,9281.347632998186,88658.9
2025-11-24 19:00:00,9281.347632998186,88277.0
2025-11-24 20:00:00,9281.347632998186,89018.7
2025-11-24 21:00:00,9281.347632998186,88713.3
2025-11-24 22:00:00,9281.347632998186,88584.7
2025-11-24 23:00:00,9281.347632998186,88247.1
2025-11-25 00:00:00,9281.347632998186,88057.9
2025-11-25 01:00:00,9281.347632998186,87687.5
2025-11-25 02:00:00,9281.347632998186,87864.4
2025-11-25 03:00:00,9281.347632998186,87775.1
2025-11-25 04:00:00,9281.347632998186,88298.9
2025-11-25 05:00:00,9281.347632998186,88078.3
2025-11-25 06:00:00,9281.347632998186,87963.8
2025-11-25 07:00:00,9281.347632998186,87362.2
2025-11-25 08:00:00,9281.347632998186,86978.6
2025-11-25 09:00:00,9281.347632998186,87194.3
2025-11-25 10:00:00,9281.347632998186,87358.6
2025-11-25 11:00:00,9281.347632998186,87311.9
2025-11-25 12:00:00,9281.347632998186,87470.6
2025-11-25 13:00:00,9281.347632998186,87027.8
2025-11-25 14:00:00,9281.347632998186,86695.0
2025-11-25 15:00:00,9281.347632998186,86946.5
2025-11-25 16:00:00,9281.347632998186,87081.0
2025-11-25 17:00:00,9281.347632998186,87581.1
2025-11-25 18:00:00,9281.347632998186,87195.5
2025-11-25 19:00:00,9281.347632998186,86835.0
2025-11-25 20:00:00,9281.347632998186,87330.8
2025-11-25 21:00:00,9281.347632998186,86993.5
2025-11-25 22:00:00,9281.347632998186,87606.2
2025-11-25 23:00:00,9281.347632998186,87324.1
2025-11-26 00:00:00,9281.347632998186,87536.7
2025-11-26 01:00:00,9281.347632998186,87878.7
2025-11-26 02:00:00,9281.347632998186,87672.5
2025-11-26 03:00:00,9281.347632998186,87088.5
2025-11-26 04:00:00,9281.347632998186,87190.0
2025-11-26 05:00:00,9281.347632998186,87479.9
2025-11-26 06:00:00,9281.347632998186,87762.4
2025-11-26 07:00:00,9281.347632998186,87896.2
2025-11-26 08:00:00,9281.347632998186,87380.6
2025-11-26 09:00:00,9281.347632998186,86799.9
2025-11-26 10:00:00,9281.347632998186,86916.1
2025-11-26 11:00:00,9281.347632998186,87049.2
2025-11-26 12:00:00,9281.347632998186,86601.1
2025-11-26 13:00:00,9281.347632998186,87082.0
2025-11-26 14:00:00,9281.347632998186,86858.1
2025-11-26 15:00:00,9281.347632998186,86926.2
2025-11-26 16:00:00,9281.347632998186,87778.9
2025-11-26 17:00:00,9281.347632998186,89792.5
2025-11-26 18:00:00,9281.347632998186,90103.4
2025-11-26 19:00:00,9281.347632998186,89923.3
2025-11-26 20:00:00,9281.347632998186,89811.0
2025-11-26 21:00:00,9281.347632998186,90142.8
2025-11-26 22:00:00,9281.347632998186,90330.5
2025-11-26 23:00:00,9281.347632998186,90438.1
2025-11-27 00:00:00,9281.347632998186,90426.6
2025-11-27 01:00:00,9281.347632998186,91094.8
2025-11-27 02:00:00,9281.347632998186,91335.4
2025-11-27 03:00:00,9281.347632998186,91049.3
2025-11-27 04:00:00,9281.347632998186,91233.0
2025-11-27 05:00:00,9281.347632998186,90932.0
2025-11-27 06:00:00,9281.347632998186,91198.6
2025-11-27 07:00:00,9281.347632998186,91361.5
2025-11-27 08:00:00,9281.347632998186,91440.2
2025-11-27 09:00:00,9281.347632998186,91523.6
2025-11-27 10:00:00,9281.347632998186,91566.0
2025-11-27 11:00:00,9281.347632998186,91334.9
2025-11-27 12:00:00,9281.347632998186,90954.6
2025-11-27 13:00:00,9281.347632998186,90813.7
2025-11-27 14:00:00,9281.347632998186,90744.6
2025-11-27 15:00:00,9281.347632998186,90912.9
2025-11-27 16:00:00,9281.347632998186,91410.1
2025-11-27 17:00:00,9281.347632998186,91431.0
2025-11-27 18:00:00,9281.347632998186,91741.1
2025-11-27 19:00:00,9281.347632998186,91489.0
2025-11-27 20:00:00,9281.347632998186,91387.6
2025-11-27 21:00:00,9281.347632998186,91373.4
2025-11-27 22:00:00,9281.347632998186,91285.0
2025-11-27 23:00:00,9281.347632998186,91292.2
2025-11-28 00:00:00,9281.347632998186,91173.3
2025-11-28 01:00:00,9281.347632998186,90754.3
2025-11-28 02:00:00,9281.347632998186,91035.7
2025-11-28 03:00:00,9281.347632998186,91168.0
2025-11-28 04:00:00,9281.347632998186,91381.4
2025-11-28 05:00:00,9281.347632998186,91576.6
2025-11-28 06:00:00,9281.347632998186,91255.3
2025-11-28 07:00:00,9281.347632998186,90870.2
2025-11-28 08:00:00,9281.347632998186,91649.9
2025-11-28 09:00:00,9281.347632998186,91560.8
2025-11-28 10:00:00,9281.347632998186,91802.8
2025-11-28 11:00:00,9281.347632998186,91382.9
2025-11-28 12:00:00,9281.347632998186,91468.4
2025-11-28 13:00:00,9281.347632998186,92329.2
2025-11-28 14:00:00,9281.347632998186,92202.1
2025-11-28 15:00:00,9281.347632998186,92299.9
2025-11-28 16:00:00,9281.347632998186,90880.1
2025-11-28 17:00:00,9281.347632998186,90620.5
2025-11-28 18:00:00,9281.347632998186,90787.8
2025-11-28 19:00:00,9281.347632998186,91106.1
2025-11-28 20:00:00,9281.347632998186,91147.6
2025-11-28 21:00:00,9281.347632998186,90831.8
2025-11-28 22:00:00,9281.347632998186,91073.5
2025-11-28 23:00:00,9281.347632998186,90847.8
2025-11-29 00:00:00,9281.347632998186,90837.5
2025-11-29 01:00:00,9281.347632998186,90839.2
2025-11-29 02:00:00,9281.347632998186,90751.4
2025-11-29 03:00:00,9281.347632998186,90638.0
2025-11-29 04:00:00,9281.347632998186,90859.6
2025-11-29 05:00:00,9281.347632998186,90712.5
2025-11-29 06:00:00,9281.347632998186,90513.3
2025-11-29 07:00:00,9281.347632998186,90523.5
2025-11-29 08:00:00,9281.347632998186,90592.6
2025-11-29 09:00:00,9281.347632998186,90518.1
2025-11-29 10:00:00,9281.347632998186,90510.2
2025-11-29 11:00:00,9281.347632998186,90633.7
2025-11-29 12:00:00,9281.347632998186,90572.5
2025-11-29 13:00:00,9281.347632998186,90738.5
2025-11-29 14:00:00,9281.347632998186,90582.2
2025-11-29 15:00:00,9281.347632998186,91030.0
2025-11-29 16:00:00,9281.347632998186,90962.1
2025-11-29 17:00:00,9281.347632998186,90381.2
2025-11-29 18:00:00,9281.347632998186,90652.9
2025-11-29 19:00:00,9281.347632998186,90602.9
2025-11-29 20:00:00,9281.347632998186,90921.7
2025-11-29 21:00:00,9281.347632998186,90970.0
2025-11-29 22:00:00,9281.347632998186,90717.2
2025-11-29 23:00:00,9281.347632998186,90765.0
2025-11-30 00:00:00,9281.347632998186,90853.6
2025-11-30 01:00:00,9281.347632998186,90866.0
2025-11-30 02:00:00,9281.347632998186,90745.2
2025-11-30 03:00:00,9281.347632998186,90873.0
2025-11-30 04:00:00,9281.347632998186,90808.2
2025-11-30 05:00:00,9281.347632998186,90742.7
2025-11-30 06:00:00,9281.347632998186,90853.0
2025-11-30 07:00:00,9281.347632998186,90924.5
2025-11-30 08:00:00,9281.347632998186,91132.5
2025-11-30 09:00:00,9281.347632998186,91353.5
2025-11-30 10:00:00,9281.347632998186,91185.4
2025-11-30 11:00:00,9281.347632998186,91000.9
2025-11-30 12:00:00,9281.347632998186,91432.4
2025-11-30 13:00:00,9281.347632998186,91726.9
2025-11-30 14:00:00,9281.347632998186,91459.7
2025-11-30 15:00:00,9281.347632998186,91405.8
2025-11-30 16:00:00,9281.347632998186,91789.4
2025-11-30 17:00:00,9281.347632998186,91444.1
2025-11-30 18:00:00,9281.347632998186,91420.3
2025-11-30 19:00:00,9281.347632998186,91423.2
2025-11-30 20:00:00,9281.347632998186,91272.7
2025-11-30 21:00:00,9281.347632998186,91139.1
2025-11-30 22:00:00,9281.347632998186,91178.9
2025-11-30 23:00:00,9281.347632998186,90320.6
2025-12-01 00:00:00,9281.347632998186,86970.7
2025-12-01 01:00:00,9281.347632998186,87134.0
2025-12-01 02:00:00,9281.347632998186,86685.6
2025-12-01 03:00:00,9281.347632998186,86319.2
2025-12-01 04:00:00,9281.347632998186,85767.7
2025-12-01 05:00:00,9281.347632998186,85966.9
2025-12-01 06:00:00,9281.347632998186,86189.9
2025-12-01 07:00:00,9281.347632998186,86487.6
2025-12-01 08:00:00,9281.347632998186,86811.0
2025-12-01 09:00:00,9281.347632998186,86659.1
2025-12-01 10:00:00,9281.347632998186,86599.0
2025-12-01 11:00:00,9281.347632998186,86100.1
2025-12-01 12:00:00,9281.347632998186,85396.2
2025-12-01 13:00:00,9281.347632998186,85943.2
2025-12-01 14:00:00,9281.347632998186,86017.3
2025-12-01 15:00:00,9281.347632998186,84650.0
2025-12-01 16:00:00,9281.347632998186,84540.3
2025-12-01 17:00:00,9281.347632998186,84902.8
2025-12-01 18:00:00,9281.347632998186,85159.2
2025-12-01 19:00:00,9281.347632998186,84985.0
2025-12-01 20:00:00,9281.347632998186,85474.1
2025-12-01 21:00:00,9281.347632998186,86380.1
2025-12-01 22:00:00,9281.347632998186,86518.2
2025-12-01 23:00:00,9281.347632998186,86241.6
2025-12-02 00:00:00,9281.347632998186,86472.0
2025-12-02 01:00:00,9281.347632998186,86409.9
2025-12-02 02:00:00,9281.347632998186,86501.2
2025-12-02 03:00:00,9281.347632998186,86936.0
2025-12-02 04:00:00,9281.347632998186,86924.9
2025-12-02 05:00:00,9281.347632998186,86968.7
2025-12-02 06:00:00,9281.347632998186,87043.7
2025-12-02 07:00:00,9281.347632998186,86965.0
2025-12-02 08:00:00,9281.347632998186,86438.0
2025-12-02 09:00:00,9281.347632998186,86734.4
2025-12-02 10:00:00,9281.347632998186,87241.8
2025-12-02 11:00:00,9281.347632998186,87326.9
2025-12-02 12:00:00,9281.347632998186,87225.6
2025-12-02 13:00:00,9281.347632998186,87691.3
2025-12-02 14:00:00,9281.347632998186,89225.1
2025-12-02 15:00:00,9281.347632998186,90809.2
2025-12-02 16:00:00,9281.347632998186,90713.9
2025-12-02 17:00:00,9281.347632998186,91417.5
2025-12-02 18:00:00,9281.347632998186,91905.0
2025-12-02 19:00:00,9281.347632998186,91849.9
2025-12-02 20:00:00,9281.347632998186,90976.1
2025-12-02 21:00:00,9281.347632998186,91500.2
2025-12-02 22:00:00,9281.347632998186,91932.7
2025-12-02 23:00:00,9281.347632998186,91249.1
2025-12-03 00:00:00,9281.347632998186,91620.3
2025-12-03 01:00:00,9281.347632998186,92215.3
2025-12-03 02:00:00,9281.347632998186,92784.2
2025-12-03 03:00:00,9281.347632998186,92589.2
2025-12-03 04:00:00,9281.347632998186,93302.2
2025-12-03 05:00:00,9281.347632998186,93591.0
2025-12-03 06:00:00,9281.347632998186,93386.0
2025-12-03 07:00:00,9281.347632998186,92969.9
2025-12-03 08:00:00,9281.347632998186,92740.8
2025-12-03 09:00:00,9281.347632998186,93132.1
2025-12-03 10:00:00,9281.347632998186,92899.9
2025-12-03 11:00:00,9281.347632998186,92957.7
2025-12-03 12:00:00,9281.347632998186,92882.3
2025-12-03 13:00:00,9281.347632998186,93077.6
2025-12-03 14:00:00,9281.347632998186,92300.0
2025-12-03 15:00:00,9281.347632998186,92332.9
2025-12-03 16:00:00,9281.347632998186,92212.4
2025-12-03 17:00:00,9281.347632998186,92919.5
2025-12-03 18:00:00,9281.347632998186,92584.8
2025-12-03 19:00:00,9281.347632998186,92995.8
2025-12-03 20:00:00,9281.347632998186,92928.2
2025-12-03 21:00:00,9281.347632998186,93645.0
2025-12-03 22:00:00,9281.347632998186,93738.4
2025-12-03 23:00:00,9281.347632998186,93376.7
2025-12-04 00:00:00,9281.347632998186,93013.9
2025-12-04 01:00:00,9281.347632998186,93150.0
2025-12-04 02:00:00,9281.347632998186,93896.1
2025-12-04 03:00:00,9281.347632998186,93499.9
2025-12-04 04:00:00,9281.347632998186,93317.8
2025-12-04 05:00:00,9281.347632998186,92932.4
2025-12-04 06:00:00,9281.347632998186,93103.1
2025-12-04 07:00:00,9281.347632998186,93358.6
2025-12-04 08:00:00,9281.347632998186,93220.7
2025-12-04 09:00:00,9281.347632998186,93408.6
2025-12-04 10:00:00,9281.347632998186,93210.7
2025-12-04 11:00:00,9281.347632998186,92894.9
2025-12-04 12:00:00,9281.347632998186,92947.9
2025-12-04 13:00:00,9281.347632998186,92480.4
2025-12-04 14:00:00,9281.347632998186,91859.4
2025-12-04 15:00:00,9281.347632998186,92933.5
2025-12-04 16:00:00,9281.347632998186,92390.0
2025-12-04 17:00:00,9281.347632998186,92384.5
2025-12-04 18:00:00,9281.347632998186,92093.4
2025-12-04 19:00:00,9281.347632998186,91941.5
2025-12-04 20:00:00,9281.347632998186,92431.7
2025-12-04 21:00:00,9281.347632998186,92111.2
2025-12-04 22:00:00,9281.347632998186,92295.5
2025-12-04 23:00:00,9281.347632998186,92034.7
2025-12-05 00:00:00,9281.347632998186,92259.9
2025-12-05 01:00:00,9281.347632998186,92322.2
2025-12-05 02:00:00,9281.347632998186,92476.1
2025-12-05 03:00:00,9281.347632998186,92104.9
2025-12-05 04:00:00,9281.347632998186,91985.5
2025-12-05 05:00:00,9281.347632998186,91902.6
2025-12-05 06:00:00,9281.347632998186,92235.6
2025-12-05 07:00:00,9281.347632998186,92227.5
2025-12-05 08:00:00,9281.347632998186,92080.0
2025-12-05 09:00:00,9281.347632998186,91086.4
2025-12-05 10:00:00,9281.347632998186,91240.1
2025-12-05 11:00:00,9281.347632998186,91307.9
2025-12-05 12:00:00,9281.347632998186,91194.6
2025-12-05 13:00:00,9281.347632998186,90433.6
2025-12-05 14:00:00,9281.347632998186,90246.0
2025-12-05 15:00:00,9281.347632998186,90414.0
2025-12-05 16:00:00,9281.347632998186,88757.5
2025-12-05 17:00:00,9281.347632998186,89279.3
2025-12-05 18:00:00,9281.347632998186,88894.9
2025-12-05 19:00:00,9281.347632998186,89590.5
2025-12-05 20:00:00,9281.347632998186,89267.8
2025-12-05 21:00:00,9281.347632998186,89145.1
2025-12-05 22:00:00,9281.347632998186,89199.3
2025-12-05 23:00:00,9281.347632998186,89288.5
2025-12-06 00:00:00,9281.347632998186,89382.2
2025-12-06 01:00:00,9281.347632998186,89295.7
2025-12-06 02:00:00,9281.347632998186,89354.6
2025-12-06 03:00:00,9281.347632998186,89636.5
2025-12-06 04:00:00,9281.347632998186,89612.2
2025-12-06 05:00:00,9281.347632998186,89556.7
2025-12-06 06:00:00,9281.347632998186,89643.1
2025-12-06 07:00:00,9281.347632998186,89549.6
2025-12-06 08:00:00,9281.347632998186,89238.3
2025-12-06 09:00:00,9281.347632998186,89532.9
2025-12-06 10:00:00,9281.347632998186,89466.0
2025-12-06 11:00:00,9281.347632998186,89585.4
2025-12-06 12:00:00,9281.347632998186,89528.4
2025-12-06 13:00:00,9281.347632998186,89619.5
2025-12-06 14:00:00,9281.347632998186,89948.6
2025-12-06 15:00:00,9281.347632998186,89713.4
2025-12-06 16:00:00,9281.347632998186,89660.8
2025-12-06 17:00:00,9281.347632998186,89661.7
2025-12-06 18:00:00,9281.347632998186,89610.0
2025-12-06 19:00:00,9281.347632998186,89369.4
2025-12-06 20:00:00,9281.347632998186,89509.5
2025-12-06 21:00:00,9281.347632998186,89377.3
2025-12-06 22:00:00,9281.347632998186,89245.1
2025-12-06 23:00:00,9281.347632998186,89197.1
2025-12-07 00:00:00,9281.347632998186,89354.3
2025-12-07 01:00:00,9281.347632998186,89251.0
2025-12-07 02:00:00,9281.347632998186,89580.1
2025-12-07 03:00:00,9281.347632998186,89675.6
2025-12-07 04:00:00,9281.347632998186,89495.2
2025-12-07 05:00:00,9281.347632998186,89469.2
2025-12-07 06:00:00,9281.347632998186,89668.1
2025-12-07 07:00:00,9281.347632998186,89337.1
2025-12-07 08:00:00,9281.347632998186,89269.4
2025-12-07 09:00:00,9281.347632998186,89070.0
2025-12-07 10:00:00,9281.347632998186,89195.5
2025-12-07 11:00:00,9281.347632998186,89109.4
2025-12-07 12:00:00,9281.347632998186,89428.8
2025-12-07 13:00:00,9281.347632998186,89011.0
2025-12-07 14:00:00,9281.347632998186,88187.5
2025-12-07 15:00:00,9281.347632998186,89505.0
2025-12-07 16:00:00,9281.347632998186,89849.3
2025-12-07 17:00:00,9281.347632998186,90904.2
2025-12-07 18:00:00,9281.347632998186,91327.6
2025-12-07 19:00:00,9281.347632998186,91379.7
2025-12-07 20:00:00,9281.347632998186,91392.0
2025-12-07 21:00:00,9281.347632998186,90189.2
2025-12-07 22:00:00,9281.347632998186,89551.8
2025-12-07 23:00:00,9281.347632998186,90345.4
2025-12-08 00:00:00,9281.347632998186,90302.7
2025-12-08 01:00:00,9281.347632998186,90869.1
2025-12-08 02:00:00,9281.347632998186,91327.0
2025-12-08 03:00:00,9281.347632998186,91039.4
2025-12-08 04:00:00,9281.347632998186,91247.7
2025-12-08 05:00:00,9281.347632998186,91290.6
2025-12-08 06:00:00,9281.347632998186,91434.6
2025-12-08 07:00:00,9281.347632998186,91519.8
2025-12-08 08:00:00,9281.347632998186,91782.1
2025-12-08 09:00:00,9281.347632998186,91865.3
2025-12-08 10:00:00,9281.347632998186,92085.8
2025-12-08 11:00:00,9281.347632998186,91923.5
2025-12-08 12:00:00,9281.347632998186,91729.5
2025-12-08 13:00:00,9281.347632998186,91424.0
2025-12-08 14:00:00,9281.347632998186,90809.0
2025-12-08 15:00:00,9281.347632998186,89912.6
2025-12-08 16:00:00,9281.347632998186,89929.2
2025-12-08 17:00:00,9281.347632998186,90212.1
2025-12-08 18:00:00,9281.347632998186,89873.5
2025-12-08 19:00:00,9281.347632998186,90073.6
2025-12-08 20:00:00,9281.347632998186,90745.7
2025-12-08 21:00:00,9281.347632998186,91258.2
2025-12-08 22:00:00,9281.347632998186,90788.6
2025-12-08 23:00:00,9281.347632998186,90610.8
2025-12-09 00:00:00,9281.347632998186,90359.4
2025-12-09 01:00:00,9281.347632998186,90017.9
2025-12-09 02:00:00,9281.347632998186,90026.1
2025-12-09 03:00:00,9281.347632998186,90364.0
2025-12-09 04:00:00,9281.347632998186,89875.4
2025-12-09 05:00:00,9281.347632998186,89857.6
2025-12-09 06:00:00,9281.347632998186,90124.8
2025-12-09 07:00:00,9281.347632998186,90449.9
2025-12-09 08:00:00,9281.347632998186,90459.1
2025-12-09 09:00:00,9281.347632998186,90099.9
2025-12-09 10:00:00,9281.347632998186,90255.7
2025-12-09 11:00:00,9281.347632998186,90341.9
2025-12-09 12:00:00,9281.347632998186,90532.7
2025-12-09 13:00:00,9281.347632998186,90385.0
2025-12-09 14:00:00,9281.347632998186,90327.1
2025-12-09 15:00:00,9281.347632998186,92676.9
2025-12-09 16:00:00,9281.347632998186,94146.8
2025-12-09 17:00:00,9281.347632998186,93884.5
2025-12-09 18:00:00,9281.347632998186,93887.3
2025-12-09 19:00:00,9281.347632998186,93761.9
2025-12-09 20:00:00,9281.347632998186,93075.2
2025-12-09 21:00:00,9281.347632998186,92591.2
2025-12-09 22:00:00,9281.347632998186,92832.0
2025-12-09 23:00:00,9281.347632998186,92638.4
2025-12-10 00:00:00,9281.347632998186,92084.5
2025-12-10 01:00:00,9281.347632998186,92269.1
2025-12-10 02:00:00,9281.347632998186,92457.6
2025-12-10 03:00:00,9281.347632998186,92366.0
2025-12-10 04:00:00,9281.347632998186,92507.3
2025-12-10 05:00:00,9281.347632998186,92508.6
2025-12-10 06:00:00,9281.347632998186,92648.0
2025-12-10 07:00:00,9281.347632998186,92744.7
2025-12-10 08:00:00,9281.347632998186,92565.0
2025-12-10 09:00:00,9281.347632998186,92870.1
2025-12-10 10:00:00,9281.347632998186,92230.5
2025-12-10 11:00:00,9281.347632998186,92085.5
2025-12-10 12:00:00,9281.347632998186,91952.1
2025-12-10 13:00:00,9281.347632998186,92054.6
2025-12-10 14:00:00,9281.347632998186,91794.0
2025-12-10 15:00:00,9281.347632998186,92021.8
2025-12-10 16:00:00,9281.347632998186,92126.7
2025-12-10 17:00:00,9281.347632998186,92348.8
2025-12-10 18:00:00,9281.347632998186,92448.8
2025-12-10 19:00:00,9281.347632998186,92913.8
2025-12-10 20:00:00,9281.347632998186,92409.1
2025-12-10 21:00:00,9281.347632998186,92308.2
2025-12-10 22:00:00,9281.347632998186,92472.2
2025-12-10 23:00:00,9281.347632998186,91977.5
2025-12-11 00:00:00,9281.347632998186,91350.1
2025-12-11 01:00:00,9281.347632998186,90637.0
2025-12-11 02:00:00,9281.347632998186,90034.4
2025-12-11 03:00:00,9281.347632998186,89833.1
2025-12-11 04:00:00,9281.347632998186,90386.6
2025-12-11 05:00:00,9281.347632998186,90262.0
2025-12-11 06:00:00,9281.347632998186,90252.1
2025-12-11 07:00:00,9281.347632998186,90231.4
2025-12-11 08:00:00,9281.347632998186,90152.5
2025-12-11 09:00:00,9281.347632998186,90196.0
2025-12-11 10:00:00,9281.347632998186,90279.2
2025-12-11 11:00:00,9281.347632998186,90195.3
2025-12-11 12:00:00,9281.347632998186,90000.8
2025-12-11 13:00:00,9281.347632998186,90062.9
2025-12-11 14:00:00,9281.347632998186,89514.5
2025-12-11 15:00:00,9281.347632998186,89830.1
2025-12-11 16:00:00,9281.347632998186,89704.2
2025-12-11 17:00:00,9281.347632998186,89935.6
2025-12-11 18:00:00,9281.347632998186,90657.9
2025-12-11 19:00:00,9281.347632998186,90793.5
2025-12-11 20:00:00,9281.347632998186,91740.9
2025-12-11 21:00:00,9281.347632998186,92823.6
2025-12-11 22:00:00,9281.347632998186,92325.4
2025-12-11 23:00:00,9281.347632998186,92477.5
2025-12-12 00:00:00,9281.347632998186,91521.0
2025-12-12 01:00:00,9281.347632998186,92129.3
2025-12-12 02:00:00,9281.347632998186,92542.2
2025-12-12 03:00:00,9281.347632998186,92234.3
2025-12-12 04:00:00,9281.347632998186,92355.6
2025-12-12 05:00:00,9281.347632998186,92404.8
2025-12-12 06:00:00,9281.347632998186,92468.7
2025-12-12 07:00:00,9281.347632998186,92389.5
2025-12-12 08:00:00,9281.347632998186,92311.4
2025-12-12 09:00:00,9281.347632998186,92481.7
2025-12-12 10:00:00,9281.347632998186,92454.7
2025-12-12 11:00:00,9281.347632998186,92381.5
2025-12-12 12:00:00,9281.347632998186,92389.9
2025-12-12 13:00:00,9281.347632998186,92261.7
2025-12-12 14:00:00,9281.347632998186,92393.0
2025-12-12 15:00:00,9281.347632998186,89895.0
2025-12-12 16:00:00,9281.347632998186,89996.8
2025-12-12 17:00:00,9281.347632998186,90043.5
2025-12-12 18:00:00,9281.347632998186,90323.7
2025-12-12 19:00:00,9281.347632998186,90147.3
2025-12-12 20:00:00,9281.347632998186,90160.0
2025-12-12 21:00:00,9281.347632998186,90151.0
2025-12-12 22:00:00,9281.347632998186,90294.5
2025-12-12 23:00:00,9281.347632998186,90229.6
2025-12-13 00:00:00,9281.347632998186,90276.9
2025-12-13 01:00:00,9281.347632998186,90192.2
2025-12-13 02:00:00,9281.347632998186,90195.0
2025-12-13 03:00:00,9281.347632998186,90304.0
2025-12-13 04:00:00,9281.347632998186,90334.8
2025-12-13 05:00:00,9281.347632998186,90301.3
2025-12-13 06:00:00,9281.347632998186,90317.4
2025-12-13 07:00:00,9281.347632998186,90286.1
2025-12-13 08:00:00,9281.347632998186,90413.9
2025-12-13 09:00:00,9281.347632998186,90375.3
2025-12-13 10:00:00,9281.347632998186,90546.7
2025-12-13 11:00:00,9281.347632998186,90298.4
2025-12-13 12:00:00,9281.347632998186,90309.8
2025-12-13 13:00:00,9281.347632998186,90215.0
2025-12-13 14:00:00,9281.347632998186,90048.5
2025-12-13 15:00:00,9281.347632998186,90055.4
2025-12-13 16:00:00,9281.347632998186,90054.0
2025-12-13 17:00:00,9281.347632998186,90022.5
2025-12-13 18:00:00,9281.347632998186,90089.1
2025-12-13 19:00:00,9281.347632998186,90150.9
2025-12-13 20:00:00,9281.347632998186,90058.4
2025-12-13 21:00:00,9281.347632998186,90137.8
2025-12-13 22:00:00,9281.347632998186,90092.4
2025-12-13 23:00:00,9281.347632998186,90191.3
2025-12-14 00:00:00,9281.347632998186,90303.5
2025-12-14 01:00:00,9281.347632998186,90256.6
2025-12-14 02:00:00,9281.347632998186,90244.9
2025-12-14 03:00:00,9281.347632998186,90222.3
2025-12-14 04:00:00,9281.347632998186,90159.3
2025-12-14 05:00:00,9281.347632998186,90161.0
2025-12-14 06:00:00,9281.347632998186,90105.0
2025-12-14 07:00:00,9281.347632998186,90205.1
2025-12-14 08:00:00,9281.347632998186,90072.4
2025-12-14 09:00:00,9281.347632998186,89991.4
2025-12-14 10:00:00,9281.347632998186,89819.0
2025-12-14 11:00:00,9281.347632998186,89308.2
2025-12-14 12:00:00,9281.347632998186,89382.9
2025-12-14 13:00:00,9281.347632998186,89450.5
2025-12-14 14:00:00,9281.347632998186,89074.1
2025-12-14 15:00:00,9281.347632998186,88985.2
2025-12-14 16:00:00,9281.347632998186,88780.0
2025-12-14 17:00:00,9281.347632998186,88760.7
2025-12-14 18:00:00,9281.347632998186,88951.8
2025-12-14 19:00:00,9281.347632998186,88598.7
2025-12-14 20:00:00,9281.347632998186,88515.9
2025-12-14 21:00:00,9281.347632998186,88403.7
2025-12-14 22:00:00,9281.347632998186,88370.2
2025-12-14 23:00:00,9281.347632998186,88118.8
2025-12-15 00:00:00,9281.347632998186,88414.9
2025-12-15 01:00:00,9281.347632998186,89189.1
2025-12-15 02:00:00,9281.347632998186,89269.5
2025-12-15 03:00:00,9281.347632998186,89239.9
2025-12-15 04:00:00,9281.347632998186,89631.2
2025-12-15 05:00:00,9281.347632998186,89576.9
2025-12-15 06:00:00,9281.347632998186,89692.8
2025-12-15 07:00:00,9281.347632998186,89703.0
2025-12-15 08:00:00,9281.347632998186,89722.3
2025-12-15 09:00:00,9281.347632998186,89815.6
2025-12-15 10:00:00,9281.347632998186,89811.5
2025-12-15 11:00:00,9281.347632998186,89606.0
2025-12-15 12:00:00,9281.347632998186,89657.8
2025-12-15 13:00:00,9281.347632998186,89388.0
2025-12-15 14:00:00,9281.347632998186,88004.3
2025-12-15 15:00:00,9281.347632998186,86996.6
2025-12-15 16:00:00,9281.347632998186,86360.6
2025-12-15 17:00:00,9281.347632998186,85734.3
2025-12-15 18:00:00,9281.347632998186,86142.7
2025-12-15 19:00:00,9281.347632998186,86104.2
2025-12-15 20:00:00,9281.347632998186,85763.2
2025-12-15 21:00:00,9281.347632998186,86209.6
2025-12-15 22:00:00,9281.347632998186,86228.8
2025-12-15 23:00:00,9281.347632998186,86389.9
2025-12-16 00:00:00,9281.347632998186,85821.1
2025-12-16 01:00:00,9281.347632998186,85850.1
2025-12-16 02:00:00,9281.347632998186,85901.6
2025-12-16 03:00:00,9281.347632998186,85837.7
2025-12-16 04:00:00,9281.347632998186,85799.9
2025-12-16 05:00:00,9281.347632998186,85983.8
2025-12-16 06:00:00,9281.347632998186,86458.0
2025-12-16 07:00:00,9281.347632998186,85964.8
2025-12-16 08:00:00,9281.347632998186,86236.5
2025-12-16 09:00:00,9281.347632998186,86307.6
2025-12-16 10:00:00,9281.347632998186,86932.1
2025-12-16 11:00:00,9281.347632998186,87216.6
2025-12-16 12:00:00,9281.347632998186,87161.9
2025-12-16 13:00:00,9281.347632998186,86410.4
2025-12-16 14:00:00,9281.347632998186,87257.2
2025-12-16 15:00:00,9281.347632998186,87936.3
2025-12-16 16:00:00,9281.347632998186,87539.0
2025-12-16 17:00:00,9281.347632998186,87087.7
2025-12-16 18:00:00,9281.347632998186,87741.3
2025-12-16 19:00:00,9281.347632998186,87538.7
2025-12-16 20:00:00,9281.347632998186,87533.7
2025-12-16 21:00:00,9281.347632998186,87728.6
2025-12-16 22:00:00,9281.347632998186,87753.6
2025-12-16 23:00:00,9281.347632998186,87826.3
2025-12-17 00:00:00,9281.347632998186,87499.3
2025-12-17 01:00:00,9281.347632998186,87518.0
2025-12-17 02:00:00,9281.347632998186,87452.7
2025-12-17 03:00:00,9281.347632998186,87178.1
2025-12-17 04:00:00,9281.347632998186,86716.7
2025-12-17 05:00:00,9281.347632998186,86595.0
2025-12-17 06:00:00,9281.347632998186,86735.5
2025-12-17 07:00:00,9281.347632998186,87010.4
2025-12-17 08:00:00,9281.347632998186,86366.0
2025-12-17 09:00:00,9281.347632998186,86386.1
2025-12-17 10:00:00,9281.347632998186,86587.1
2025-12-17 11:00:00,9281.347632998186,86939.3
2025-12-17 12:00:00,9281.347632998186,86984.0
2025-12-17 13:00:00,9281.347632998186,87579.0
2025-12-17 14:00:00,9281.347632998186,89633.9
2025-12-17 15:00:00,9281.347632998186,87191.4
2025-12-17 16:00:00,9281.347632998186,86946.6
2025-12-17 17:00:00,9281.347632998186,86380.6
2025-12-17 18:00:00,9281.347632998186,85796.1
2025-12-17 19:00:00,9281.347632998186,85982.7
2025-12-17 20:00:00,9281.347632998186,85854.7
2025-12-17 21:00:00,9281.347632998186,85946.0
2025-12-17 22:00:00,9281.347632998186,86312.5
2025-12-17 23:00:00,9281.347632998186,86201.6
2025-12-18 00:00:00,9281.347632998186,86191.9
2025-12-18 01:00:00,9281.347632998186,86085.7
2025-12-18 02:00:00,9281.347632998186,86649.6
2025-12-18 03:00:00,9281.347632998186,86575.1
2025-12-18 04:00:00,9281.347632998186,86715.8
2025-12-18 05:00:00,9281.347632998186,86400.0
2025-12-18 06:00:00,9281.347632998186,86607.0
2025-12-18 07:00:00,9281.347632998186,86787.5
2025-12-18 08:00:00,9281.347632998186,86934.9
2025-12-18 09:00:00,9281.347632998186,87237.0
2025-12-18 10:00:00,9281.347632998186,87307.2
2025-12-18 11:00:00,9281.347632998186,87268.1
2025-12-18 12:00:00,9281.347632998186,87215.2
2025-12-18 13:00:00,9281.347632998186,88804.0
2025-12-18 14:00:00,9281.347632998186,88325.4
2025-12-18 15:00:00,9281.347632998186,88480.8
2025-12-18 16:00:00,9281.347632998186,87984.6
2025-12-18 17:00:00,9281.347632998186,86443.6
2025-12-18 18:00:00,9281.347632998186,85946.7
2025-12-18 19:00:00,9281.347632998186,84447.0
2025-12-18 20:00:00,9281.347632998186,84558.8
2025-12-18 21:00:00,9281.347632998186,85584.6
2025-12-18 22:00:00,9281.347632998186,85544.0
2025-12-18 23:00:00,9281.347632998186,85469.7
2025-12-19 00:00:00,9281.347632998186,85572.9
2025-12-19 01:00:00,9281.347632998186,85291.7
2025-12-19 02:00:00,9281.347632998186,85600.8
2025-12-19 03:00:00,9281.347632998186,86863.1
2025-12-19 04:00:00,9281.347632998186,87073.5
2025-12-19 05:00:00,9281.347632998186,87099.7
2025-12-19 06:00:00,9281.347632998186,87449.9
2025-12-19 07:00:00,9281.347632998186,87909.7
2025-12-19 08:00:00,9281.347632998186,88063.2
2025-12-19 09:00:00,9281.347632998186,88068.3
2025-12-19 10:00:00,9281.347632998186,88237.1
2025-12-19 11:00:00,9281.347632998186,88169.9
2025-12-19 12:00:00,9281.347632998186,87840.8
2025-12-19 13:00:00,9281.347632998186,87968.1
2025-12-19 14:00:00,9281.347632998186,88140.8
2025-12-19 15:00:00,9281.347632998186,87925.6
2025-12-19 16:00:00,9281.347632998186,87956.6
2025-12-19 17:00:00,9281.347632998186,86912.6
2025-12-19 18:00:00,9281.347632998186,87126.2
2025-12-19 19:00:00,9281.347632998186,87812.8
2025-12-19 20:00:00,9281.347632998186,88064.8
2025-12-19 21:00:00,9281.347632998186,87805.3
2025-12-19 22:00:00,9281.347632998186,88301.1
2025-12-19 23:00:00,9281.347632998186,88100.0
2025-12-20 00:00:00,9281.347632998186,87967.3
2025-12-20 01:00:00,9281.347632998186,88036.7
2025-12-20 02:00:00,9281.347632998186,88168.0
2025-12-20 03:00:00,9281.347632998186,88165.3
2025-12-20 04:00:00,9281.347632998186,88257.1
2025-12-20 05:00:00,9281.347632998186,88250.0
2025-12-20 06:00:00,9281.347632998186,88262.2
2025-12-20 07:00:00,9281.347632998186,88239.9
2025-12-20 08:00:00,9281.347632998186,88217.0
2025-12-20 09:00:00,9281.347632998186,88190.0
2025-12-20 10:00:00,9281.347632998186,88133.7
2025-12-20 11:00:00,9281.347632998186,88243.6
2025-12-20 12:00:00,9281.347632998186,88214.0
2025-12-20 13:00:00,9281.347632998186,88230.9
2025-12-20 14:00:00,9281.347632998186,88213.4
2025-12-20 15:00:00,9281.347632998186,88134.6
2025-12-20 16:00:00,9281.347632998186,88115.3
2025-12-20 17:00:00,9281.347632998186,88144.5
2025-12-20 18:00:00,9281.347632998186,88277.1
2025-12-20 19:00:00,9281.347632998186,88196.3
2025-12-20 20:00:00,9281.347632998186,88250.4
2025-12-20 21:00:00,9281.347632998186,88179.6
2025-12-20 22:00:00,9281.347632998186,88244.1
2025-12-20 23:00:00,9281.347632998186,88320.8
2025-12-21 00:00:00,9281.347632998186,88354.8
2025-12-21 01:00:00,9281.347632998186,87980.5
2025-12-21 02:00:00,9281.347632998186,87911.5
2025-12-21 03:00:00,9281.347632998186,88043.2
2025-12-21 04:00:00,9281.347632998186,88036.4
2025-12-21 05:00:00,9281.347632998186,88102.0
2025-12-21 06:00:00,9281.347632998186,88057.3
2025-12-21 07:00:00,9281.347632998186,88138.7
2025-12-21 08:00:00,9281.347632998186,88509.0
2025-12-21 09:00:00,9281.347632998186,88868.0
2025-12-21 10:00:00,9281.347632998186,88633.1
2025-12-21 11:00:00,9281.347632998186,88570.6
2025-12-21 12:00:00,9281.347632998186,88588.6
2025-12-21 13:00:00,9281.347632998186,87630.5
2025-12-21 14:00:00,9281.347632998186,88019.1
2025-12-21 15:00:00,9281.347632998186,88024.7
2025-12-21 16:00:00,9281.347632998186,88309.8
2025-12-21 17:00:00,9281.347632998186,88283.6
2025-12-21 18:00:00,9281.347632998186,88406.9
2025-12-21 19:00:00,9281.347632998186,88448.2
2025-12-21 20:00:00,9281.347632998186,88195.6
2025-12-21 21:00:00,9281.347632998186,88121.6
2025-12-21 22:00:00,9281.347632998186,88440.2
2025-12-21 23:00:00,9281.347632998186,88621.3
2025-12-22 00:00:00,9281.347632998186,88581.7
2025-12-22 01:00:00,9281.347632998186,88580.1
2025-12-22 02:00:00,9281.347632998186,88417.1
2025-12-22 03:00:00,9281.347632998186,88727.5
2025-12-22 04:00:00,9281.347632998186,88863.5
2025-12-22 05:00:00,9281.347632998186,88790.7
2025-12-22 06:00:00,9281.347632998186,88867.3
2025-12-22 07:00:00,9281.347632998186,89127.7
2025-12-22 08:00:00,9281.347632998186,89297.6
2025-12-22 09:00:00,9281.347632998186,89785.3
2025-12-22 10:00:00,9281.347632998186,89742.0
2025-12-22 11:00:00,9281.347632998186,89905.2
2025-12-22 12:00:00,9281.347632998186,90171.2
2025-12-22 13:00:00,9281.347632998186,89882.6
2025-12-22 14:00:00,9281.347632998186,90088.4
2025-12-22 15:00:00,9281.347632998186,89688.5
2025-12-22 16:00:00,9281.347632998186,89508.4
2025-12-22 17:00:00,9281.347632998186,89271.0
2025-12-22 18:00:00,9281.347632998186,89104.8
2025-12-22 19:00:00,9281.347632998186,88011.1
2025-12-22 20:00:00,9281.347632998186,88305.9
2025-12-22 21:00:00,9281.347632998186,88232.1
2025-12-22 22:00:00,9281.347632998186,88616.1
2025-12-22 23:00:00,9281.347632998186,88581.5
2025-12-23 00:00:00,9281.347632998186,88731.5
2025-12-23 01:00:00,9281.347632998186,88470.9
2025-12-23 02:00:00,9281.347632998186,88167.8
2025-12-23 03:00:00,9281.347632998186,88128.2
2025-12-23 04:00:00,9281.347632998186,87892.0
2025-12-23 05:00:00,9281.347632998186,87726.6
2025-12-23 06:00:00,9281.347632998186,87355.2
2025-12-23 07:00:00,9281.347632998186,87531.3
2025-12-23 08:00:00,9281.347632998186,87426.8
2025-12-23 09:00:00,9281.347632998186,87494.4
2025-12-23 10:00:00,9281.347632998186,87570.3
2025-12-23 11:00:00,9281.347632998186,87813.9
2025-12-23 12:00:00,9281.347632998186,87737.3
2025-12-23 13:00:00,9281.347632998186,87567.7
2025-12-23 14:00:00,9281.347632998186,86837.3
2025-12-23 15:00:00,9281.347632998186,87405.3
2025-12-23 16:00:00,9281.347632998186,87959.8
2025-12-23 17:00:00,9281.347632998186,87138.1
2025-12-23 18:00:00,9281.347632998186,87950.0
2025-12-23 19:00:00,9281.347632998186,87724.2
2025-12-23 20:00:00,9281.347632998186,87674.3
2025-12-23 21:00:00,9281.347632998186,87692.7
2025-12-23 22:00:00,9281.347632998186,87378.2
2025-12-23 23:00:00,9281.347632998186,87463.0
2025-12-24 00:00:00,9281.347632998186,87626.1
2025-12-24 01:00:00,9281.347632998186,87603.1
2025-12-24 02:00:00,9281.347632998186,87100.1
2025-12-24 03:00:00,9281.347632998186,87311.4
2025-12-24 04:00:00,9281.347632998186,87110.6
2025-12-24 05:00:00,9281.347632998186,86920.1
2025-12-24 06:00:00,9281.347632998186,86980.1
2025-12-24 07:00:00,9281.347632998186,86868.1
2025-12-24 08:00:00,9281.347632998186,86751.5
2025-12-24 09:00:00,9281.347632998186,86763.6
2025-12-24 10:00:00,9281.347632998186,87042.8
2025-12-24 11:00:00,9281.347632998186,87162.6
2025-12-24 12:00:00,9281.347632998186,87393.1
2025-12-24 13:00:00,9281.347632998186,87250.5
2025-12-24 14:00:00,9281.347632998186,86950.0
2025-12-24 15:00:00,9281.347632998186,87012.0
2025-12-24 16:00:00,9281.347632998186,87250.6
2025-12-24 17:00:00,9281.347632998186,87284.5
2025-12-24 18:00:00,9281.347632998186,87435.0
2025-12-24 19:00:00,9281.347632998186,87521.4
2025-12-24 20:00:00,9281.347632998186,87518.8
2025-12-24 21:00:00,9281.347632998186,87653.8
2025-12-24 22:00:00,9281.347632998186,87962.0
2025-12-24 23:00:00,9281.347632998186,87627.3
2025-12-25 00:00:00,9281.347632998186,87529.9
2025-12-25 01:00:00,9281.347632998186,87668.0
2025-12-25 02:00:00,9281.347632998186,87847.8
2025-12-25 03:00:00,9281.347632998186,87811.6
2025-12-25 04:00:00,9281.347632998186,87740.6
2025-12-25 05:00:00,9281.347632998186,87706.0
2025-12-25 06:00:00,9281.347632998186,87799.5
2025-12-25 07:00:00,9281.347632998186,87795.9
2025-12-25 08:00:00,9281.347632998186,87546.2
2025-12-25 09:00:00,9281.347632998186,87482.1
2025-12-25 10:00:00,9281.347632998186,87386.0
2025-12-25 11:00:00,9281.347632998186,87485.2
2025-12-25 12:00:00,9281.347632998186,87533.7
2025-12-25 13:00:00,9281.347632998186,87597.1
2025-12-25 14:00:00,9281.347632998186,87675.1
2025-12-25 15:00:00,9281.347632998186,88338.9
2025-12-25 16:00:00,9281.347632998186,88042.0
2025-12-25 17:00:00,9281.347632998186,88096.2
2025-12-25 18:00:00,9281.347632998186,88198.5
2025-12-25 19:00:00,9281.347632998186,88112.3
2025-12-25 20:00:00,9281.347632998186,87844.7
2025-12-25 21:00:00,9281.347632998186,87862.0
2025-12-25 22:00:00,9281.347632998186,87607.9
2025-12-25 23:00:00,9281.347632998186,87182.8
2025-12-26 00:00:00,9281.347632998186,87084.5
2025-12-26 01:00:00,9281.347632998186,87386.6
2025-12-26 02:00:00,9281.347632998186,89151.8
2025-12-26 03:00:00,9281.347632998186,88796.2
2025-12-26 04:00:00,9281.347632998186,88926.0
2025-12-26 05:00:00,9281.347632998186,88954.7
2025-12-26 06:00:00,9281.347632998186,89085.0
2025-12-26 07:00:00,9281.347632998186,88433.0
2025-12-26 08:00:00,9281.347632998186,88707.4
2025-12-26 09:00:00,9281.347632998186,88783.2
2025-12-26 10:00:00,9281.347632998186,88717.5
2025-12-26 11:00:00,9281.347632998186,88507.5
2025-12-26 12:00:00,9281.347632998186,88649.6
2025-12-26 13:00:00,9281.347632998186,88959.1
2025-12-26 14:00:00,9281.347632998186,87344.4
2025-12-26 15:00:00,9281.347632998186,87100.0
2025-12-26 16:00:00,9281.347632998186,86821.7
2025-12-26 17:00:00,9281.347632998186,87288.6
2025-12-26 18:00:00,9281.347632998186,87232.5
2025-12-26 19:00:00,9281.347632998186,87453.7
2025-12-26 20:00:00,9281.347632998186,87547.7
2025-12-26 21:00:00,9281.347632998186,87429.3
2025-12-26 22:00:00,9281.347632998186,87505.4
2025-12-26 23:00:00,9281.347632998186,87318.2
2025-12-27 00:00:00,9281.347632998186,87360.0
2025-12-27 01:00:00,9281.347632998186,87431.6
2025-12-27 02:00:00,9281.347632998186,87410.7
2025-12-27 03:00:00,9281.347632998186,87473.4
2025-12-27 04:00:00,9281.347632998186,87428.0
2025-12-27 05:00:00,9281.347632998186,87466.2
2025-12-27 06:00:00,9281.347632998186,87426.8
2025-12-27 07:00:00,9281.347632998186,87490.9
2025-12-27 08:00:00,9281.347632998186,87545.6
2025-12-27 09:00:00,9281.347632998186,87575.4
2025-12-27 10:00:00,9281.347632998186,87460.6
2025-12-27 11:00:00,9281.347632998186,87433.6
2025-12-27 12:00:00,9281.347632998186,87431.9
2025-12-27 13:00:00,9281.347632998186,87410.7
2025-12-27 14:00:00,9281.347632998186,87500.7
2025-12-27 15:00:00,9281.347632998186,87516.2
2025-12-27 16:00:00,9281.347632998186,87454.1
2025-12-27 17:00:00,9281.347632998186,87514.0
2025-12-27 18:00:00,9281.347632998186,87452.8
2025-12-27 19:00:00,9281.347632998186,87522.4
2025-12-27 20:00:00,9281.347632998186,87514.9
2025-12-27 21:00:00,9281.347632998186,87623.5
2025-12-27 22:00:00,9281.347632998186,87526.3
2025-12-27 23:00:00,9281.347632998186,87829.4
2025-12-28 00:00:00,9281.347632998186,87811.7
2025-12-28 01:00:00,9281.347632998186,87749.3
2025-12-28 02:00:00,9281.347632998186,87768.7
2025-12-28 03:00:00,9281.347632998186,87693.0
2025-12-28 04:00:00,9281.347632998186,87683.9
2025-12-28 05:00:00,9281.347632998186,87620.0
2025-12-28 06:00:00,9281.347632998186,87696.0
2025-12-28 07:00:00,9281.347632998186,87697.7
2025-12-28 08:00:00,9281.347632998186,87771.0
2025-12-28 09:00:00,9281.347632998186,87768.2
2025-12-28 10:00:00,9281.347632998186,87828.7
2025-12-28 11:00:00,9281.347632998186,87850.8
2025-12-28 12:00:00,9281.347632998186,87820.4
2025-12-28 13:00:00,9281.347632998186,87862.5
2025-12-28 14:00:00,9281.347632998186,87873.3
2025-12-28 15:00:00,9281.347632998186,87797.7
2025-12-28 16:00:00,9281.347632998186,87780.0
2025-12-28 17:00:00,9281.347632998186,87730.1
2025-12-28 18:00:00,9281.347632998186,87570.1
2025-12-28 19:00:00,9281.347632998186,87488.6
2025-12-28 20:00:00,9281.347632998186,87478.2
2025-12-28 21:00:00,9281.347632998186,87556.1
2025-12-28 22:00:00,9281.347632998186,87868.7
2025-12-28 23:00:00,9281.347632998186,87920.5
2025-12-29 00:00:00,9281.347632998186,88262.2
2025-12-29 01:00:00,9281.347632998186,88419.3
2025-12-29 02:00:00,9281.347632998186,89129.1
2025-12-29 03:00:00,9281.347632998186,90091.6
2025-12-29 04:00:00,9281.347632998186,90100.1
2025-12-29 05:00:00,9281.347632998186,89950.8
2025-12-29 06:00:00,9281.347632998186,89740.7
2025-12-29 07:00:00,9281.347632998186,89583.0
2025-12-29 08:00:00,9281.347632998186,89519.0
2025-12-29 09:00:00,9281.347632998186,88068.2
2025-12-29 10:00:00,9281.347632998186,87747.1
2025-12-29 11:00:00,9281.347632998186,87529.0
2025-12-29 12:00:00,9281.347632998186,87344.0
2025-12-29 13:00:00,9281.347632998186,87354.3
2025-12-29 14:00:00,9281.347632998186,87399.9
2025-12-29 15:00:00,9281.347632998186,87636.6
2025-12-29 16:00:00,9281.347632998186,87587.0
2025-12-29 17:00:00,9281.347632998186,87814.1
2025-12-29 18:00:00,9281.347632998186,87426.9
2025-12-29 19:00:00,9281.347632998186,87328.9
2025-12-29 20:00:00,9281.347632998186,87182.9
2025-12-29 21:00:00,9281.347632998186,87311.2
2025-12-29 22:00:00,9281.347632998186,87317.0
2025-12-29 23:00:00,9281.347632998186,87203.3
2025-12-30 00:00:00,9281.347632998186,87223.2
2025-12-30 01:00:00,9281.347632998186,87283.0
2025-12-30 02:00:00,9281.347632998186,87072.8
2025-12-30 03:00:00,9281.347632998186,87334.7
2025-12-30 04:00:00,9281.347632998186,87262.0
2025-12-30 05:00:00,9281.347632998186,87216.2
2025-12-30 06:00:00,9281.347632998186,87404.3
2025-12-30 07:00:00,9281.347632998186,87457.5
2025-12-30 08:00:00,9281.347632998186,87827.1
2025-12-30 09:00:00,9281.347632998186,87954.7
2025-12-30 10:00:00,9281.347632998186,87914.3
2025-12-30 11:00:00,9281.347632998186,87875.2
2025-12-30 12:00:00,9281.347632998186,87993.4
2025-12-30 13:00:00,9281.347632998186,88069.8
2025-12-30 14:00:00,9281.347632998186,88831.4
2025-12-30 15:00:00,9281.347632998186,88966.8
2025-12-30 16:00:00,9281.347632998186,88698.9
2025-12-30 17:00:00,9281.347632998186,88330.2
2025-12-30 18:00:00,9281.347632998186,88259.6
2025-12-30 19:00:00,9281.347632998186,88189.7
2025-12-30 20:00:00,9281.347632998186,87900.3
2025-12-30 21:00:00,9281.347632998186,88245.5
2025-12-30 22:00:00,9281.347632998186,88387.7
2025-12-30 23:00:00,9281.347632998186,88455.3
2025-12-31 00:00:00,9281.347632998186,88226.3
2025-12-31 01:00:00,9281.347632998186,88604.7
2025-12-31 02:00:00,9281.347632998186,88639.3
2025-12-31 03:00:00,9281.347632998186,88411.5
2025-12-31 04:00:00,9281.347632998186,88287.3
2025-12-31 05:00:00,9281.347632998186,88415.6
2025-12-31 06:00:00,9281.347632998186,88470.9
2025-12-31 07:00:00,9281.347632998186,88569.0
2025-12-31 08:00:00,9281.347632998186,88391.2
2025-12-31 09:00:00,9281.347632998186,88619.5
2025-12-31 10:00:00,9281.347632998186,88804.6
2025-12-31 11:00:00,9281.347632998186,88967.6
2025-12-31 12:00:00,9281.347632998186,88737.0
2025-12-31 13:00:00,9281.347632998186,88954.4
2025-12-31 14:00:00,9281.347632998186,88443.4
2025-12-31 15:00:00,9281.347632998186,87909.0
2025-12-31 16:00:00,9281.347632998186,87625.9
2025-12-31 17:00:00,9281.347632998186,87587.2
2025-12-31 18:00:00,9281.347632998186,87655.8
2025-12-31 19:00:00,9281.347632998186,87515.0
2025-12-31 20:00:00,9281.347632998186,87629.0
2025-12-31 21:00:00,9281.347632998186,87764.0
2025-12-31 22:00:00,9281.347632998186,87695.7
2025-12-31 23:00:00,9281.347632998186,87608.2
2026-01-01 00:00:00,9281.347632998186,87773.4
2026-01-01 01:00:00,9281.347632998186,87916.5
2026-01-01 02:00:00,9281.347632998186,87884.6
2026-01-01 03:00:00,9281.347632998186,87824.6
2026-01-01 04:00:00,9281.347632998186,87567.0
2026-01-01 05:00:00,9281.347632998186,87674.7
2026-01-01 06:00:00,9281.347632998186,87621.5
2026-01-01 07:00:00,9281.347632998186,87603.7
2026-01-01 08:00:00,9281.347632998186,87741.5
2026-01-01 09:00:00,9281.347632998186,87846.7
2026-01-01 10:00:00,9281.347632998186,87833.9
2026-01-01 11:00:00,9281.347632998186,87980.1
2026-01-01 12:00:00,9281.347632998186,87898.7
2026-01-01 13:00:00,9281.347632998186,87871.7
2026-01-01 14:00:00,9281.347632998186,87917.6
2026-01-01 15:00:00,9281.347632998186,87986.8
2026-01-01 16:00:00,9281.347632998186,87955.0
2026-01-01 17:00:00,9281.347632998186,88281.3
2026-01-01 18:00:00,9281.347632998186,88165.3
2026-01-01 19:00:00,9281.347632998186,88354.8
2026-01-01 20:00:00,9281.347632998186,88220.4
2026-01-01 21:00:00,9281.347632998186,88346.9
2026-01-01 22:00:00,9281.347632998186,88603.5
2026-01-01 23:00:00,9281.347632998186,88800.0
2026-01-02 00:00:00,9281.347632998186,88794.2
2026-01-02 01:00:00,9281.347632998186,88599.9
2026-01-02 02:00:00,9281.347632998186,88600.0
2026-01-02 03:00:00,9281.347632998186,88899.3
2026-01-02 04:00:00,9281.347632998186,88595.1
2026-01-02 05:00:00,9281.347632998186,88720.7
2026-01-02 06:00:00,9281.347632998186,88899.9
2026-01-02 07:00:00,9281.347632998186,88829.3
2026-01-02 08:00:00,9281.347632998186,89138.2
2026-01-02 09:00:00,9281.347632998186,89429.9
2026-01-02 10:00:00,9281.347632998186,89618.5
2026-01-02 11:00:00,9281.347632998186,89458.3
2026-01-02 12:00:00,9281.347632998186,89360.1
2026-01-02 13:00:00,9281.347632998186,89311.6
2026-01-02 14:00:00,9281.347632998186,89536.4
2026-01-02 15:00:00,9281.347632998186,89373.1
2026-01-02 16:00:00,9281.347632998186,90334.0
2026-01-02 17:00:00,9281.347632998186,90319.9
2026-01-02 18:00:00,9281.347632998186,89735.3
2026-01-02 19:00:00,9281.347632998186,89865.0
2026-01-02 20:00:00,9281.347632998186,89700.1
2026-01-02 21:00:00,9281.347632998186,90015.4
2026-01-02 22:00:00,9281.347632998186,90154.9
2026-01-02 23:00:00,9281.347632998186,89951.4
2026-01-03 00:00:00,9281.347632998186,90114.0
2026-01-03 01:00:00,9281.347632998186,90232.9
2026-01-03 02:00:00,9281.347632998186,90291.2
2026-01-03 03:00:00,9281.347632998186,90279.9
2026-01-03 04:00:00,9281.347632998186,90121.8
2026-01-03 05:00:00,9281.347632998186,89989.9
2026-01-03 06:00:00,9281.347632998186,89827.3
2026-01-03 07:00:00,9281.347632998186,89535.9
2026-01-03 08:00:00,9281.347632998186,89625.3
2026-01-03 09:00:00,9281.347632998186,89756.1
2026-01-03 10:00:00,9281.347632998186,89712.8
2026-01-03 11:00:00,9281.347632998186,89706.4
2026-01-03 12:00:00,9281.347632998186,90001.8
2026-01-03 13:00:00,9281.347632998186,89972.3
2026-01-03 14:00:00,9281.347632998186,90091.3
2026-01-03 15:00:00,9281.347632998186,89931.8
2026-01-03 16:00:00,9281.347632998186,90065.0
2026-01-03 17:00:00,9281.347632998186,90054.5
2026-01-03 18:00:00,9281.347632998186,90105.4
2026-01-03 19:00:00,9281.347632998186,90091.8
2026-01-03 20:00:00,9281.347632998186,90333.0
2026-01-03 21:00:00,9281.347632998186,90530.3
2026-01-03 22:00:00,9281.347632998186,90557.4
2026-01-03 23:00:00,9281.347632998186,90595.8
2026-01-04 00:00:00,9281.347632998186,91301.4
2026-01-04 01:00:00,9281.347632998186,91190.0
2026-01-04 02:00:00,9281.347632998186,91099.2
2026-01-04 03:00:00,9281.347632998186,91192.7
2026-01-04 04:00:00,9281.347632998186,91355.0
2026-01-04 05:00:00,9281.347632998186,91437.0
2026-01-04 06:00:00,9281.347632998186,91187.1
2026-01-04 07:00:00,9281.347632998186,91477.5
2026-01-04 08:00:00,9281.347632998186,91325.7
2026-01-04 09:00:00,9281.347632998186,91413.7
2026-01-04 10:00:00,9281.347632998186,91553.4
2026-01-04 11:00:00,9281.347632998186,91262.7
2026-01-04 12:00:00,9281.347632998186,91096.4
2026-01-04 13:00:00,9281.347632998186,91227.4
2026-01-04 14:00:00,9281.347632998186,91305.0
2026-01-04 15:00:00,9281.347632998186,91292.8
2026-01-04 16:00:00,9281.347632998186,91282.3
2026-01-04 17:00:00,9281.347632998186,91293.5
2026-01-04 18:00:00,9281.347632998186,91168.0
2026-01-04 19:00:00,9281.347632998186,91102.9
2026-01-04 20:00:00,9281.347632998186,91275.9
2026-01-04 21:00:00,9281.347632998186,91247.0
2026-01-04 22:00:00,9281.347632998186,91180.9
2026-01-04 23:00:00,9281.347632998186,91497.1
2026-01-05 00:00:00,9281.347632998186,92368.1
2026-01-05 01:00:00,9281.347632998186,92917.0
2026-01-05 02:00:00,9281.347632998186,92990.4
2026-01-05 03:00:00,9281.347632998186,92835.2
2026-01-05 04:00:00,9281.347632998186,92556.8
2026-01-05 05:00:00,9281.347632998186,92323.2
2026-01-05 06:00:00,9281.347632998186,92454.4
2026-01-05 07:00:00,9281.347632998186,92492.1
2026-01-05 08:00:00,9281.347632998186,92436.0
2026-01-05 09:00:00,9281.347632998186,92654.3
2026-01-05 10:00:00,9281.347632998186,93048.4
2026-01-05 11:00:00,9281.347632998186,93093.3
2026-01-05 12:00:00,9281.347632998186,92837.2
2026-01-05 13:00:00,9281.347632998186,92708.0
2026-01-05 14:00:00,9281.347632998186,93390.0
2026-01-05 15:00:00,9281.347632998186,93899.9
2026-01-05 16:00:00,9281.347632998186,93646.6
2026-01-05 17:00:00,9281.347632998186,94273.0
2026-01-05 18:00:00,9281.347632998186,94400.4
2026-01-05 19:00:00,9281.347632998186,94248.6
2026-01-05 20:00:00,9281.347632998186,94131.0
2026-01-05 21:00:00,9281.347632998186,94049.1
2026-01-05 22:00:00,9281.347632998186,94125.2
2026-01-05 23:00:00,9281.347632998186,93822.4
2026-01-06 00:00:00,9281.347632998186,93768.8
2026-01-06 01:00:00,9281.347632998186,93736.0
2026-01-06 02:00:00,9281.347632998186,93587.0
2026-01-06 03:00:00,9281.347632998186,93725.8
2026-01-06 04:00:00,9281.347632998186,93758.8
2026-01-06 05:00:00,9281.347632998186,93552.0
2026-01-06 06:00:00,9281.347632998186,93727.5
2026-01-06 07:00:00,9281.347632998186,93207.4
2026-01-06 08:00:00,9281.347632998186,93197.0
2026-01-06 09:00:00,9281.347632998186,93420.4
2026-01-06 10:00:00,9281.347632998186,93536.3
2026-01-06 11:00:00,9281.347632998186,93799.9
2026-01-06 12:00:00,9281.347632998186,93819.4
2026-01-06 13:00:00,9281.347632998186,93678.1
2026-01-06 14:00:00,9281.347632998186,93796.2
2026-01-06 15:00:00,9281.347632998186,93608.2
2026-01-06 16:00:00,9281.347632998186,92651.3
2026-01-06 17:00:00,9281.347632998186,91547.6
2026-01-06 18:00:00,9281.347632998186,92006.4
2026-01-06 19:00:00,9281.347632998186,92062.2
2026-01-06 20:00:00,9281.347632998186,92472.8
2026-01-06 21:00:00,9281.347632998186,93207.8
2026-01-06 22:00:00,9281.347632998186,93320.0
2026-01-06 23:00:00,9281.347632998186,93708.0
2026-01-07 00:00:00,9281.347632998186,92670.4
2026-01-07 01:00:00,9281.347632998186,92405.7
2026-01-07 02:00:00,9281.347632998186,92923.2
2026-01-07 03:00:00,9281.347632998186,92778.2
2026-01-07 04:00:00,9281.347632998186,92637.3
2026-01-07 05:00:00,9281.347632998186,92504.0
2026-01-07 06:00:00,9281.347632998186,92576.4
2026-01-07 07:00:00,9281.347632998186,92848.1
2026-01-07 08:00:00,9281.347632998186,92680.3
2026-01-07 09:00:00,9281.347632998186,91672.0
2026-01-07 10:00:00,9281.347632998186,91924.1
2026-01-07 11:00:00,9281.347632998186,92041.9
2026-01-07 12:00:00,9281.347632998186,91953.4
2026-01-07 13:00:00,9281.347632998186,91994.4
2026-01-07 14:00:00,9281.347632998186,91920.8
2026-01-07 15:00:00,9281.347632998186,91303.1
2026-01-07 16:00:00,9281.347632998186,91229.9
2026-01-07 17:00:00,9281.347632998186,91215.0
2026-01-07 18:00:00,9281.347632998186,90857.4
2026-01-07 19:00:00,9281.347632998186,91143.6
2026-01-07 20:00:00,9281.347632998186,91015.6
2026-01-07 21:00:00,9281.347632998186,91050.0
2026-01-07 22:00:00,9281.347632998186,91143.6
2026-01-07 23:00:00,9281.347632998186,91328.0
2026-01-08 00:00:00,9281.347632998186,91356.8
2026-01-08 01:00:00,9281.347632998186,91386.0
2026-01-08 02:00:00,9281.347632998186,90925.6
2026-01-08 03:00:00,9281.347632998186,90780.1
2026-01-08 04:00:00,9281.347632998186,90987.9
2026-01-08 05:00:00,9281.347632998186,90788.0
2026-01-08 06:00:00,9281.347632998186,89844.0
2026-01-08 07:00:00,9281.347632998186,90509.9
2026-01-08 08:00:00,9281.347632998186,90200.0
2026-01-08 09:00:00,9281.347632998186,89979.4
2026-01-08 10:00:00,9281.347632998186,90366.8
2026-01-08 11:00:00,9281.347632998186,90192.3
2026-01-08 12:00:00,9281.347632998186,89953.8
2026-01-08 13:00:00,9281.347632998186,89930.0
2026-01-08 14:00:00,9281.347632998186,89978.5
2026-01-08 15:00:00,9281.347632998186,90730.0
2026-01-08 16:00:00,9281.347632998186,90887.9
2026-01-08 17:00:00,9281.347632998186,91320.0
2026-01-08 18:00:00,9281.347632998186,91070.3
2026-01-08 19:00:00,9281.347632998186,90890.9
2026-01-08 20:00:00,9281.347632998186,90875.1
2026-01-08 21:00:00,9281.347632998186,91223.2
2026-01-08 22:00:00,9281.347632998186,91184.2
2026-01-08 23:00:00,9281.347632998186,91059.8
2026-01-09 00:00:00,9281.347632998186,91248.1
2026-01-09 01:00:00,9281.347632998186,91016.0
2026-01-09 02:00:00,9281.347632998186,90999.5
2026-01-09 03:00:00,9281.347632998186,91190.1
2026-01-09 04:00:00,9281.347632998186,90978.7
2026-01-09 05:00:00,9281.347632998186,91058.2
2026-01-09 06:00:00,9281.347632998186,91103.8
2026-01-09 07:00:00,9281.347632998186,90712.1
2026-01-09 08:00:00,9281.347632998186,89989.4
2026-01-09 09:00:00,9281.347632998186,90299.0
2026-01-09 10:00:00,9281.347632998186,90443.6
2026-01-09 11:00:00,9281.347632998186,90398.1
2026-01-09 12:00:00,9281.347632998186,90404.8
2026-01-09 13:00:00,9281.347632998186,90559.9
2026-01-09 14:00:00,9281.347632998186,90110.8
2026-01-09 15:00:00,9281.347632998186,91137.7
2026-01-09 16:00:00,9281.347632998186,91589.9
2026-01-09 17:00:00,9281.347632998186,91372.8
2026-01-09 18:00:00,9281.347632998186,90772.3
2026-01-09 19:00:00,9281.347632998186,90290.6
2026-01-09 20:00:00,9281.347632998186,90272.3
2026-01-09 21:00:00,9281.347632998186,90503.8
2026-01-09 22:00:00,9281.347632998186,90585.0
2026-01-09 23:00:00,9281.347632998186,90603.6
2026-01-10 00:00:00,9281.347632998186,90565.1
2026-01-10 01:00:00,9281.347632998186,90649.6
2026-01-10 02:00:00,9281.347632998186,90652.7
2026-01-10 03:00:00,9281.347632998186,90591.3
2026-01-10 04:00:00,9281.347632998186,90421.9
2026-01-10 05:00:00,9281.347632998186,90563.5
2026-01-10 06:00:00,9281.347632998186,90475.1
2026-01-10 07:00:00,9281.347632998186,90627.1
2026-01-10 08:00:00,9281.347632998186,90628.6
2026-01-10 09:00:00,9281.347632998186,90729.9
2026-01-10 10:00:00,9281.347632998186,90795.4
2026-01-10 11:00:00,9281.347632998186,90692.8
2026-01-10 12:00:00,9281.347632998186,90696.6
2026-01-10 13:00:00,9281.347632998186,90620.9
2026-01-10 14:00:00,9281.347632998186,90551.8
2026-01-10 15:00:00,9281.347632998186,90622.7
2026-01-10 16:00:00,9281.347632998186,90640.6
2026-01-10 17:00:00,9281.347632998186,90512.3
2026-01-10 18:00:00,9281.347632998186,90555.2
2026-01-10 19:00:00,9281.347632998186,90591.4
2026-01-10 20:00:00,9281.347632998186,90539.0
2026-01-10 21:00:00,9281.347632998186,90469.9
2026-01-10 22:00:00,9281.347632998186,90384.9
2026-01-10 23:00:00,9281.347632998186,90469.6
2026-01-11 00:00:00,9281.347632998186,90600.0
2026-01-11 01:00:00,9281.347632998186,90597.9
2026-01-11 02:00:00,9281.347632998186,90654.8
2026-01-11 03:00:00,9281.347632998186,90696.5
2026-01-11 04:00:00,9281.347632998186,90750.0
2026-01-11 05:00:00,9281.347632998186,90730.4
2026-01-11 06:00:00,9281.347632998186,90697.4
2026-01-11 07:00:00,9281.347632998186,90664.0
2026-01-11 08:00:00,9281.347632998186,90756.0
2026-01-11 09:00:00,9281.347632998186,90689.9
2026-01-11 10:00:00,9281.347632998186,90689.4
2026-01-11 11:00:00,9281.347632998186,90707.3
2026-01-11 12:00:00,9281.347632998186,90889.3
2026-01-11 13:00:00,9281.347632998186,90812.0
2026-01-11 14:00:00,9281.347632998186,91074.8
2026-01-11 15:00:00,9281.347632998186,90834.1
2026-01-11 16:00:00,9281.347632998186,90996.0
2026-01-11 17:00:00,9281.347632998186,90944.7
2026-01-11 18:00:00,9281.347632998186,90840.9
2026-01-11 19:00:00,9281.347632998186,90644.7
2026-01-11 20:00:00,9281.347632998186,90654.2
2026-01-11 21:00:00,9281.347632998186,90711.1
2026-01-11 22:00:00,9281.347632998186,90482.4
2026-01-11 23:00:00,9281.347632998186,90964.4
2026-01-12 00:00:00,9281.347632998186,91229.1
2026-01-12 01:00:00,9281.347632998186,91370.0
2026-01-12 02:00:00,9281.347632998186,92168.8
2026-01-12 03:00:00,9281.347632998186,91766.2
2026-01-12 04:00:00,9281.347632998186,92126.7
2026-01-12 05:00:00,9281.347632998186,92066.6
2026-01-12 06:00:00,9281.347632998186,91789.3
2026-01-12 07:00:00,9281.347632998186,91369.2
2026-01-12 08:00:00,9281.347632998186,90714.0
2026-01-12 09:00:00,9281.347632998186,90646.8
2026-01-12 10:00:00,9281.347632998186,90394.6
2026-01-12 11:00:00,9281.347632998186,90573.9
2026-01-12 12:00:00,9281.347632998186,90741.6
2026-01-12 13:00:00,9281.347632998186,90596.8
2026-01-12 14:00:00,9281.347632998186,90852.8
2026-01-12 15:00:00,9281.347632998186,91618.7
2026-01-12 16:00:00,9281.347632998186,92078.8
2026-01-12 17:00:00,9281.347632998186,91469.9
2026-01-12 18:00:00,9281.347632998186,91648.2
2026-01-12 19:00:00,9281.347632998186,91821.9
2026-01-12 20:00:00,9281.347632998186,91446.5
2026-01-12 21:00:00,9281.347632998186,91005.6
2026-01-12 22:00:00,9281.347632998186,91204.0
2026-01-12 23:00:00,9281.347632998186,91252.6
2026-01-13 00:00:00,9281.347632998186,91436.3
2026-01-13 01:00:00,9281.347632998186,91157.4
2026-01-13 02:00:00,9281.347632998186,91093.5
2026-01-13 03:00:00,9281.347632998186,91380.9
2026-01-13 04:00:00,9281.347632998186,91479.3
2026-01-13 05:00:00,9281.347632998186,91883.6
2026-01-13 06:00:00,9281.347632998186,92146.9
2026-01-13 07:00:00,9281.347632998186,91908.0
2026-01-13 08:00:00,9281.347632998186,92137.8
2026-01-13 09:00:00,9281.347632998186,92239.6
2026-01-13 10:00:00,9281.347632998186,92092.5
2026-01-13 11:00:00,9281.347632998186,91962.1
2026-01-13 12:00:00,9281.347632998186,92076.2
2026-01-13 13:00:00,9281.347632998186,92021.0
2026-01-13 14:00:00,9281.347632998186,92414.3
2026-01-13 15:00:00,9281.347632998186,93407.9
2026-01-13 16:00:00,9281.347632998186,93341.6
2026-01-13 17:00:00,9281.347632998186,93190.6
2026-01-13 18:00:00,9281.347632998186,93581.0
2026-01-13 19:00:00,9281.347632998186,94179.5
2026-01-13 20:00:00,9281.347632998186,94349.1
2026-01-13 21:00:00,9281.347632998186,94040.0
2026-01-13 22:00:00,9281.347632998186,95730.5
2026-01-13 23:00:00,9281.347632998186,95375.2
2026-01-14 00:00:00,9281.347632998186,95196.2
2026-01-14 01:00:00,9281.347632998186,95191.4
2026-01-14 02:00:00,9281.347632998186,95299.9
2026-01-14 03:00:00,9281.347632998186,95665.7
2026-01-14 04:00:00,9281.347632998186,95192.2
2026-01-14 05:00:00,9281.347632998186,94963.1
2026-01-14 06:00:00,9281.347632998186,94984.8
2026-01-14 07:00:00,9281.347632998186,95166.6
2026-01-14 08:00:00,9281.347632998186,94866.3
2026-01-14 09:00:00,9281.347632998186,95051.6
2026-01-14 10:00:00,9281.347632998186,95050.1
2026-01-14 11:00:00,9281.347632998186,94763.6
2026-01-14 12:00:00,9281.347632998186,95041.5
2026-01-14 13:00:00,9281.347632998186,94964.3
2026-01-14 14:00:00,9281.347632998186,96449.0
2026-01-14 15:00:00,9281.347632998186,96691.9
2026-01-14 16:00:00,9281.347632998186,97232.2
2026-01-14 17:00:00,9281.347632998186,96895.2
2026-01-14 18:00:00,9281.347632998186,96764.5
2026-01-14 19:00:00,9281.347632998186,97221.8
2026-01-14 20:00:00,9281.347632998186,97606.0
2026-01-14 21:00:00,9281.347632998186,97515.0
2026-01-14 22:00:00,9281.347632998186,96825.5
2026-01-14 23:00:00,9281.347632998186,96907.9
2026-01-15 00:00:00,9281.347632998186,96613.3
2026-01-15 01:00:00,9281.347632998186,96400.1
2026-01-15 02:00:00,9281.347632998186,96297.3
2026-01-15 03:00:00,9281.347632998186,95943.1
2026-01-15 04:00:00,9281.347632998186,96273.3
2026-01-15 05:00:00,9281.347632998186,96372.5
2026-01-15 06:00:00,9281.347632998186,96195.2
2026-01-15 07:00:00,9281.347632998186,96601.2
2026-01-15 08:00:00,9281.347632998186,96596.2
2026-01-15 09:00:00,9281.347632998186,96993.8
2026-01-15 10:00:00,9281.347632998186,96763.2
2026-01-15 11:00:00,9281.347632998186,96548.9
2026-01-15 12:00:00,9281.347632998186,96931.3
2026-01-15 13:00:00,9281.347632998186,96801.0
2026-01-15 14:00:00,9281.347632998186,96013.6
2026-01-15 15:00:00,9281.347632998186,96717.3
2026-01-15 16:00:00,9281.347632998186,96684.7
2026-01-15 17:00:00,9281.347632998186,96587.4
2026-01-15 18:00:00,9281.347632998186,95806.9
2026-01-15 19:00:00,9281.347632998186,95469.2
2026-01-15 20:00:00,9281.347632998186,95220.7
2026-01-15 21:00:00,9281.347632998186,95545.3
2026-01-15 22:00:00,9281.347632998186,95536.3
2026-01-15 23:00:00,9281.347632998186,95567.3
2026-01-16 00:00:00,9281.347632998186,95589.6
2026-01-16 01:00:00,9281.347632998186,95623.7
2026-01-16 02:00:00,9281.347632998186,95469.5
2026-01-16 03:00:00,9281.347632998186,95319.6
2026-01-16 04:00:00,9281.347632998186,95233.4
2026-01-16 05:00:00,9281.347632998186,95615.9
2026-01-16 06:00:00,9281.347632998186,95702.5
2026-01-16 07:00:00,9281.347632998186,95608.4
2026-01-16 08:00:00,9281.347632998186,95628.3
2026-01-16 09:00:00,9281.347632998186,95568.1
2026-01-16 10:00:00,9281.347632998186,95272.6
2026-01-16 11:00:00,9281.347632998186,95382.6
2026-01-16 12:00:00,9281.347632998186,95414.6
2026-01-16 13:00:00,9281.347632998186,95400.2
2026-01-16 14:00:00,9281.347632998186,95137.0
2026-01-16 15:00:00,9281.347632998186,94537.5
2026-01-16 16:00:00,9281.347632998186,94826.6
2026-01-16 17:00:00,9281.347632998186,95041.6
2026-01-16 18:00:00,9281.347632998186,94966.6
2026-01-16 19:00:00,9281.347632998186,94961.0
2026-01-16 20:00:00,9281.347632998186,95517.1
2026-01-16 21:00:00,9281.347632998186,95469.6
2026-01-16 22:00:00,9281.347632998186,95473.6
2026-01-16 23:00:00,9281.347632998186,95503.7
2026-01-17 00:00:00,9281.347632998186,95416.9
2026-01-17 01:00:00,9281.347632998186,95344.2
2026-01-17 02:00:00,9281.347632998186,95318.9
2026-01-17 03:00:00,9281.347632998186,95324.0
2026-01-17 04:00:00,9281.347632998186,95267.4
2026-01-17 05:00:00,9281.347632998186,95270.5
2026-01-17 06:00:00,9281.347632998186,95191.0
2026-01-17 07:00:00,9281.347632998186,95061.1
2026-01-17 08:00:00,9281.347632998186,95213.6
2026-01-17 09:00:00,9281.347632998186,95219.5
2026-01-17 10:00:00,9281.347632998186,95076.6
2026-01-17 11:00:00,9281.347632998186,95283.9
2026-01-17 12:00:00,9281.347632998186,95212.7
2026-01-17 13:00:00,9281.347632998186,95399.7
2026-01-17 14:00:00,9281.347632998186,95419.9
2026-01-17 15:00:00,9281.347632998186,95529.0
2026-01-17 16:00:00,9281.347632998186,95265.1
2026-01-17 17:00:00,9281.347632998186,95318.1
2026-01-17 18:00:00,9281.347632998186,95384.5
2026-01-17 19:00:00,9281.347632998186,95258.3
2026-01-17 20:00:00,9281.347632998186,95332.8
2026-01-17 21:00:00,9281.347632998186,95272.7
2026-01-17 22:00:00,9281.347632998186,95120.8
2026-01-17 23:00:00,9281.347632998186,95107.9
2026-01-18 00:00:00,9281.347632998186,95073.1
2026-01-18 01:00:00,9281.347632998186,94928.9
2026-01-18 02:00:00,9281.347632998186,94989.0
2026-01-18 03:00:00,9281.347632998186,95155.0
2026-01-18 04:00:00,9281.347632998186,95057.4
2026-01-18 05:00:00,9281.347632998186,95154.5
2026-01-18 06:00:00,9281.347632998186,95142.1
2026-01-18 07:00:00,9281.347632998186,94989.9
2026-01-18 08:00:00,9281.347632998186,95150.0
2026-01-18 09:00:00,9281.347632998186,95233.3
2026-01-18 10:00:00,9281.347632998186,95139.9
2026-01-18 11:00:00,9281.347632998186,95133.4
2026-01-18 12:00:00,9281.347632998186,95071.4
2026-01-18 13:00:00,9281.347632998186,95104.9
2026-01-18 14:00:00,9281.347632998186,94917.8
2026-01-18 15:00:00,9281.347632998186,95067.8
2026-01-18 16:00:00,9281.347632998186,95123.6
2026-01-18 17:00:00,9281.347632998186,95231.2
2026-01-18 18:00:00,9281.347632998186,95396.2
2026-01-18 19:00:00,9281.347632998186,95335.6
2026-01-18 20:00:00,9281.347632998186,95259.3
2026-01-18 21:00:00,9281.347632998186,95386.4
2026-01-18 22:00:00,9281.347632998186,95442.9
2026-01-18 23:00:00,9281.347632998186,93614.0
2026-01-19 00:00:00,9281.347632998186,92658.3
2026-01-19 01:00:00,9281.347632998186,92542.2
2026-01-19 02:00:00,9281.347632998186,92516.7
2026-01-19 03:00:00,9281.347632998186,92656.6
2026-01-19 04:00:00,9281.347632998186,92614.4
2026-01-19 05:00:00,9281.347632998186,92471.4
2026-01-19 06:00:00,9281.347632998186,92542.8
2026-01-19 07:00:00,9281.347632998186,92787.9
2026-01-19 08:00:00,9281.347632998186,93200.3
2026-01-19 09:00:00,9281.347632998186,93000.0
2026-01-19 10:00:00,9281.347632998186,93021.2
2026-01-19 11:00:00,9281.347632998186,93136.7
2026-01-19 12:00:00,9281.347632998186,93025.9
2026-01-19 13:00:00,9281.347632998186,92993.0
2026-01-19 14:00:00,9281.347632998186,92779.7
2026-01-19 15:00:00,9281.347632998186,93013.5
2026-01-19 16:00:00,9281.347632998186,93264.9
2026-01-19 17:00:00,9281.347632998186,93195.1
2026-01-19 18:00:00,9281.347632998186,93022.9
2026-01-19 19:00:00,9281.347632998186,93066.2
2026-01-19 20:00:00,9281.347632998186,93107.4
2026-01-19 21:00:00,9281.347632998186,92968.5
2026-01-19 22:00:00,9281.347632998186,92528.1
2026-01-19 23:00:00,9281.347632998186,92589.6
2026-01-20 00:00:00,9281.347632998186,92676.1
2026-01-20 01:00:00,9281.347632998186,92688.7
2026-01-20 02:00:00,9281.347632998186,92518.9
2026-01-20 03:00:00,9281.347632998186,92397.0
2026-01-20 04:00:00,9281.347632998186,92026.2
2026-01-20 05:00:00,9281.347632998186,91590.1
2026-01-20 06:00:00,9281.347632998186,90894.5
2026-01-20 07:00:00,9281.347632998186,91136.1
2026-01-20 08:00:00,9281.347632998186,91078.9
2026-01-20 09:00:00,9281.347632998186,91002.9
2026-01-20 10:00:00,9281.347632998186,91217.7
2026-01-20 11:00:00,9281.347632998186,91185.8
2026-01-20 12:00:00,9281.347632998186,91240.0
2026-01-20 13:00:00,9281.347632998186,90918.9
2026-01-20 14:00:00,9281.347632998186,90496.7
2026-01-20 15:00:00,9281.347632998186,90644.2
2026-01-20 16:00:00,9281.347632998186,90131.9
2026-01-20 17:00:00,9281.347632998186,89739.6
2026-01-20 18:00:00,9281.347632998186,89471.6
2026-01-20 19:00:00,9281.347632998186,89694.1
2026-01-20 20:00:00,9281.347632998186,89701.0
2026-01-20 21:00:00,9281.347632998186,89445.6
2026-01-20 22:00:00,9281.347632998186,88469.0
2026-01-20 23:00:00,9281.347632998186,88390.6
2026-01-21 00:00:00,9281.347632998186,88895.5
2026-01-21 01:00:00,9281.347632998186,88985.2
2026-01-21 02:00:00,9281.347632998186,89015.1
2026-01-21 03:00:00,9281.347632998186,89396.0
2026-01-21 04:00:00,9281.347632998186,89400.4
2026-01-21 05:00:00,9281.347632998186,89919.9
2026-01-21 06:00:00,9281.347632998186,89618.4
2026-01-21 07:00:00,9281.347632998186,89171.3
2026-01-21 08:00:00,9281.347632998186,89160.4
2026-01-21 09:00:00,9281.347632998186,89068.5
2026-01-21 10:00:00,9281.347632998186,89201.0
2026-01-21 11:00:00,9281.347632998186,88757.1
2026-01-21 12:00:00,9281.347632998186,88692.5
2026-01-21 13:00:00,9281.347632998186,88631.2
2026-01-21 14:00:00,9281.347632998186,89755.7
2026-01-21 15:00:00,9281.347632998186,90237.1
2026-01-21 16:00:00,9281.347632998186,87562.3
2026-01-21 17:00:00,9281.347632998186,87897.0
2026-01-21 18:00:00,9281.347632998186,88441.1
2026-01-21 19:00:00,9281.347632998186,90321.9
2026-01-21 20:00:00,9281.347632998186,90170.8
2026-01-21 21:00:00,9281.347632998186,90203.8
2026-01-21 22:00:00,9281.347632998186,89728.5
2026-01-21 23:00:00,9281.347632998186,89411.4
2026-01-22 00:00:00,9281.347632998186,89869.6
2026-01-22 01:00:00,9281.347632998186,90071.1
2026-01-22 02:00:00,9281.347632998186,89901.8
2026-01-22 03:00:00,9281.347632998186,89857.0
2026-01-22 04:00:00,9281.347632998186,89958.3
2026-01-22 05:00:00,9281.347632998186,89981.8
2026-01-22 06:00:00,9281.347632998186,90122.9
2026-01-22 07:00:00,9281.347632998186,89772.6
2026-01-22 08:00:00,9281.347632998186,89878.6
2026-01-22 09:00:00,9281.347632998186,89995.0
2026-01-22 10:00:00,9281.347632998186,90046.6
2026-01-22 11:00:00,9281.347632998186,89909.6
2026-01-22 12:00:00,9281.347632998186,89985.8
2026-01-22 13:00:00,9281.347632998186,89570.0
2026-01-22 14:00:00,9281.347632998186,89055.0
2026-01-22 15:00:00,9281.347632998186,88953.6
2026-01-22 16:00:00,9281.347632998186,89006.9
2026-01-22 17:00:00,9281.347632998186,89500.0
2026-01-22 18:00:00,9281.347632998186,89295.5
2026-01-22 19:00:00,9281.347632998186,89732.9
2026-01-22 20:00:00,9281.347632998186,89370.7
2026-01-22 21:00:00,9281.347632998186,89222.1
2026-01-22 22:00:00,9281.347632998186,89304.7
2026-01-22 23:00:00,9281.347632998186,89518.5
2026-01-23 00:00:00,9281.347632998186,89484.6
2026-01-23 01:00:00,9281.347632998186,89893.7
2026-01-23 02:00:00,9281.347632998186,89611.2
2026-01-23 03:00:00,9281.347632998186,89886.1
2026-01-23 04:00:00,9281.347632998186,89922.5
2026-01-23 05:00:00,9281.347632998186,89573.8
2026-01-23 06:00:00,9281.347632998186,89474.9
2026-01-23 07:00:00,9281.347632998186,89497.2
2026-01-23 08:00:00,9281.347632998186,89185.1
2026-01-23 09:00:00,9281.347632998186,88939.9
2026-01-23 10:00:00,9281.347632998186,89016.6
2026-01-23 11:00:00,9281.347632998186,89171.2
2026-01-23 12:00:00,9281.347632998186,89220.0
2026-01-23 13:00:00,9281.347632998186,89310.6
2026-01-23 14:00:00,9281.347632998186,88976.0
2026-01-23 15:00:00,9281.347632998186,89711.2
2026-01-23 16:00:00,9281.347632998186,90079.0
2026-01-23 17:00:00,9281.347632998186,90576.0
2026-01-23 18:00:00,9281.347632998186,90486.3
2026-01-23 19:00:00,9281.347632998186,89938.3
2026-01-23 20:00:00,9281.347632998186,89456.4
2026-01-23 21:00:00,9281.347632998186,89301.2
2026-01-23 22:00:00,9281.347632998186,89585.3
2026-01-23 23:00:00,9281.347632998186,89558.7
2026-01-24 00:00:00,9281.347632998186,89414.2
2026-01-24 01:00:00,9281.347632998186,89512.8
2026-01-24 02:00:00,9281.347632998186,89666.2
2026-01-24 03:00:00,9281.347632998186,89738.4
2026-01-24 04:00:00,9281.347632998186,89806.7
2026-01-24 05:00:00,9281.347632998186,89744.5
2026-01-24 06:00:00,9281.347632998186,89612.4
2026-01-24 07:00:00,9281.347632998186,89581.2
2026-01-24 08:00:00,9281.347632998186,89635.2
2026-01-24 09:00:00,9281.347632998186,89567.4
2026-01-24 10:00:00,9281.347632998186,89590.1
2026-01-24 11:00:00,9281.347632998186,89548.5
2026-01-24 12:00:00,9281.347632998186,89497.6
2026-01-24 13:00:00,9281.347632998186,89321.7
2026-01-24 14:00:00,9281.347632998186,89407.7
2026-01-24 15:00:00,9281.347632998186,89235.0
2026-01-24 16:00:00,9281.347632998186,89248.6
2026-01-24 17:00:00,9281.347632998186,89369.6
2026-01-24 18:00:00,9281.347632998186,89351.6
2026-01-24 19:00:00,9281.347632998186,89286.0
2026-01-24 20:00:00,9281.347632998186,89333.7
2026-01-24 21:00:00,9281.347632998186,89340.6
2026-01-24 22:00:00,9281.347632998186,89390.0
2026-01-24 23:00:00,9281.347632998186,89180.7
2026-01-25 00:00:00,9281.347632998186,89275.7
2026-01-25 01:00:00,9281.347632998186,89139.7
2026-01-25 02:00:00,9281.347632998186,89105.0
2026-01-25 03:00:00,9281.347632998186,88920.0
2026-01-25 04:00:00,9281.347632998186,88977.4
2026-01-25 05:00:00,9281.347632998186,88966.1
2026-01-25 06:00:00,9281.347632998186,88810.0
2026-01-25 07:00:00,9281.347632998186,88630.3
2026-01-25 08:00:00,9281.347632998186,88254.8
2026-01-25 09:00:00,9281.347632998186,88361.6
2026-01-25 10:00:00,9281.347632998186,88616.0
2026-01-25 11:00:00,9281.347632998186,88531.0
2026-01-25 12:00:00,9281.347632998186,88752.0
2026-01-25 13:00:00,9281.347632998186,88875.1
2026-01-25 14:00:00,9281.347632998186,88666.1
2026-01-25 15:00:00,9281.347632998186,88406.0
2026-01-25 16:00:00,9281.347632998186,88049.9
2026-01-25 17:00:00,9281.347632998186,87845.7
2026-01-25 18:00:00,9281.347632998186,87370.1
2026-01-25 19:00:00,9281.347632998186,86459.4
2026-01-25 20:00:00,9281.347632998186,86618.3
2026-01-25 21:00:00,9281.347632998186,86525.1
2026-01-25 22:00:00,9281.347632998186,86489.1
2026-01-25 23:00:00,9281.347632998186,86628.9
2026-01-26 00:00:00,9281.347632998186,86808.4
2026-01-26 01:00:00,9281.347632998186,87661.8
2026-01-26 02:00:00,9281.347632998186,87514.8
2026-01-26 03:00:00,9281.347632998186,87233.1
2026-01-26 04:00:00,9281.347632998186,87700.0
2026-01-26 05:00:00,9281.347632998186,87776.4
2026-01-26 06:00:00,9281.347632998186,87902.6
2026-01-26 07:00:00,9281.347632998186,87968.9
2026-01-26 08:00:00,9281.347632998186,87947.3
2026-01-26 09:00:00,9281.347632998186,87630.4
2026-01-26 10:00:00,9281.347632998186,87858.1
2026-01-26 11:00:00,9281.347632998186,87810.0
2026-01-26 12:00:00,9281.347632998186,87762.1
2026-01-26 13:00:00,9281.347632998186,87917.9
2026-01-26 14:00:00,9281.347632998186,88137.0
2026-01-26 15:00:00,9281.347632998186,87609.5
2026-01-26 16:00:00,9281.347632998186,87579.4
2026-01-26 17:00:00,9281.347632998186,87657.5
2026-01-26 18:00:00,9281.347632998186,88361.9
2026-01-26 19:00:00,9281.347632998186,87965.6
2026-01-26 20:00:00,9281.347632998186,87595.3
2026-01-26 21:00:00,9281.347632998186,88016.5
2026-01-26 22:00:00,9281.347632998186,88095.0
2026-01-26 23:00:00,9281.347632998186,88300.6
2026-01-27 00:00:00,9281.347632998186,88319.4
2026-01-27 01:00:00,9281.347632998186,88523.6
2026-01-27 02:00:00,9281.347632998186,88785.8
2026-01-27 03:00:00,9281.347632998186,88744.6
2026-01-27 04:00:00,9281.347632998186,88532.7
2026-01-27 05:00:00,9281.347632998186,88424.0
2026-01-27 06:00:00,9281.347632998186,88295.4
2026-01-27 07:00:00,9281.347632998186,88287.9
2026-01-27 08:00:00,9281.347632998186,88137.5
2026-01-27 09:00:00,9281.347632998186,87852.6
2026-01-27 10:00:00,9281.347632998186,87754.3
2026-01-27 11:00:00,9281.347632998186,87947.5
2026-01-27 12:00:00,9281.347632998186,87952.2
2026-01-27 13:00:00,9281.347632998186,87945.2
2026-01-27 14:00:00,9281.347632998186,87712.1
2026-01-27 15:00:00,9281.347632998186,88000.1
2026-01-27 16:00:00,9281.347632998186,88604.9
2026-01-27 17:00:00,9281.347632998186,87510.4
2026-01-27 18:00:00,9281.347632998186,88249.6
2026-01-27 19:00:00,9281.347632998186,88378.1
2026-01-27 20:00:00,9281.347632998186,89360.1
2026-01-27 21:00:00,9281.347632998186,89039.5
2026-01-27 22:00:00,9281.347632998186,89203.1
2026-01-27 23:00:00,9281.347632998186,89197.8
2026-01-28 00:00:00,9281.347632998186,89429.2
2026-01-28 01:00:00,9281.347632998186,89360.0
2026-01-28 02:00:00,9281.347632998186,89245.1
2026-01-28 03:00:00,9281.347632998186,89079.8
2026-01-28 04:00:00,9281.347632998186,88944.0
2026-01-28 05:00:00,9281.347632998186,89051.1
2026-01-28 06:00:00,9281.347632998186,89287.9
2026-01-28 07:00:00,9281.347632998186,89106.8
2026-01-28 08:00:00,9281.347632998186,88901.1
2026-01-28 09:00:00,9281.347632998186,89542.6
2026-01-28 10:00:00,9281.347632998186,89368.4
2026-01-28 11:00:00,9281.347632998186,90036.9
2026-01-28 12:00:00,9281.347632998186,89955.0
2026-01-28 13:00:00,9281.347632998186,90220.1
2026-01-28 14:00:00,9281.347632998186,89578.1
2026-01-28 15:00:00,9281.347632998186,89444.4
2026-01-28 16:00:00,9281.347632998186,89588.8
2026-01-28 17:00:00,9281.347632998186,90142.9
2026-01-28 18:00:00,9281.347632998186,89501.0
2026-01-28 19:00:00,9281.347632998186,89363.6
2026-01-28 20:00:00,9281.347632998186,89099.9
2026-01-28 21:00:00,9281.347632998186,89369.3
2026-01-28 22:00:00,9281.347632998186,89347.1
2026-01-28 23:00:00,9281.347632998186,89261.7
2026-01-29 00:00:00,9281.347632998186,89112.0
2026-01-29 01:00:00,9281.347632998186,88561.7
2026-01-29 02:00:00,9281.347632998186,87857.9
2026-01-29 03:00:00,9281.347632998186,88003.2
2026-01-29 04:00:00,9281.347632998186,88269.9
2026-01-29 05:00:00,9281.347632998186,88149.3
2026-01-29 06:00:00,9281.347632998186,88281.1
2026-01-29 07:00:00,9281.347632998186,88310.9
2026-01-29 08:00:00,9281.347632998186,88028.1
2026-01-29 09:00:00,9281.347632998186,87851.1
2026-01-29 10:00:00,9281.347632998186,87920.1
2026-01-29 11:00:00,9281.347632998186,87795.2
2026-01-29 12:00:00,9281.347632998186,88073.8
2026-01-29 13:00:00,9281.347632998186,88008.8
2026-01-29 14:00:00,9281.347632998186,86978.7
2026-01-29 15:00:00,9281.347632998186,84898.0
2026-01-29 16:00:00,9281.347632998186,85230.3
2026-01-29 17:00:00,9281.347632998186,84225.0
2026-01-29 18:00:00,9281.347632998186,83440.9
2026-01-29 19:00:00,9281.347632998186,83979.4
2026-01-29 20:00:00,9281.347632998186,84186.3
2026-01-29 21:00:00,9281.347632998186,84491.0
2026-01-29 22:00:00,9281.347632998186,84529.6
2026-01-29 23:00:00,9281.347632998186,84604.7
2026-01-30 00:00:00,9281.347632998186,84157.4
2026-01-30 01:00:00,9281.347632998186,82434.7
2026-01-30 02:00:00,9281.347632998186,82128.1
2026-01-30 03:00:00,9281.347632998186,82640.9
2026-01-30 04:00:00,9281.347632998186,82906.6
2026-01-30 05:00:00,9281.347632998186,82873.5
2026-01-30 06:00:00,9281.347632998186,82560.8
2026-01-30 07:00:00,9281.347632998186,82770.1
2026-01-30 08:00:00,9281.347632998186,82625.3
2026-01-30 09:00:00,9281.347632998186,82320.5
2026-01-30 10:00:00,9281.347632998186,82793.2
2026-01-30 11:00:00,9281.347632998186,83104.8
2026-01-30 12:00:00,9281.347632998186,82752.8
2026-01-30 13:00:00,9281.347632998186,82704.9
2026-01-30 14:00:00,9281.347632998186,83061.4
2026-01-30 15:00:00,9281.347632998186,82850.2
2026-01-30 16:00:00,9281.347632998186,83115.2
2026-01-30 17:00:00,9281.347632998186,82908.0
2026-01-30 18:00:00,9281.347632998186,83897.3
2026-01-30 19:00:00,9281.347632998186,84200.0
2026-01-30 20:00:00,9281.347632998186,83890.3
2026-01-30 21:00:00,9281.347632998186,84240.3
2026-01-30 22:00:00,9281.347632998186,84191.1
2026-01-30 23:00:00,9281.347632998186,84211.4
2026-01-31 00:00:00,9281.347632998186,84028.1
2026-01-31 01:00:00,9281.347632998186,83965.9
2026-01-31 02:00:00,9281.347632998186,84085.6
2026-01-31 03:00:00,9281.347632998186,83987.5
2026-01-31 04:00:00,9281.347632998186,83960.4
2026-01-31 05:00:00,9281.347632998186,83961.8
2026-01-31 06:00:00,9281.347632998186,83739.1
2026-01-31 07:00:00,9281.347632998186,83514.4
2026-01-31 08:00:00,9281.347632998186,83031.1
2026-01-31 09:00:00,9281.347632998186,83075.3
2026-01-31 10:00:00,9281.347632998186,83120.9
2026-01-31 11:00:00,9281.347632998186,82983.2
2026-01-31 12:00:00,9281.347632998186,82735.6
2026-01-31 13:00:00,9281.347632998186,82733.0
2026-01-31 14:00:00,9281.347632998186,81452.5
2026-01-31 15:00:00,9281.347632998186,81268.6
2026-01-31 16:00:00,9281.347632998186,80320.9
2026-01-31 17:00:00,9281.347632998186,78857.1
2026-01-31 18:00:00,9281.347632998186,77996.8
2026-01-31 19:00:00,9281.347632998186,77707.9
2026-01-31 20:00:00,9281.347632998186,77956.7
2026-01-31 21:00:00,9281.347632998186,78252.4
2026-01-31 22:00:00,9281.347632998186,78114.5
2026-01-31 23:00:00,9281.347632998186,78706.8
2026-02-01 00:00:00,9281.347632998186,78861.2
2026-02-01 01:00:00,9281.347632998186,78504.8
2026-02-01 02:00:00,9281.347632998186,78856.4
2026-02-01 03:00:00,9281.347632998186,78826.3
2026-02-01 04:00:00,9281.347632998186,78938.1
2026-02-01 05:00:00,9281.347632998186,78583.9
2026-02-01 06:00:00,9281.347632998186,78262.9
2026-02-01 07:00:00,9281.347632998186,78320.8
2026-02-01 08:00:00,9281.347632998186,78571.3
2026-02-01 09:00:00,9281.347632998186,78997.0
2026-02-01 10:00:00,9281.347632998186,78239.9
2026-02-01 11:00:00,9281.347632998186,78712.1
2026-02-01 12:00:00,9281.347632998186,78420.6
2026-02-01 13:00:00,9281.347632998186,78280.7
2026-02-01 14:00:00,9281.347632998186,78179.4
2026-02-01 15:00:00,9281.347632998186,77563.8
2026-02-01 16:00:00,9281.347632998186,77459.2
2026-02-01 17:00:00,9281.347632998186,77711.0
2026-02-01 18:00:00,9281.347632998186,77995.9
2026-02-01 19:00:00,9281.347632998186,77142.4
2026-02-01 20:00:00,9281.347632998186,77073.5
2026-02-01 21:00:00,9281.347632998186,76489.0
2026-02-01 22:00:00,9281.347632998186,77211.4
2026-02-01 23:00:00,9281.347632998186,76931.5
2026-02-02 00:00:00,9281.347632998186,77638.6
2026-02-02 01:00:00,9281.347632998186,77482.2
2026-02-02 02:00:00,9281.347632998186,76447.2
2026-02-02 03:00:00,9281.347632998186,76256.2
2026-02-02 04:00:00,9281.347632998186,75856.3
2026-02-02 05:00:00,9281.347632998186,75449.6
2026-02-02 06:00:00,9281.347632998186,76511.3
2026-02-02 07:00:00,9281.347632998186,76612.6
2026-02-02 08:00:00,9281.347632998186,76831.2
2026-02-02 09:00:00,9281.347632998186,77666.0
2026-02-02 10:00:00,9281.347632998186,77463.3
2026-02-02 11:00:00,9281.347632998186,77716.1
2026-02-02 12:00:00,9281.347632998186,77947.5
2026-02-02 13:00:00,9281.347632998186,78172.1
2026-02-02 14:00:00,9281.347632998186,77797.6
2026-02-02 15:00:00,9281.347632998186,78800.6
2026-02-02 16:00:00,9281.347632998186,78588.8
2026-02-02 17:00:00,9281.347632998186,78936.8
2026-02-02 18:00:00,9281.347632998186,78523.9
2026-02-02 19:00:00,9281.347632998186,78299.2
2026-02-02 20:00:00,9281.347632998186,77976.7
2026-02-02 21:00:00,9281.347632998186,78489.0
2026-02-02 22:00:00,9281.347632998186,78758.2
2026-02-02 23:00:00,9281.347632998186,78692.5
2026-02-03 00:00:00,9281.347632998186,79031.1
2026-02-03 01:00:00,9281.347632998186,78980.0
2026-02-03 02:00:00,9281.347632998186,77774.8
2026-02-03 03:00:00,9281.347632998186,78710.7
2026-02-03 04:00:00,9281.347632998186,78767.4
2026-02-03 05:00:00,9281.347632998186,78202.9
2026-02-03 06:00:00,9281.347632998186,78557.3
2026-02-03 07:00:00,9281.347632998186,78749.9
2026-02-03 08:00:00,9281.347632998186,78708.7
2026-02-03 09:00:00,9281.347632998186,78351.5
2026-02-03 10:00:00,9281.347632998186,78077.2
2026-02-03 11:00:00,9281.347632998186,78040.1
2026-02-03 12:00:00,9281.347632998186,78289.8
2026-02-03 13:00:00,9281.347632998186,78260.4
2026-02-03 14:00:00,9281.347632998186,77164.5
2026-02-03 15:00:00,9281.347632998186,78094.1
2026-02-03 16:00:00,9281.347632998186,76458.2
2026-02-03 17:00:00,9281.347632998186,74882.4
2026-02-03 18:00:00,9281.347632998186,73111.7
2026-02-03 19:00:00,9281.347632998186,74893.8
2026-02-03 20:00:00,9281.347632998186,76431.9
2026-02-03 21:00:00,9281.347632998186,76199.9
2026-02-03 22:00:00,9281.347632998186,75672.5
2026-02-03 23:00:00,9281.347632998186,75732.4
2026-02-04 00:00:00,9281.347632998186,75871.0
2026-02-04 01:00:00,9281.347632998186,76392.0
2026-02-04 02:00:00,9281.347632998186,75926.8
2026-02-04 03:00:00,9281.347632998186,76661.1
2026-02-04 04:00:00,9281.347632998186,76448.0
2026-02-04 05:00:00,9281.347632998186,76255.0
2026-02-04 06:00:00,9281.347632998186,76616.9
2026-02-04 07:00:00,9281.347632998186,76478.9
2026-02-04 08:00:00,9281.347632998186,76541.3
2026-02-04 09:00:00,9281.347632998186,76081.9
2026-02-04 10:00:00,9281.347632998186,76266.8
2026-02-04 11:00:00,9281.347632998186,75987.6
2026-02-04 12:00:00,9281.347632998186,76160.0
2026-02-04 13:00:00,9281.347632998186,74838.4
2026-02-04 14:00:00,9281.347632998186,74328.9
2026-02-04 15:00:00,9281.347632998186,74107.0
2026-02-04 16:00:00,9281.347632998186,73609.1
2026-02-04 17:00:00,9281.347632998186,72544.2
2026-02-04 18:00:00,9281.347632998186,73398.4
2026-02-04 19:00:00,9281.347632998186,73895.3
2026-02-04 20:00:00,9281.347632998186,73488.9
2026-02-04 21:00:00,9281.347632998186,72772.8
2026-02-04 22:00:00,9281.347632998186,72511.1
2026-02-04 23:00:00,9281.347632998186,73137.4
2026-02-05 00:00:00,9281.347632998186,72838.9
2026-02-05 01:00:00,9281.347632998186,72389.2
2026-02-05 02:00:00,9281.347632998186,71429.1
2026-02-05 03:00:00,9281.347632998186,71198.9
2026-02-05 04:00:00,9281.347632998186,70873.2
2026-02-05 05:00:00,9281.347632998186,70694.9
2026-02-05 06:00:00,9281.347632998186,70911.4
2026-02-05 07:00:00,9281.347632998186,70716.1
2026-02-05 08:00:00,9281.347632998186,71020.9
2026-02-05 09:00:00,9281.347632998186,71531.7
2026-02-05 10:00:00,9281.347632998186,70820.3
2026-02-05 11:00:00,9281.347632998186,70279.0
2026-02-05 12:00:00,9281.347632998186,69532.9
2026-02-05 13:00:00,9281.347632998186,69656.3
2026-02-05 14:00:00,9281.347632998186,69365.5
2026-02-05 15:00:00,9281.347632998186,67451.9
2026-02-05 16:00:00,9281.347632998186,68262.7
2026-02-05 17:00:00,9281.347632998186,66153.9
2026-02-05 18:00:00,9281.347632998186,66312.1
2026-02-05 19:00:00,9281.347632998186,65237.4
2026-02-05 20:00:00,9281.347632998186,63750.9
2026-02-05 21:00:00,9281.347632998186,63188.8
2026-02-05 22:00:00,9281.347632998186,63878.7
2026-02-05 23:00:00,9281.347632998186,62868.1
2026-02-06 00:00:00,9281.347632998186,63460.4
2026-02-06 01:00:00,9281.347632998186,65666.0
2026-02-06 02:00:00,9281.347632998186,64955.6
2026-02-06 03:00:00,9281.347632998186,64138.1
2026-02-06 04:00:00,9281.347632998186,64865.1
2026-02-06 05:00:00,9281.347632998186,66365.3
2026-02-06 06:00:00,9281.347632998186,64947.6
2026-02-06 07:00:00,9281.347632998186,64811.2
2026-02-06 08:00:00,9281.347632998186,64850.1
2026-02-06 09:00:00,9281.347632998186,65757.9
2026-02-06 10:00:00,9281.347632998186,65929.4
2026-02-06 11:00:00,9281.347632998186,66586.1
2026-02-06 12:00:00,9281.347632998186,66522.6
2026-02-06 13:00:00,9281.347632998186,67274.9
2026-02-06 14:00:00,9281.347632998186,68149.1
2026-02-06 15:00:00,9281.347632998186,68577.5
2026-02-06 16:00:00,9281.347632998186,69896.0
2026-02-06 17:00:00,9281.347632998186,70707.3
2026-02-06 18:00:00,9281.347632998186,69728.7
2026-02-06 19:00:00,9281.347632998186,70675.5
2026-02-06 20:00:00,9281.347632998186,69939.0
2026-02-06 21:00:00,9281.347632998186,70308.7
2026-02-06 22:00:00,9281.347632998186,71321.1
2026-02-06 23:00:00,9281.347632998186,70544.5
2026-02-07 00:00:00,9281.347632998186,69917.1
2026-02-07 01:00:00,9281.347632998186,70431.1
2026-02-07 02:00:00,9281.347632998186,70319.0
2026-02-07 03:00:00,9281.347632998186,70887.1
2026-02-07 04:00:00,9281.347632998186,70728.7
2026-02-07 05:00:00,9281.347632998186,70124.6
2026-02-07 06:00:00,9281.347632998186,68733.6
2026-02-07 07:00:00,9281.347632998186,68050.5
2026-02-07 08:00:00,9281.347632998186,68458.5
2026-02-07 09:00:00,9281.347632998186,68107.4
2026-02-07 10:00:00,9281.347632998186,67954.8
2026-02-07 11:00:00,9281.347632998186,67935.1
2026-02-07 12:00:00,9281.347632998186,68988.7
2026-02-07 13:00:00,9281.347632998186,69062.8
2026-02-07 14:00:00,9281.347632998186,68615.9
2026-02-07 15:00:00,9281.347632998186,69122.1
2026-02-07 16:00:00,9281.347632998186,68924.3
2026-02-07 17:00:00,9281.347632998186,69154.3
2026-02-07 18:00:00,9281.347632998186,69475.0
2026-02-07 19:00:00,9281.347632998186,69341.4
2026-02-07 20:00:00,9281.347632998186,69596.5
2026-02-07 21:00:00,9281.347632998186,69466.3
2026-02-07 22:00:00,9281.347632998186,69368.2
2026-02-07 23:00:00,9281.347632998186,69254.2
2026-02-08 00:00:00,9281.347632998186,69100.2
2026-02-08 01:00:00,9281.347632998186,69341.5
2026-02-08 02:00:00,9281.347632998186,69335.7
2026-02-08 03:00:00,9281.347632998186,69064.7
2026-02-08 04:00:00,9281.347632998186,69303.4
2026-02-08 05:00:00,9281.347632998186,69190.7
2026-02-08 06:00:00,9281.347632998186,69321.8
2026-02-08 07:00:00,9281.347632998186,69665.0
2026-02-08 08:00:00,9281.347632998186,70624.5
2026-02-08 09:00:00,9281.347632998186,70066.8
2026-02-08 10:00:00,9281.347632998186,70231.1
2026-02-08 11:00:00,9281.347632998186,70954.0
2026-02-08 12:00:00,9281.347632998186,71203.4
2026-02-08 13:00:00,9281.347632998186,71472.6
2026-02-08 14:00:00,9281.347632998186,71218.3
2026-02-08 15:00:00,9281.347632998186,71152.6
2026-02-08 16:00:00,9281.347632998186,70388.7
2026-02-08 17:00:00,9281.347632998186,70754.5
2026-02-08 18:00:00,9281.347632998186,71103.1
2026-02-08 19:00:00,9281.347632998186,71381.0
2026-02-08 20:00:00,9281.347632998186,70801.5
2026-02-08 21:00:00,9281.347632998186,70665.4
2026-02-08 22:00:00,9281.347632998186,71036.2
2026-02-08 23:00:00,9281.347632998186,70288.1
2026-02-09 00:00:00,9281.347632998186,70454.1
2026-02-09 01:00:00,9281.347632998186,70328.0
2026-02-09 02:00:00,9281.347632998186,70593.0
2026-02-09 03:00:00,9281.347632998186,71269.9
2026-02-09 04:00:00,9281.347632998186,70967.0
2026-02-09 05:00:00,9281.347632998186,71014.2
2026-02-09 06:00:00,9281.347632998186,70622.4
2026-02-09 07:00:00,9281.347632998186,70393.5
2026-02-09 08:00:00,9281.347632998186,69832.2
2026-02-09 09:00:00,9281.347632998186,69588.0
2026-02-09 10:00:00,9281.347632998186,68694.0
2026-02-09 11:00:00,9281.347632998186,68899.9
2026-02-09 12:00:00,9281.347632998186,69109.7
2026-02-09 13:00:00,9281.347632998186,68556.9
2026-02-09 14:00:00,9281.347632998186,69232.4
2026-02-09 15:00:00,9281.347632998186,69528.9
2026-02-09 16:00:00,9281.347632998186,70049.1
2026-02-09 17:00:00,9281.347632998186,70570.6
2026-02-09 18:00:00,9281.347632998186,70379.9
2026-02-09 19:00:00,9281.347632998186,70912.7
2026-02-09 20:00:00,9281.347632998186,70683.9
2026-02-09 21:00:00,9281.347632998186,70362.4
2026-02-09 22:00:00,9281.347632998186,70334.2
2026-02-09 23:00:00,9281.347632998186,70110.5
2026-02-10 00:00:00,9281.347632998186,69793.3
2026-02-10 01:00:00,9281.347632998186,70454.7
2026-02-10 02:00:00,9281.347632998186,70068.4
2026-02-10 03:00:00,9281.347632998186,69473.3
2026-02-10 04:00:00,9281.347632998186,69800.5
2026-02-10 05:00:00,9281.347632998186,69415.3
2026-02-10 06:00:00,9281.347632998186,68872.4
2026-02-10 07:00:00,9281.347632998186,68882.1
2026-02-10 08:00:00,9281.347632998186,69091.9
2026-02-10 09:00:00,9281.347632998186,69115.0
2026-02-10 10:00:00,9281.347632998186,68884.8
2026-02-10 11:00:00,9281.347632998186,68489.9
2026-02-10 12:00:00,9281.347632998186,68564.8
2026-02-10 13:00:00,9281.347632998186,68981.9
2026-02-10 14:00:00,9281.347632998186,68426.3
2026-02-10 15:00:00,9281.347632998186,69251.5
2026-02-10 16:00:00,9281.347632998186,69473.5
2026-02-10 17:00:00,9281.347632998186,69886.6
2026-02-10 18:00:00,9281.347632998186,68860.0
2026-02-10 19:00:00,9281.347632998186,69031.4
2026-02-10 20:00:00,9281.347632998186,68719.2
2026-02-10 21:00:00,9281.347632998186,68623.3
2026-02-10 22:00:00,9281.347632998186,68662.7
2026-02-10 23:00:00,9281.347632998186,68805.3
2026-02-11 00:00:00,9281.347632998186,69156.8
2026-02-11 01:00:00,9281.347632998186,68947.5
2026-02-11 02:00:00,9281.347632998186,68641.3
2026-02-11 03:00:00,9281.347632998186,68143.6
2026-02-11 04:00:00,9281.347632998186,67548.8
2026-02-11 05:00:00,9281.347632998186,67367.8
2026-02-11 06:00:00,9281.347632998186,66788.0
2026-02-11 07:00:00,9281.347632998186,67000.0
2026-02-11 08:00:00,9281.347632998186,66950.3
2026-02-11 09:00:00,9281.347632998186,66848.6
2026-02-11 10:00:00,9281.347632998186,66506.0
2026-02-11 11:00:00,9281.347632998186,67023.0
2026-02-11 12:00:00,9281.347632998186,67099.2
2026-02-11 13:00:00,9281.347632998186,67424.2
2026-02-11 14:00:00,9281.347632998186,66559.9
2026-02-11 15:00:00,9281.347632998186,66489.3
2026-02-11 16:00:00,9281.347632998186,66008.0
2026-02-11 17:00:00,9281.347632998186,66489.1
2026-02-11 18:00:00,9281.347632998186,67239.2
2026-02-11 19:00:00,9281.347632998186,67547.7
2026-02-11 20:00:00,9281.347632998186,67523.2
2026-02-11 21:00:00,9281.347632998186,67780.6
2026-02-11 22:00:00,9281.347632998186,67392.0
2026-02-11 23:00:00,9281.347632998186,67054.4
2026-02-12 00:00:00,9281.347632998186,67431.6
2026-02-12 01:00:00,9281.347632998186,67668.4
2026-02-12 02:00:00,9281.347632998186,67408.3
2026-02-12 03:00:00,9281.347632998186,67550.2
2026-02-12 04:00:00,9281.347632998186,66989.9
2026-02-12 05:00:00,9281.347632998186,67110.1
2026-02-12 06:00:00,9281.347632998186,67096.1
2026-02-12 07:00:00,9281.347632998186,67181.5
2026-02-12 08:00:00,9281.347632998186,67107.3
2026-02-12 09:00:00,9281.347632998186,67517.7
2026-02-12 10:00:00,9281.347632998186,67979.5
2026-02-12 11:00:00,9281.347632998186,68031.8
2026-02-12 12:00:00,9281.347632998186,67832.4
2026-02-12 13:00:00,9281.347632998186,68339.9
2026-02-12 14:00:00,9281.347632998186,67547.5
2026-02-12 15:00:00,9281.347632998186,67107.0
2026-02-12 16:00:00,9281.347632998186,65825.7
2026-02-12 17:00:00,9281.347632998186,65383.9
2026-02-12 18:00:00,9281.347632998186,65559.4
2026-02-12 19:00:00,9281.347632998186,65760.7
2026-02-12 20:00:00,9281.347632998186,65401.0
2026-02-12 21:00:00,9281.347632998186,65821.8
2026-02-12 22:00:00,9281.347632998186,66262.4
2026-02-12 23:00:00,9281.347632998186,66243.1
2026-02-13 00:00:00,9281.347632998186,65881.4
2026-02-13 01:00:00,9281.347632998186,66423.4
2026-02-13 02:00:00,9281.347632998186,66627.9
2026-02-13 03:00:00,9281.347632998186,66519.6
2026-02-13 04:00:00,9281.347632998186,66299.9
2026-02-13 05:00:00,9281.347632998186,66151.5
2026-02-13 06:00:00,9281.347632998186,66333.7
2026-02-13 07:00:00,9281.347632998186,66183.3
2026-02-13 08:00:00,9281.347632998186,66673.0
2026-02-13 09:00:00,9281.347632998186,66924.3
2026-02-13 10:00:00,9281.347632998186,66939.4
2026-02-13 11:00:00,9281.347632998186,67137.8
2026-02-13 12:00:00,9281.347632998186,67050.0
2026-02-13 13:00:00,9281.347632998186,67238.2
2026-02-13 14:00:00,9281.347632998186,67709.5
2026-02-13 15:00:00,9281.347632998186,68652.0
2026-02-13 16:00:00,9281.347632998186,68920.8
2026-02-13 17:00:00,9281.347632998186,69003.9
2026-02-13 18:00:00,9281.347632998186,69086.7
2026-02-13 19:00:00,9281.347632998186,68904.2
2026-02-13 20:00:00,9281.347632998186,68750.1
2026-02-13 21:00:00,9281.347632998186,68869.2
2026-02-13 22:00:00,9281.347632998186,68968.9
2026-02-13 23:00:00,9281.347632998186,68821.5
2026-02-14 00:00:00,9281.347632998186,69062.2
2026-02-14 01:00:00,9281.347632998186,68932.0
2026-02-14 02:00:00,9281.347632998186,68849.2
2026-02-14 03:00:00,9281.347632998186,68947.7
2026-02-14 04:00:00,9281.347632998186,68763.6
2026-02-14 05:00:00,9281.347632998186,68738.1
2026-02-14 06:00:00,9281.347632998186,68895.3
2026-02-14 07:00:00,9281.347632998186,69182.2
2026-02-14 08:00:00,9281.347632998186,69707.3
2026-02-14 09:00:00,9281.347632998186,69675.6
2026-02-14 10:00:00,9281.347632998186,69633.8
2026-02-14 11:00:00,9281.347632998186,70464.8
2026-02-14 12:00:00,9281.347632998186,69602.2
2026-02-14 13:00:00,9281.347632998186,69430.1
2026-02-14 14:00:00,9281.347632998186,69667.3
2026-02-14 15:00:00,9281.347632998186,69754.2
2026-02-14 16:00:00,9281.347632998186,69731.3
2026-02-14 17:00:00,9281.347632998186,69710.9
2026-02-14 18:00:00,9281.347632998186,69741.0
2026-02-14 19:00:00,9281.347632998186,69849.0
2026-02-14 20:00:00,9281.347632998186,69987.4
2026-02-14 21:00:00,9281.347632998186,69896.4
2026-02-14 22:00:00,9281.347632998186,69927.3
2026-02-14 23:00:00,9281.347632998186,69795.4
2026-02-15 00:00:00,9281.347632998186,69743.4
2026-02-15 01:00:00,9281.347632998186,69684.9
2026-02-15 02:00:00,9281.347632998186,69450.6
2026-02-15 03:00:00,9281.347632998186,69926.0
2026-02-15 04:00:00,9281.347632998186,70157.0
2026-02-15 05:00:00,9281.347632998186,70235.9
2026-02-15 06:00:00,9281.347632998186,70370.2
2026-02-15 07:00:00,9281.347632998186,70784.0
2026-02-15 08:00:00,9281.347632998186,70405.1
2026-02-15 09:00:00,9281.347632998186,70382.5
2026-02-15 10:00:00,9281.347632998186,70389.5
2026-02-15 11:00:00,9281.347632998186,70268.7
2026-02-15 12:00:00,9281.347632998186,69284.9
2026-02-15 13:00:00,9281.347632998186,68907.2
2026-02-15 14:00:00,9281.347632998186,69140.0
2026-02-15 15:00:00,9281.347632998186,69068.1
2026-02-15 16:00:00,9281.347632998186,68977.6
2026-02-15 17:00:00,9281.347632998186,68607.8
2026-02-15 18:00:00,9281.347632998186,68420.0
2026-02-15 19:00:00,9281.347632998186,68263.6
2026-02-15 20:00:00,9281.347632998186,68420.1
2026-02-15 21:00:00,9281.347632998186,68809.0
2026-02-15 22:00:00,9281.347632998186,68962.2
2026-02-15 23:00:00,9281.347632998186,68796.9
2026-02-16 00:00:00,9281.347632998186,68810.4
2026-02-16 01:00:00,9281.347632998186,68590.8
2026-02-16 02:00:00,9281.347632998186,68295.1
2026-02-16 03:00:00,9281.347632998186,68392.6
2026-02-16 04:00:00,9281.347632998186,68832.4
2026-02-16 05:00:00,9281.347632998186,68350.1
2026-02-16 06:00:00,9281.347632998186,68414.8
2026-02-16 07:00:00,9281.347632998186,68552.4
2026-02-16 08:00:00,9281.347632998186,68724.5
2026-02-16 09:00:00,9281.347632998186,68961.1
2026-02-16 10:00:00,9281.347632998186,68762.0
2026-02-16 11:00:00,9281.347632998186,68769.4
2026-02-16 12:00:00,9281.347632998186,69739.3
2026-02-16 13:00:00,9281.347632998186,68355.6
2026-02-16 14:00:00,9281.347632998186,68386.7
2026-02-16 15:00:00,9281.347632998186,67505.5
2026-02-16 16:00:00,9281.347632998186,67854.0
2026-02-16 17:00:00,9281.347632998186,67917.2
2026-02-16 18:00:00,9281.347632998186,67833.0
2026-02-16 19:00:00,9281.347632998186,67883.6
2026-02-16 20:00:00,9281.347632998186,68508.9
2026-02-16 21:00:00,9281.347632998186,68835.1
2026-02-16 22:00:00,9281.347632998186,68561.1
2026-02-16 23:00:00,9281.347632998186,68862.5
2026-02-17 00:00:00,9281.347632998186,68849.9
2026-02-17 01:00:00,9281.347632998186,68582.6
2026-02-17 02:00:00,9281.347632998186,68806.3
2026-02-17 03:00:00,9281.347632998186,68443.6
2026-02-17 04:00:00,9281.347632998186,68450.1
2026-02-17 05:00:00,9281.347632998186,68207.3
2026-02-17 06:00:00,9281.347632998186,68370.8
2026-02-17 07:00:00,9281.347632998186,68353.4
2026-02-17 08:00:00,9281.347632998186,68140.0
2026-02-17 09:00:00,9281.347632998186,68087.1
2026-02-17 10:00:00,9281.347632998186,67822.1
2026-02-17 11:00:00,9281.347632998186,67824.4
2026-02-17 12:00:00,9281.347632998186,67893.2
2026-02-17 13:00:00,9281.347632998186,68105.3
2026-02-17 14:00:00,9281.347632998186,66846.7
2026-02-17 15:00:00,9281.347632998186,67363.6
2026-02-17 16:00:00,9281.347632998186,67493.1
2026-02-17 17:00:00,9281.347632998186,67208.6
2026-02-17 18:00:00,9281.347632998186,68063.3
2026-02-17 19:00:00,9281.347632998186,67766.9
2026-02-17 20:00:00,9281.347632998186,67719.3
2026-02-17 21:00:00,9281.347632998186,67642.4
2026-02-17 22:00:00,9281.347632998186,67498.2
2026-02-17 23:00:00,9281.347632998186,67475.9
2026-02-18 00:00:00,9281.347632998186,67263.9
2026-02-18 01:00:00,9281.347632998186,67137.2
2026-02-18 02:00:00,9281.347632998186,67297.9
2026-02-18 03:00:00,9281.347632998186,67590.2
2026-02-18 04:00:00,9281.347632998186,67790.9
2026-02-18 05:00:00,9281.347632998186,67613.4
2026-02-18 06:00:00,9281.347632998186,67813.5
2026-02-18 07:00:00,9281.347632998186,68078.4
2026-02-18 08:00:00,9281.347632998186,68099.9
2026-02-18 09:00:00,9281.347632998186,68128.4
2026-02-18 10:00:00,9281.347632998186,67771.2
2026-02-18 11:00:00,9281.347632998186,67345.4
2026-02-18 12:00:00,9281.347632998186,67429.8
2026-02-18 13:00:00,9281.347632998186,67202.2
2026-02-18 14:00:00,9281.347632998186,67190.5
2026-02-18 15:00:00,9281.347632998186,67671.0
2026-02-18 16:00:00,9281.347632998186,67104.8
2026-02-18 17:00:00,9281.347632998186,67156.3
2026-02-18 18:00:00,9281.347632998186,66327.2
2026-02-18 19:00:00,9281.347632998186,66138.2
2026-02-18 20:00:00,9281.347632998186,66230.2
2026-02-18 21:00:00,9281.347632998186,66300.6
2026-02-18 22:00:00,9281.347632998186,66379.0
2026-02-18 23:00:00,9281.347632998186,66422.8
2026-02-19 00:00:00,9281.347632998186,66410.7
2026-02-19 01:00:00,9281.347632998186,66830.3
2026-02-19 02:00:00,9281.347632998186,66800.7
2026-02-19 03:00:00,9281.347632998186,66950.4
2026-02-19 04:00:00,9281.347632998186,66776.4
2026-02-19 05:00:00,9281.347632998186,66847.6
2026-02-19 06:00:00,9281.347632998186,67123.8
2026-02-19 07:00:00,9281.347632998186,67180.4
2026-02-19 08:00:00,9281.347632998186,66937.7
2026-02-19 09:00:00,9281.347632998186,66811.8
2026-02-19 10:00:00,9281.347632998186,66810.1
2026-02-19 11:00:00,9281.347632998186,66468.9
2026-02-19 12:00:00,9281.347632998186,66489.6
2026-02-19 13:00:00,9281.347632998186,65871.2
2026-02-19 14:00:00,9281.347632998186,66381.9
2026-02-19 15:00:00,9281.347632998186,66362.7
2026-02-19 16:00:00,9281.347632998186,66267.6
2026-02-19 17:00:00,9281.347632998186,66336.1
2026-02-19 18:00:00,9281.347632998186,67003.2
2026-02-19 19:00:00,9281.347632998186,67022.9
2026-02-19 20:00:00,9281.347632998186,67118.7
2026-02-19 21:00:00,9281.347632998186,66893.2
2026-02-19 22:00:00,9281.347632998186,66873.9
2026-02-19 23:00:00,9281.347632998186,66974.0
2026-02-20 00:00:00,9281.347632998186,67190.1
2026-02-20 01:00:00,9281.347632998186,67249.2
2026-02-20 02:00:00,9281.347632998186,67208.1
2026-02-20 03:00:00,9281.347632998186,67327.2
2026-02-20 04:00:00,9281.347632998186,67228.4
2026-02-20 05:00:00,9281.347632998186,67756.0
2026-02-20 06:00:00,9281.347632998186,67809.4
2026-02-20 07:00:00,9281.347632998186,67794.7
2026-02-20 08:00:00,9281.347632998186,67839.9
2026-02-20 09:00:00,9281.347632998186,68174.1
2026-02-20 10:00:00,9281.347632998186,67909.7
2026-02-20 11:00:00,9281.347632998186,67290.5
2026-02-20 12:00:00,9281.347632998186,67498.9
2026-02-20 13:00:00,9281.347632998186,66784.8
2026-02-20 14:00:00,9281.347632998186,67043.2
2026-02-20 15:00:00,9281.347632998186,67547.6
2026-02-20 16:00:00,9281.347632998186,67763.2
2026-02-20 17:00:00,9281.347632998186,67582.0
2026-02-20 18:00:00,9281.347632998186,67901.1
2026-02-20 19:00:00,9281.347632998186,67616.5
2026-02-20 20:00:00,9281.347632998186,67719.7
2026-02-20 21:00:00,9281.347632998186,67792.3
2026-02-20 22:00:00,9281.347632998186,68049.8
2026-02-20 23:00:00,9281.347632998186,67979.3
2026-02-21 00:00:00,9281.347632998186,67805.2
2026-02-21 01:00:00,9281.347632998186,67916.1
2026-02-21 02:00:00,9281.347632998186,67970.3
2026-02-21 03:00:00,9281.347632998186,67637.0
2026-02-21 04:00:00,9281.347632998186,67782.2
2026-02-21 05:00:00,9281.347632998186,67827.1
2026-02-21 06:00:00,9281.347632998186,67759.5
2026-02-21 07:00:00,9281.347632998186,67821.0
2026-02-21 08:00:00,9281.347632998186,68016.9
2026-02-21 09:00:00,9281.347632998186,68115.8
2026-02-21 10:00:00,9281.347632998186,68184.6
2026-02-21 11:00:00,9281.347632998186,68060.9
2026-02-21 12:00:00,9281.347632998186,68175.9
2026-02-21 13:00:00,9281.347632998186,68223.3
2026-02-21 14:00:00,9281.347632998186,68416.6
2026-02-21 15:00:00,9281.347632998186,68571.5
2026-02-21 16:00:00,9281.347632998186,68292.4
2026-02-21 17:00:00,9281.347632998186,68408.8
2026-02-21 18:00:00,9281.347632998186,68547.2
2026-02-21 19:00:00,9281.347632998186,68516.3
2026-02-21 20:00:00,9281.347632998186,68180.9
2026-02-21 21:00:00,9281.347632998186,68351.0
2026-02-21 22:00:00,9281.347632998186,67936.6
2026-02-21 23:00:00,9281.347632998186,67933.1
2026-02-22 00:00:00,9281.347632998186,67912.0
2026-02-22 01:00:00,9281.347632998186,68132.3
2026-02-22 02:00:00,9281.347632998186,67871.5
2026-02-22 03:00:00,9281.347632998186,68010.5
2026-02-22 04:00:00,9281.347632998186,67950.2
2026-02-22 05:00:00,9281.347632998186,67944.5
2026-02-22 06:00:00,9281.347632998186,68006.4
2026-02-22 07:00:00,9281.347632998186,67973.0
2026-02-22 08:00:00,9281.347632998186,67909.3
2026-02-22 09:00:00,9281.347632998186,68022.4
2026-02-22 10:00:00,9281.347632998186,68096.6
2026-02-22 11:00:00,9281.347632998186,68183.4
2026-02-22 12:00:00,9281.347632998186,67892.4
2026-02-22 13:00:00,9281.347632998186,67622.4
2026-02-22 14:00:00,9281.347632998186,67420.1
2026-02-22 15:00:00,9281.347632998186,67659.9
2026-02-22 16:00:00,9281.347632998186,67601.6
2026-02-22 17:00:00,9281.347632998186,67365.0
2026-02-22 18:00:00,9281.347632998186,67392.3
2026-02-22 19:00:00,9281.347632998186,67402.2
2026-02-22 20:00:00,9281.347632998186,67374.9
2026-02-22 21:00:00,9281.347632998186,67576.2
2026-02-22 22:00:00,9281.347632998186,67631.2
2026-02-22 23:00:00,9281.347632998186,67613.5
2026-02-23 00:00:00,9281.347632998186,66705.8
2026-02-23 01:00:00,9281.347632998186,64387.2
2026-02-23 02:00:00,9281.347632998186,64742.4
2026-02-23 03:00:00,9281.347632998186,64894.0
2026-02-23 04:00:00,9281.347632998186,64777.3
2026-02-23 05:00:00,9281.347632998186,65031.9
2026-02-23 06:00:00,9281.347632998186,65717.7
2026-02-23 07:00:00,9281.347632998186,65915.8
2026-02-23 08:00:00,9281.347632998186,65639.0
2026-02-23 09:00:00,9281.347632998186,66374.8
2026-02-23 10:00:00,9281.347632998186,66291.1
2026-02-23 11:00:00,9281.347632998186,66170.8
2026-02-23 12:00:00,9281.347632998186,66249.9
2026-02-23 13:00:00,9281.347632998186,66099.9
2026-02-23 14:00:00,9281.347632998186,65895.5
2026-02-23 15:00:00,9281.347632998186,65633.1
2026-02-23 16:00:00,9281.347632998186,65343.1
2026-02-23 17:00:00,9281.347632998186,64787.3
2026-02-23 18:00:00,9281.347632998186,64602.9
2026-02-23 19:00:00,9281.347632998186,64273.9
2026-02-23 20:00:00,9281.347632998186,64445.9
2026-02-23 21:00:00,9281.347632998186,64554.6
2026-02-23 22:00:00,9281.347632998186,64694.3
2026-02-23 23:00:00,9281.347632998186,64625.8
2026-02-24 00:00:00,9281.347632998186,64910.2
2026-02-24 01:00:00,9281.347632998186,64131.0
2026-02-24 02:00:00,9281.347632998186,64080.3
2026-02-24 03:00:00,9281.347632998186,63570.5
2026-02-24 04:00:00,9281.347632998186,63338.2
2026-02-24 05:00:00,9281.347632998186,63067.5
2026-02-24 06:00:00,9281.347632998186,63050.4
2026-02-24 07:00:00,9281.347632998186,63155.3
2026-02-24 08:00:00,9281.347632998186,63357.2
2026-02-24 09:00:00,9281.347632998186,63213.3
2026-02-24 10:00:00,9281.347632998186,63250.0
2026-02-24 11:00:00,9281.347632998186,63192.2
2026-02-24 12:00:00,9281.347632998186,62936.0
2026-02-24 13:00:00,9281.347632998186,62877.0
2026-02-24 14:00:00,9281.347632998186,63422.0
2026-02-24 15:00:00,9281.347632998186,63933.4
2026-02-24 16:00:00,9281.347632998186,64227.3
2026-02-24 17:00:00,9281.347632998186,64188.8
2026-02-24 18:00:00,9281.347632998186,64395.1
2026-02-24 19:00:00,9281.347632998186,64405.4
2026-02-24 20:00:00,9281.347632998186,64430.8
2026-02-24 21:00:00,9281.347632998186,64009.2
2026-02-24 22:00:00,9281.347632998186,64091.8
2026-02-24 23:00:00,9281.347632998186,64031.3
2026-02-25 00:00:00,9281.347632998186,64188.9
2026-02-25 01:00:00,9281.347632998186,65860.4
2026-02-25 02:00:00,9281.347632998186,65852.0
2026-02-25 03:00:00,9281.347632998186,65361.7
2026-02-25 04:00:00,9281.347632998186,65427.9
2026-02-25 05:00:00,9281.347632998186,64847.9
2026-02-25 06:00:00,9281.347632998186,64862.6
2026-02-25 07:00:00,9281.347632998186,65001.1
2026-02-25 08:00:00,9281.347632998186,65490.9
2026-02-25 09:00:00,9281.347632998186,65524.2
2026-02-25 10:00:00,9281.347632998186,65364.4
2026-02-25 11:00:00,9281.347632998186,65396.7
2026-02-25 12:00:00,9281.347632998186,66038.7
2026-02-25 13:00:00,9281.347632998186,66209.5
2026-02-25 14:00:00,9281.347632998186,66936.9
2026-02-25 15:00:00,9281.347632998186,67362.3
2026-02-25 16:00:00,9281.347632998186,68249.9
2026-02-25 17:00:00,9281.347632998186,68625.6
2026-02-25 18:00:00,9281.347632998186,69293.3
2026-02-25 19:00:00,9281.347632998186,69005.2
2026-02-25 20:00:00,9281.347632998186,69104.9
2026-02-25 21:00:00,9281.347632998186,68874.2
2026-02-25 22:00:00,9281.347632998186,68402.0
2026-02-25 23:00:00,9281.347632998186,67952.5
2026-02-26 00:00:00,9281.347632998186,68294.4
2026-02-26 01:00:00,9281.347632998186,68213.9
2026-02-26 02:00:00,9281.347632998186,68219.2
2026-02-26 03:00:00,9281.347632998186,68187.5
2026-02-26 04:00:00,9281.347632998186,68533.1
2026-02-26 05:00:00,9281.347632998186,68408.2
2026-02-26 06:00:00,9281.347632998186,68146.1
2026-02-26 07:00:00,9281.347632998186,67800.0
2026-02-26 08:00:00,9281.347632998186,67923.3
2026-02-26 09:00:00,9281.347632998186,68553.0
2026-02-26 10:00:00,9281.347632998186,68271.9
2026-02-26 11:00:00,9281.347632998186,68025.2
2026-02-26 12:00:00,9281.347632998186,68140.9
2026-02-26 13:00:00,9281.347632998186,67877.8
2026-02-26 14:00:00,9281.347632998186,67659.8
2026-02-26 15:00:00,9281.347632998186,67353.4
2026-02-26 16:00:00,9281.347632998186,66617.3
2026-02-26 17:00:00,9281.347632998186,66795.5
2026-02-26 18:00:00,9281.347632998186,67268.9
2026-02-26 19:00:00,9281.347632998186,67550.7
2026-02-26 20:00:00,9281.347632998186,67386.5
2026-02-26 21:00:00,9281.347632998186,67432.1
2026-02-26 22:00:00,9281.347632998186,67531.4
2026-02-26 23:00:00,9281.347632998186,67448.2
2026-02-27 00:00:00,9281.347632998186,67190.3
2026-02-27 01:00:00,9281.347632998186,67315.9
2026-02-27 02:00:00,9281.347632998186,67226.5
2026-02-27 03:00:00,9281.347632998186,67557.4
2026-02-27 04:00:00,9281.347632998186,67709.2
2026-02-27 05:00:00,9281.347632998186,67685.8
2026-02-27 06:00:00,9281.347632998186,67617.1
2026-02-27 07:00:00,9281.347632998186,67644.1
2026-02-27 08:00:00,9281.347632998186,67897.4
2026-02-27 09:00:00,9281.347632998186,67318.4
2026-02-27 10:00:00,9281.347632998186,66575.1
2026-02-27 11:00:00,9281.347632998186,66094.1
2026-02-27 12:00:00,9281.347632998186,65902.4
2026-02-27 13:00:00,9281.347632998186,66240.0
2026-02-27 14:00:00,9281.347632998186,65855.5
2026-02-27 15:00:00,9281.347632998186,66072.6
2026-02-27 16:00:00,9281.347632998186,65449.3
2026-02-27 17:00:00,9281.347632998186,65673.0
2026-02-27 18:00:00,9281.347632998186,65284.8
2026-02-27 19:00:00,9281.347632998186,65365.4
2026-02-27 20:00:00,9281.347632998186,65564.2
2026-02-27 21:00:00,9281.347632998186,65502.3
2026-02-27 22:00:00,9281.347632998186,65609.0
2026-02-27 23:00:00,9281.347632998186,65836.0
2026-02-28 00:00:00,9281.347632998186,65906.3
2026-02-28 01:00:00,9281.347632998186,65747.2
2026-02-28 02:00:00,9281.347632998186,65926.9
2026-02-28 03:00:00,9281.347632998186,65763.8
2026-02-28 04:00:00,9281.347632998186,65632.0
2026-02-28 05:00:00,9281.347632998186,65558.6
2026-02-28 06:00:00,9281.347632998186,63173.8
2026-02-28 07:00:00,9281.347632998186,63788.4
2026-02-28 08:00:00,9281.347632998186,63439.7
2026-02-28 09:00:00,9281.347632998186,63621.4
2026-02-28 10:00:00,9281.347632998186,63964.5
2026-02-28 11:00:00,9281.347632998186,63810.4
2026-02-28 12:00:00,9281.347632998186,63980.0
2026-02-28 13:00:00,9281.347632998186,65069.5
2026-02-28 14:00:00,9281.347632998186,64402.4
2026-02-28 15:00:00,9281.347632998186,64800.0
2026-02-28 16:00:00,9281.347632998186,65053.8
2026-02-28 17:00:00,9281.347632998186,65395.4
2026-02-28 18:00:00,9281.347632998186,65873.0
2026-02-28 19:00:00,9281.347632998186,66318.1
2026-02-28 20:00:00,9281.347632998186,66918.6
2026-02-28 21:00:00,9281.347632998186,66684.8
2026-02-28 22:00:00,9281.347632998186,67081.4
2026-02-28 23:00:00,9281.347632998186,66937.1
2026-03-01 00:00:00,9281.347632998186,66755.6
2026-03-01 01:00:00,9281.347632998186,67311.6
2026-03-01 02:00:00,9281.347632998186,67588.3
2026-03-01 03:00:00,9281.347632998186,67474.7
2026-03-01 04:00:00,9281.347632998186,67313.0
2026-03-01 05:00:00,9281.347632998186,67264.2
2026-03-01 06:00:00,9281.347632998186,66890.1
2026-03-01 07:00:00,9281.347632998186,67113.9
2026-03-01 08:00:00,9281.347632998186,66535.0
2026-03-01 09:00:00,9281.347632998186,66380.1
2026-03-01 10:00:00,9281.347632998186,66430.0
2026-03-01 11:00:00,9281.347632998186,66439.0
2026-03-01 12:00:00,9281.347632998186,66270.6
2026-03-01 13:00:00,9281.347632998186,66907.1
2026-03-01 14:00:00,9281.347632998186,66817.5
2026-03-01 15:00:00,9281.347632998186,66810.8
2026-03-01 16:00:00,9281.347632998186,66112.2
2026-03-01 17:00:00,9281.347632998186,65956.8
2026-03-01 18:00:00,9281.347632998186,66288.1
2026-03-01 19:00:00,9281.347632998186,65926.0
2026-03-01 20:00:00,9281.347632998186,65255.7
2026-03-01 21:00:00,9281.347632998186,65629.3
2026-03-01 22:00:00,9281.347632998186,65241.0
2026-03-01 23:00:00,9281.347632998186,65750.0
2026-03-02 00:00:00,9281.347632998186,66472.5
2026-03-02 01:00:00,9281.347632998186,66500.0
2026-03-02 02:00:00,9281.347632998186,66242.2
2026-03-02 03:00:00,9281.347632998186,66787.3
2026-03-02 04:00:00,9281.347632998186,66825.1
2026-03-02 05:00:00,9281.347632998186,66701.2
2026-03-02 06:00:00,9281.347632998186,66176.9
2026-03-02 07:00:00,9281.347632998186,65981.3
2026-03-02 08:00:00,9281.347632998186,66247.9
2026-03-02 09:00:00,9281.347632998186,66132.3
2026-03-02 10:00:00,9281.347632998186,66284.0
2026-03-02 11:00:00,9281.347632998186,66329.9
2026-03-02 12:00:00,9281.347632998186,65927.8
2026-03-02 13:00:00,9281.347632998186,65412.3
2026-03-02 14:00:00,9281.347632998186,67128.7
2026-03-02 15:00:00,9281.347632998186,69089.1
2026-03-02 16:00:00,9281.347632998186,69395.6
2026-03-02 17:00:00,9281.347632998186,69170.3
2026-03-02 18:00:00,9281.347632998186,68853.8
2026-03-02 19:00:00,9281.347632998186,68928.4
2026-03-02 20:00:00,9281.347632998186,69054.2
2026-03-02 21:00:00,9281.347632998186,69366.9
2026-03-02 22:00:00,9281.347632998186,69414.2
2026-03-02 23:00:00,9281.347632998186,68801.8
2026-03-03 00:00:00,9281.347632998186,69051.9
2026-03-03 01:00:00,9281.347632998186,68724.6
2026-03-03 02:00:00,9281.347632998186,68478.1
2026-03-03 03:00:00,9281.347632998186,68349.3
2026-03-03 04:00:00,9281.347632998186,68093.0
2026-03-03 05:00:00,9281.347632998186,67911.6
2026-03-03 06:00:00,9281.347632998186,68070.0
2026-03-03 07:00:00,9281.347632998186,68138.3
2026-03-03 08:00:00,9281.347632998186,66972.7
2026-03-03 09:00:00,9281.347632998186,66614.5
2026-03-03 10:00:00,9281.347632998186,66826.3
2026-03-03 11:00:00,9281.347632998186,67000.0
2026-03-03 12:00:00,9281.347632998186,67360.1
2026-03-03 13:00:00,9281.347632998186,66893.6
2026-03-03 14:00:00,9281.347632998186,66539.9
2026-03-03 15:00:00,9281.347632998186,67692.5
2026-03-03 16:00:00,9281.347632998186,68137.4
2026-03-03 17:00:00,9281.347632998186,68280.5
2026-03-03 18:00:00,9281.347632998186,68589.9
2026-03-03 19:00:00,9281.347632998186,68395.9
2026-03-03 20:00:00,9281.347632998186,68232.9
2026-03-03 21:00:00,9281.347632998186,67976.5
2026-03-03 22:00:00,9281.347632998186,68275.1
2026-03-03 23:00:00,9281.347632998186,68295.3
2026-03-04 00:00:00,9281.347632998186,68065.8
2026-03-04 01:00:00,9281.347632998186,68377.9
2026-03-04 02:00:00,9281.347632998186,68286.0
2026-03-04 03:00:00,9281.347632998186,67700.1
2026-03-04 04:00:00,9281.347632998186,67755.8
2026-03-04 05:00:00,9281.347632998186,68173.2
2026-03-04 06:00:00,9281.347632998186,68472.2
2026-03-04 07:00:00,9281.347632998186,69464.5
2026-03-04 08:00:00,9281.347632998186,70993.7
2026-03-04 09:00:00,9281.347632998186,71487.1
2026-03-04 10:00:00,9281.347632998186,71310.9
2026-03-04 11:00:00,9281.347632998186,71082.4
2026-03-04 12:00:00,9281.347632998186,71307.8
2026-03-04 13:00:00,9281.347632998186,71447.9
2026-03-04 14:00:00,9281.347632998186,71580.5
2026-03-04 15:00:00,9281.347632998186,73339.7
2026-03-04 16:00:00,9281.347632998186,73241.2
2026-03-04 17:00:00,9281.347632998186,73174.2
2026-03-04 18:00:00,9281.347632998186,73651.4
2026-03-04 19:00:00,9281.347632998186,73580.2
2026-03-04 20:00:00,9281.347632998186,72971.8
2026-03-04 21:00:00,9281.347632998186,73273.5
2026-03-04 22:00:00,9281.347632998186,72678.9
2026-03-04 23:00:00,9281.347632998186,72641.4
2026-03-05 00:00:00,9281.347632998186,72725.0
2026-03-05 01:00:00,9281.347632998186,72507.8
2026-03-05 02:00:00,9281.347632998186,72468.9
2026-03-05 03:00:00,9281.347632998186,72469.6
2026-03-05 04:00:00,9281.347632998186,72784.0
2026-03-05 05:00:00,9281.347632998186,72374.9
2026-03-05 06:00:00,9281.347632998186,72520.3
2026-03-05 07:00:00,9281.347632998186,72025.5
2026-03-05 08:00:00,9281.347632998186,72307.6
2026-03-05 09:00:00,9281.347632998186,72563.2
2026-03-05 10:00:00,9281.347632998186,73347.0
2026-03-05 11:00:00,9281.347632998186,72879.9
2026-03-05 12:00:00,9281.347632998186,72842.2
2026-03-05 13:00:00,9281.347632998186,72435.5
2026-03-05 14:00:00,9281.347632998186,72574.7
2026-03-05 15:00:00,9281.347632998186,71611.7
2026-03-05 16:00:00,9281.347632998186,71267.9
2026-03-05 17:00:00,9281.347632998186,70668.5
2026-03-05 18:00:00,9281.347632998186,70962.8
2026-03-05 19:00:00,9281.347632998186,70875.5
2026-03-05 20:00:00,9281.347632998186,71206.2
2026-03-05 21:00:00,9281.347632998186,71099.7
2026-03-05 22:00:00,9281.347632998186,71170.9
2026-03-05 23:00:00,9281.347632998186,70854.8
2026-03-06 00:00:00,9281.347632998186,70952.5
2026-03-06 01:00:00,9281.347632998186,71217.0
2026-03-06 02:00:00,9281.347632998186,71204.1
2026-03-06 03:00:00,9281.347632998186,71045.4
2026-03-06 04:00:00,9281.347632998186,70578.1
2026-03-06 05:00:00,9281.347632998186,70396.4
2026-03-06 06:00:00,9281.347632998186,70565.5
2026-03-06 07:00:00,9281.347632998186,71026.7
2026-03-06 08:00:00,9281.347632998186,70750.2
2026-03-06 09:00:00,9281.347632998186,70521.4
2026-03-06 10:00:00,9281.347632998186,70506.8
2026-03-06 11:00:00,9281.347632998186,70185.6
2026-03-06 12:00:00,9281.347632998186,69895.2
2026-03-06 13:00:00,9281.347632998186,69189.6
2026-03-06 14:00:00,9281.347632998186,68367.6
2026-03-06 15:00:00,9281.347632998186,68468.4
2026-03-06 16:00:00,9281.347632998186,68410.2
2026-03-06 17:00:00,9281.347632998186,67930.7
2026-03-06 18:00:00,9281.347632998186,68144.0
2026-03-06 19:00:00,9281.347632998186,68101.0
2026-03-06 20:00:00,9281.347632998186,68078.2
2026-03-06 21:00:00,9281.347632998186,68258.3
2026-03-06 22:00:00,9281.347632998186,68291.2
2026-03-06 23:00:00,9281.347632998186,68083.0
2026-03-07 00:00:00,9281.347632998186,68243.2
2026-03-07 01:00:00,9281.347632998186,68222.2
2026-03-07 02:00:00,9281.347632998186,68320.1
2026-03-07 03:00:00,9281.347632998186,68063.2
2026-03-07 04:00:00,9281.347632998186,68028.0
2026-03-07 05:00:00,9281.347632998186,67990.1
2026-03-07 06:00:00,9281.347632998186,67665.7
2026-03-07 07:00:00,9281.347632998186,67809.4
2026-03-07 08:00:00,9281.347632998186,67767.6
2026-03-07 09:00:00,9281.347632998186,67970.5
2026-03-07 10:00:00,9281.347632998186,67851.6
2026-03-07 11:00:00,9281.347632998186,67975.9
2026-03-07 12:00:00,9281.347632998186,67954.6
2026-03-07 13:00:00,9281.347632998186,67891.3
2026-03-07 14:00:00,9281.347632998186,67980.1
2026-03-07 15:00:00,9281.347632998186,67844.8
2026-03-07 16:00:00,9281.347632998186,67757.5
2026-03-07 17:00:00,9281.347632998186,67749.7
2026-03-07 18:00:00,9281.347632998186,67530.8
2026-03-07 19:00:00,9281.347632998186,67042.6
2026-03-07 20:00:00,9281.347632998186,67354.4
2026-03-07 21:00:00,9281.347632998186,67416.4
2026-03-07 22:00:00,9281.347632998186,67220.0
2026-03-07 23:00:00,9281.347632998186,67232.1
2026-03-08 00:00:00,9281.347632998186,67161.0
2026-03-08 01:00:00,9281.347632998186,67266.3
2026-03-08 02:00:00,9281.347632998186,66894.8
2026-03-08 03:00:00,9281.347632998186,66974.9
2026-03-08 04:00:00,9281.347632998186,66602.7
2026-03-08 05:00:00,9281.347632998186,67115.4
2026-03-08 06:00:00,9281.347632998186,67134.3
2026-03-08 07:00:00,9281.347632998186,67277.2
2026-03-08 08:00:00,9281.347632998186,67490.9
2026-03-08 09:00:00,9281.347632998186,67662.9
2026-03-08 10:00:00,9281.347632998186,67869.1
2026-03-08 11:00:00,9281.347632998186,67490.0
2026-03-08 12:00:00,9281.347632998186,67286.0
2026-03-08 13:00:00,9281.347632998186,67196.9
2026-03-08 14:00:00,9281.347632998186,67304.1
2026-03-08 15:00:00,9281.347632998186,67174.7
2026-03-08 16:00:00,9281.347632998186,66829.9
2026-03-08 17:00:00,9281.347632998186,67017.0
2026-03-08 18:00:00,9281.347632998186,66777.5
2026-03-08 19:00:00,9281.347632998186,67299.0
2026-03-08 20:00:00,9281.347632998186,67195.7
2026-03-08 21:00:00,9281.347632998186,66977.1
2026-03-08 22:00:00,9281.347632998186,66198.4
2026-03-08 23:00:00,9281.347632998186,65934.3
2026-03-09 00:00:00,9281.347632998186,66326.9
2026-03-09 01:00:00,9281.347632998186,66150.1
2026-03-09 02:00:00,9281.347632998186,66500.0
2026-03-09 03:00:00,9281.347632998186,67165.3
2026-03-09 04:00:00,9281.347632998186,67100.3
2026-03-09 05:00:00,9281.347632998186,67869.6
2026-03-09 06:00:00,9281.347632998186,67229.8
2026-03-09 07:00:00,9281.347632998186,67504.8
2026-03-09 08:00:00,9281.347632998186,67772.4
2026-03-09 09:00:00,9281.347632998186,67946.5
2026-03-09 10:00:00,9281.347632998186,67571.2
2026-03-09 11:00:00,9281.347632998186,67723.3
2026-03-09 12:00:00,9281.347632998186,68124.1
2026-03-09 13:00:00,9281.347632998186,68939.9
2026-03-09 14:00:00,9281.347632998186,69112.8
2026-03-09 15:00:00,9281.347632998186,68832.3
2026-03-09 16:00:00,9281.347632998186,68920.5
2026-03-09 17:00:00,9281.347632998186,68570.0
2026-03-09 18:00:00,9281.347632998186,68327.4
2026-03-09 19:00:00,9281.347632998186,68951.8
2026-03-09 20:00:00,9281.347632998186,68916.3
2026-03-09 21:00:00,9281.347632998186,68882.7
2026-03-09 22:00:00,9281.347632998186,68602.2
2026-03-09 23:00:00,9281.347632998186,68394.1
2026-03-10 00:00:00,9281.347632998186,69113.1
2026-03-10 01:00:00,9281.347632998186,69229.0
2026-03-10 02:00:00,9281.347632998186,70242.0
2026-03-10 03:00:00,9281.347632998186,69391.0
2026-03-10 04:00:00,9281.347632998186,70035.8
2026-03-10 05:00:00,9281.347632998186,69938.3
2026-03-10 06:00:00,9281.347632998186,69879.6
2026-03-10 07:00:00,9281.347632998186,70374.7
2026-03-10 08:00:00,9281.347632998186,70650.9
2026-03-10 09:00:00,9281.347632998186,71030.4
2026-03-10 10:00:00,9281.347632998186,70737.6
2026-03-10 11:00:00,9281.347632998186,70570.1
2026-03-10 12:00:00,9281.347632998186,70486.8
2026-03-10 13:00:00,9281.347632998186,69883.7
2026-03-10 14:00:00,9281.347632998186,71435.7
2026-03-10 15:00:00,9281.347632998186,71296.9
2026-03-10 16:00:00,9281.347632998186,71224.5
2026-03-10 17:00:00,9281.347632998186,70827.1
2026-03-10 18:00:00,9281.347632998186,69975.2
2026-03-10 19:00:00,9281.347632998186,70005.2
2026-03-10 20:00:00,9281.347632998186,70192.9
2026-03-10 21:00:00,9281.347632998186,69712.8
2026-03-10 22:00:00,9281.347632998186,69653.9
2026-03-10 23:00:00,9281.347632998186,69901.9
2026-03-11 00:00:00,9281.347632998186,69998.1
2026-03-11 01:00:00,9281.347632998186,70027.8
2026-03-11 02:00:00,9281.347632998186,69778.2
2026-03-11 03:00:00,9281.347632998186,69517.0
2026-03-11 04:00:00,9281.347632998186,70089.7
2026-03-11 05:00:00,9281.347632998186,69463.7
2026-03-11 06:00:00,9281.347632998186,69907.0
2026-03-11 07:00:00,9281.347632998186,69622.1
2026-03-11 08:00:00,9281.347632998186,69617.4
2026-03-11 09:00:00,9281.347632998186,69431.2
2026-03-11 10:00:00,9281.347632998186,69570.5
2026-03-11 11:00:00,9281.347632998186,69144.0
2026-03-11 12:00:00,9281.347632998186,69319.0
2026-03-11 13:00:00,9281.347632998186,70134.8
2026-03-11 14:00:00,9281.347632998186,70536.6
2026-03-11 15:00:00,9281.347632998186,70186.9
2026-03-11 16:00:00,9281.347632998186,70538.9
2026-03-11 17:00:00,9281.347632998186,70745.1
2026-03-11 18:00:00,9281.347632998186,70582.2
2026-03-11 19:00:00,9281.347632998186,70600.8
2026-03-11 20:00:00,9281.347632998186,70586.1
2026-03-11 21:00:00,9281.347632998186,70702.3
2026-03-11 22:00:00,9281.347632998186,70329.1
2026-03-11 23:00:00,9281.347632998186,70150.0
2026-03-12 00:00:00,9281.347632998186,70176.9
2026-03-12 01:00:00,9281.347632998186,69800.8
2026-03-12 02:00:00,9281.347632998186,69242.9
2026-03-12 03:00:00,9281.347632998186,69402.6
2026-03-12 04:00:00,9281.347632998186,69330.1
2026-03-12 05:00:00,9281.347632998186,69429.9
2026-03-12 06:00:00,9281.347632998186,69461.5
2026-03-12 07:00:00,9281.347632998186,69782.6
2026-03-12 08:00:00,9281.347632998186,69865.1
2026-03-12 09:00:00,9281.347632998186,69914.9
2026-03-12 10:00:00,9281.347632998186,70372.3
2026-03-12 11:00:00,9281.347632998186,70388.5
2026-03-12 12:00:00,9281.347632998186,70348.6
2026-03-12 13:00:00,9281.347632998186,69930.5
2026-03-12 14:00:00,9281.347632998186,69549.4
2026-03-12 15:00:00,9281.347632998186,70282.9
2026-03-12 16:00:00,9281.347632998186,70328.3
2026-03-12 17:00:00,9281.347632998186,70167.3
2026-03-12 18:00:00,9281.347632998186,69781.0
2026-03-12 19:00:00,9281.347632998186,70393.7
2026-03-12 20:00:00,9281.347632998186,70127.0
2026-03-12 21:00:00,9281.347632998186,70244.5
2026-03-12 22:00:00,9281.347632998186,70141.1
2026-03-12 23:00:00,9281.347632998186,70480.1
2026-03-13 00:00:00,9281.347632998186,71443.3
2026-03-13 01:00:00,9281.347632998186,71629.9
2026-03-13 02:00:00,9281.347632998186,71114.6
2026-03-13 03:00:00,9281.347632998186,71366.3
2026-03-13 04:00:00,9281.347632998186,71352.5
2026-03-13 05:00:00,9281.347632998186,71515.4
2026-03-13 06:00:00,9281.347632998186,71315.9
2026-03-13 07:00:00,9281.347632998186,71585.3
2026-03-13 08:00:00,9281.347632998186,71790.0
2026-03-13 09:00:00,9281.347632998186,71960.0
2026-03-13 10:00:00,9281.347632998186,72421.2
2026-03-13 11:00:00,9281.347632998186,72189.9
2026-03-13 12:00:00,9281.347632998186,72735.3
2026-03-13 13:00:00,9281.347632998186,73344.8
2026-03-13 14:00:00,9281.347632998186,72353.4
2026-03-13 15:00:00,9281.347632998186,71800.0
2026-03-13 16:00:00,9281.347632998186,71846.0
2026-03-13 17:00:00,9281.347632998186,70999.5
2026-03-13 18:00:00,9281.347632998186,71020.1
2026-03-13 19:00:00,9281.347632998186,71148.0
2026-03-13 20:00:00,9281.347632998186,71307.4
2026-03-13 21:00:00,9281.347632998186,71063.1
2026-03-13 22:00:00,9281.347632998186,70785.8
2026-03-13 23:00:00,9281.347632998186,70895.5
2026-03-14 00:00:00,9281.347632998186,70600.0
2026-03-14 01:00:00,9281.347632998186,70790.3
2026-03-14 02:00:00,9281.347632998186,70749.2
2026-03-14 03:00:00,9281.347632998186,71034.3
2026-03-14 04:00:00,9281.347632998186,70996.3
2026-03-14 05:00:00,9281.347632998186,70980.7
2026-03-14 06:00:00,9281.347632998186,70591.9
2026-03-14 07:00:00,9281.347632998186,70565.6
2026-03-14 08:00:00,9281.347632998186,70550.6
2026-03-14 09:00:00,9281.347632998186,70474.7
2026-03-14 10:00:00,9281.347632998186,70531.8
2026-03-14 11:00:00,9281.347632998186,70705.0
2026-03-14 12:00:00,9281.347632998186,70733.4
2026-03-14 13:00:00,9281.347632998186,70813.4
2026-03-14 14:00:00,9281.347632998186,70566.8
2026-03-14 15:00:00,9281.347632998186,70554.6
2026-03-14 16:00:00,9281.347632998186,70636.7
2026-03-14 17:00:00,9281.347632998186,70586.1
2026-03-14 18:00:00,9281.347632998186,70623.5
2026-03-14 19:00:00,9281.347632998186,70664.1
2026-03-14 20:00:00,9281.347632998186,70765.3
2026-03-14 21:00:00,9281.347632998186,70769.6
2026-03-14 22:00:00,9281.347632998186,70678.5
2026-03-14 23:00:00,9281.347632998186,71174.4
2026-03-15 00:00:00,9281.347632998186,70950.4
2026-03-15 01:00:00,9281.347632998186,70960.8
2026-03-15 02:00:00,9281.347632998186,71404.4
2026-03-15 03:00:00,9281.347632998186,71314.8
2026-03-15 04:00:00,9281.347632998186,71546.3
2026-03-15 05:00:00,9281.347632998186,71448.6
2026-03-15 06:00:00,9281.347632998186,71415.2
2026-03-15 07:00:00,9281.347632998186,71420.8
2026-03-15 08:00:00,9281.347632998186,71674.8
2026-03-15 09:00:00,9281.347632998186,71751.3
2026-03-15 10:00:00,9281.347632998186,71740.6
2026-03-15 11:00:00,9281.347632998186,71800.0
2026-03-15 12:00:00,9281.347632998186,71578.8
2026-03-15 13:00:00,9281.347632998186,71575.3
2026-03-15 14:00:00,9281.347632998186,71588.0
2026-03-15 15:00:00,9281.347632998186,71444.4
2026-03-15 16:00:00,9281.347632998186,71405.5
2026-03-15 17:00:00,9281.347632998186,71788.0
2026-03-15 18:00:00,9281.347632998186,71346.8
2026-03-15 19:00:00,9281.347632998186,71515.2
2026-03-15 20:00:00,9281.347632998186,71690.1
2026-03-15 21:00:00,9281.347632998186,72074.6
2026-03-15 22:00:00,9281.347632998186,72715.6
2026-03-15 23:00:00,9281.347632998186,72778.9
2026-03-16 00:00:00,9281.347632998186,72497.4
2026-03-16 01:00:00,9281.347632998186,72724.1
2026-03-16 02:00:00,9281.347632998186,72481.1
2026-03-16 03:00:00,9281.347632998186,73539.5
2026-03-16 04:00:00,9281.347632998186,73799.5
2026-03-16 05:00:00,9281.347632998186,74176.5
2026-03-16 06:00:00,9281.347632998186,73680.7
2026-03-16 07:00:00,9281.347632998186,73427.7
2026-03-16 08:00:00,9281.347632998186,73098.3
2026-03-16 09:00:00,9281.347632998186,73219.7
2026-03-16 10:00:00,9281.347632998186,73745.5
2026-03-16 11:00:00,9281.347632998186,73515.3
2026-03-16 12:00:00,9281.347632998186,73830.0
2026-03-16 13:00:00,9281.347632998186,74075.0
2026-03-16 14:00:00,9281.347632998186,73519.8
2026-03-16 15:00:00,9281.347632998186,73240.2
2026-03-16 16:00:00,9281.347632998186,73726.3
2026-03-16 17:00:00,9281.347632998186,73911.7
2026-03-16 18:00:00,9281.347632998186,73883.0
2026-03-16 19:00:00,9281.347632998186,73928.8
2026-03-16 20:00:00,9281.347632998186,74191.5
2026-03-16 21:00:00,9281.347632998186,74360.3
2026-03-16 22:00:00,9281.347632998186,74718.9
2026-03-16 23:00:00,9281.347632998186,74846.4
2026-03-17 00:00:00,9281.347632998186,75283.9
2026-03-17 01:00:00,9281.347632998186,75584.7
2026-03-17 02:00:00,9281.347632998186,75157.3
2026-03-17 03:00:00,9281.347632998186,74424.9
2026-03-17 04:00:00,9281.347632998186,74203.3
2026-03-17 05:00:00,9281.347632998186,73996.0
2026-03-17 06:00:00,9281.347632998186,74045.1
2026-03-17 07:00:00,9281.347632998186,74212.7
2026-03-17 08:00:00,9281.347632998186,74150.0
2026-03-17 09:00:00,9281.347632998186,73890.1
2026-03-17 10:00:00,9281.347632998186,73706.1
2026-03-17 11:00:00,9281.347632998186,73997.1
2026-03-17 12:00:00,9281.347632998186,73711.1
2026-03-17 13:00:00,9281.347632998186,73580.6
2026-03-17 14:00:00,9281.347632998186,74340.2
2026-03-17 15:00:00,9281.347632998186,73878.5
2026-03-17 16:00:00,9281.347632998186,74120.0
2026-03-17 17:00:00,9281.347632998186,74480.1
2026-03-17 18:00:00,9281.347632998186,74637.0
2026-03-17 19:00:00,9281.347632998186,74460.8
2026-03-17 20:00:00,9281.347632998186,74469.9
2026-03-17 21:00:00,9281.347632998186,74650.3
2026-03-17 22:00:00,9281.347632998186,74265.8
2026-03-17 23:00:00,9281.347632998186,73872.4
2026-03-18 00:00:00,9281.347632998186,73821.3
2026-03-18 01:00:00,9281.347632998186,74035.2
2026-03-18 02:00:00,9281.347632998186,74300.0
2026-03-18 03:00:00,9281.347632998186,74414.6
2026-03-18 04:00:00,9281.347632998186,74139.6
2026-03-18 05:00:00,9281.347632998186,73911.2
2026-03-18 06:00:00,9281.347632998186,73910.0
2026-03-18 07:00:00,9281.347632998186,73840.0
2026-03-18 08:00:00,9281.347632998186,74005.8
2026-03-18 09:00:00,9281.347632998186,74136.0
2026-03-18 10:00:00,9281.347632998186,73895.0
2026-03-18 11:00:00,9281.347632998186,72906.4
2026-03-18 12:00:00,9281.347632998186,72325.1
2026-03-18 13:00:00,9281.347632998186,72104.4
2026-03-18 14:00:00,9281.347632998186,71160.3
2026-03-18 15:00:00,9281.347632998186,71436.4
2026-03-18 16:00:00,9281.347632998186,71289.5
2026-03-18 17:00:00,9281.347632998186,71556.6
2026-03-18 18:00:00,9281.347632998186,71066.5
2026-03-18 19:00:00,9281.347632998186,71030.3
2026-03-18 20:00:00,9281.347632998186,71172.3
2026-03-18 21:00:00,9281.347632998186,71219.7
2026-03-18 22:00:00,9281.347632998186,71118.0
2026-03-18 23:00:00,9281.347632998186,71202.9
2026-03-19 00:00:00,9281.347632998186,70970.1
2026-03-19 01:00:00,9281.347632998186,71078.5
2026-03-19 02:00:00,9281.347632998186,71020.6
2026-03-19 03:00:00,9281.347632998186,71180.0
2026-03-19 04:00:00,9281.347632998186,70790.7
2026-03-19 05:00:00,9281.347632998186,70792.8
2026-03-19 06:00:00,9281.347632998186,70552.4
2026-03-19 07:00:00,9281.347632998186,70145.1
2026-03-19 08:00:00,9281.347632998186,69957.4
2026-03-19 09:00:00,9281.347632998186,70463.0
2026-03-19 10:00:00,9281.347632998186,70102.0
2026-03-19 11:00:00,9281.347632998186,69926.8
2026-03-19 12:00:00,9281.347632998186,69264.6
2026-03-19 13:00:00,9281.347632998186,69866.3
2026-03-19 14:00:00,9281.347632998186,69450.1
2026-03-19 15:00:00,9281.347632998186,69372.7
2026-03-19 16:00:00,9281.347632998186,69426.3
2026-03-19 17:00:00,9281.347632998186,69820.0
2026-03-19 18:00:00,9281.347632998186,69787.5
2026-03-19 19:00:00,9281.347632998186,70233.1
2026-03-19 20:00:00,9281.347632998186,70444.3
2026-03-19 21:00:00,9281.347632998186,70376.1
2026-03-19 22:00:00,9281.347632998186,70157.0
2026-03-19 23:00:00,9281.347632998186,69887.4
2026-03-20 00:00:00,9281.347632998186,70159.9
2026-03-20 01:00:00,9281.347632998186,70370.9
2026-03-20 02:00:00,9281.347632998186,70373.8
2026-03-20 03:00:00,9281.347632998186,70696.1
2026-03-20 04:00:00,9281.347632998186,70743.4
2026-03-20 05:00:00,9281.347632998186,70570.2
2026-03-20 06:00:00,9281.347632998186,70462.0
2026-03-20 07:00:00,9281.347632998186,70811.9
2026-03-20 08:00:00,9281.347632998186,71000.4
2026-03-20 09:00:00,9281.347632998186,70544.9
2026-03-20 10:00:00,9281.347632998186,70580.9
2026-03-20 11:00:00,9281.347632998186,70439.9
2026-03-20 12:00:00,9281.347632998186,70304.6
2026-03-20 13:00:00,9281.347632998186,69831.1
2026-03-20 14:00:00,9281.347632998186,69706.0
2026-03-20 15:00:00,9281.347632998186,69829.5
2026-03-20 16:00:00,9281.347632998186,69792.1
2026-03-20 17:00:00,9281.347632998186,69970.8
2026-03-20 18:00:00,9281.347632998186,69733.3
2026-03-20 19:00:00,9281.347632998186,70141.9
2026-03-20 20:00:00,9281.347632998186,70019.7
2026-03-20 21:00:00,9281.347632998186,70498.3
2026-03-20 22:00:00,9281.347632998186,70739.2
2026-03-20 23:00:00,9281.347632998186,70472.7
2026-03-21 00:00:00,9281.347632998186,70643.9
2026-03-21 01:00:00,9281.347632998186,70430.3
2026-03-21 02:00:00,9281.347632998186,70703.7
2026-03-21 03:00:00,9281.347632998186,70638.0
2026-03-21 04:00:00,9281.347632998186,70602.7
2026-03-21 05:00:00,9281.347632998186,70673.9
2026-03-21 06:00:00,9281.347632998186,70739.2
2026-03-21 07:00:00,9281.347632998186,70687.3
2026-03-21 08:00:00,9281.347632998186,70563.3
2026-03-21 09:00:00,9281.347632998186,70633.5
2026-03-21 10:00:00,9281.347632998186,70576.0
2026-03-21 11:00:00,9281.347632998186,70618.3
2026-03-21 12:00:00,9281.347632998186,70680.0
2026-03-21 13:00:00,9281.347632998186,70700.3
2026-03-21 14:00:00,9281.347632998186,70595.0
2026-03-21 15:00:00,9281.347632998186,70599.1
2026-03-21 16:00:00,9281.347632998186,70274.9
2026-03-21 17:00:00,9281.347632998186,70280.1
2026-03-21 18:00:00,9281.347632998186,70360.6
2026-03-21 19:00:00,9281.347632998186,70365.9
2026-03-21 20:00:00,9281.347632998186,70432.4
2026-03-21 21:00:00,9281.347632998186,70321.6
2026-03-21 22:00:00,9281.347632998186,70253.2
2026-03-21 23:00:00,9281.347632998186,68881.5
2026-03-22 00:00:00,9281.347632998186,68904.5
2026-03-22 01:00:00,9281.347632998186,68926.1
2026-03-22 02:00:00,9281.347632998186,69237.6
2026-03-22 03:00:00,9281.347632998186,69307.0
2026-03-22 04:00:00,9281.347632998186,69313.4
2026-03-22 05:00:00,9281.347632998186,69116.4
2026-03-22 06:00:00,9281.347632998186,69126.9
2026-03-22 07:00:00,9281.347632998186,68884.5
2026-03-22 08:00:00,9281.347632998186,68756.7
2026-03-22 09:00:00,9281.347632998186,68780.1
2026-03-22 10:00:00,9281.347632998186,68601.1
2026-03-22 11:00:00,9281.347632998186,68177.0
2026-03-22 12:00:00,9281.347632998186,68614.5
2026-03-22 13:00:00,9281.347632998186,68660.3
2026-03-22 14:00:00,9281.347632998186,68675.5
2026-03-22 15:00:00,9281.347632998186,68814.9
2026-03-22 16:00:00,9281.347632998186,68761.9
2026-03-22 17:00:00,9281.347632998186,68635.0
2026-03-22 18:00:00,9281.347632998186,68580.3
2026-03-22 19:00:00,9281.347632998186,68170.6
2026-03-22 20:00:00,9281.347632998186,68134.9
2026-03-22 21:00:00,9281.347632998186,67864.4
2026-03-22 22:00:00,9281.347632998186,68301.5
2026-03-22 23:00:00,9281.347632998186,67830.6
2026-03-23 00:00:00,9281.347632998186,67642.5
2026-03-23 01:00:00,9281.347632998186,67875.6
2026-03-23 02:00:00,9281.347632998186,68282.4
2026-03-23 03:00:00,9281.347632998186,68045.1
2026-03-23 04:00:00,9281.347632998186,68504.5
2026-03-23 05:00:00,9281.347632998186,68864.2
2026-03-23 06:00:00,9281.347632998186,67845.3
2026-03-23 07:00:00,9281.347632998186,68306.0
2026-03-23 08:00:00,9281.347632998186,68400.1
2026-03-23 09:00:00,9281.347632998186,68305.0
2026-03-23 10:00:00,9281.347632998186,68512.2
2026-03-23 11:00:00,9281.347632998186,70097.3
2026-03-23 12:00:00,9281.347632998186,70710.0
2026-03-23 13:00:00,9281.347632998186,71450.0
2026-03-23 14:00:00,9281.347632998186,71409.8
2026-03-23 15:00:00,9281.347632998186,70112.2
2026-03-23 16:00:00,9281.347632998186,70539.6
2026-03-23 17:00:00,9281.347632998186,71052.7
2026-03-23 18:00:00,9281.347632998186,71040.5
2026-03-23 19:00:00,9281.347632998186,70647.1
2026-03-23 20:00:00,9281.347632998186,70876.6
2026-03-23 21:00:00,9281.347632998186,70813.7
2026-03-23 22:00:00,9281.347632998186,70745.1
2026-03-23 23:00:00,9281.347632998186,70865.9
2026-03-24 00:00:00,9281.347632998186,70650.0
2026-03-24 01:00:00,9281.347632998186,70479.9
2026-03-24 02:00:00,9281.347632998186,70416.0
2026-03-24 03:00:00,9281.347632998186,70512.1
2026-03-24 04:00:00,9281.347632998186,70339.9
2026-03-24 05:00:00,9281.347632998186,70249.6
2026-03-24 06:00:00,9281.347632998186,70507.8
2026-03-24 07:00:00,9281.347632998186,71255.2
2026-03-24 08:00:00,9281.347632998186,70933.8
2026-03-24 09:00:00,9281.347632998186,71288.5
2026-03-24 10:00:00,9281.347632998186,71237.4
2026-03-24 11:00:00,9281.347632998186,71116.4
2026-03-24 12:00:00,9281.347632998186,70924.4
2026-03-24 13:00:00,9281.347632998186,70067.0
2026-03-24 14:00:00,9281.347632998186,69847.6
2026-03-24 15:00:00,9281.347632998186,69837.7
2026-03-24 16:00:00,9281.347632998186,69448.3
2026-03-24 17:00:00,9281.347632998186,69205.0
2026-03-24 18:00:00,9281.347632998186,69399.5
2026-03-24 19:00:00,9281.347632998186,69342.6
2026-03-24 20:00:00,9281.347632998186,70066.6
2026-03-24 21:00:00,9281.347632998186,70296.2
2026-03-24 22:00:00,9281.347632998186,70277.9
2026-03-24 23:00:00,9281.347632998186,70523.9
2026-03-25 00:00:00,9281.347632998186,70804.3
2026-03-25 01:00:00,9281.347632998186,70643.1
2026-03-25 02:00:00,9281.347632998186,70500.0
2026-03-25 03:00:00,9281.347632998186,70689.3
2026-03-25 04:00:00,9281.347632998186,70938.1
2026-03-25 05:00:00,9281.347632998186,71080.1
2026-03-25 06:00:00,9281.347632998186,70962.8
2026-03-25 07:00:00,9281.347632998186,70900.0
2026-03-25 08:00:00,9281.347632998186,71209.1
2026-03-25 09:00:00,9281.347632998186,71301.5
2026-03-25 10:00:00,9281.347632998186,71462.7
2026-03-25 11:00:00,9281.347632998186,71650.3
2026-03-25 12:00:00,9281.347632998186,71685.4
2026-03-25 13:00:00,9281.347632998186,71546.6
2026-03-25 14:00:00,9281.347632998186,71203.6
2026-03-25 15:00:00,9281.347632998186,70792.4
2026-03-25 16:00:00,9281.347632998186,71290.0
2026-03-25 17:00:00,9281.347632998186,70752.6
2026-03-25 18:00:00,9281.347632998186,70786.8
2026-03-25 19:00:00,9281.347632998186,70853.2
2026-03-25 20:00:00,9281.347632998186,70970.0
2026-03-25 21:00:00,9281.347632998186,71000.0
2026-03-25 22:00:00,9281.347632998186,71330.1
2026-03-25 23:00:00,9281.347632998186,71297.5
2026-03-26 00:00:00,9281.347632998186,71265.8
2026-03-26 01:00:00,9281.347632998186,71212.9
2026-03-26 02:00:00,9281.347632998186,70855.0
2026-03-26 03:00:00,9281.347632998186,70881.9
2026-03-26 04:00:00,9281.347632998186,70737.0
2026-03-26 05:00:00,9281.347632998186,69988.7
2026-03-26 06:00:00,9281.347632998186,70057.5
2026-03-26 07:00:00,9281.347632998186,70053.8
2026-03-26 08:00:00,9281.347632998186,69985.9
2026-03-26 09:00:00,9281.347632998186,69537.6
2026-03-26 10:00:00,9281.347632998186,69480.0
2026-03-26 11:00:00,9281.347632998186,69239.3
2026-03-26 12:00:00,9281.347632998186,69395.1
2026-03-26 13:00:00,9281.347632998186,69617.4
2026-03-26 14:00:00,9281.347632998186,69450.1
2026-03-26 15:00:00,9281.347632998186,69054.8
2026-03-26 16:00:00,9281.347632998186,68904.8
2026-03-26 17:00:00,9281.347632998186,68456.1
2026-03-26 18:00:00,9281.347632998186,68457.0
2026-03-26 19:00:00,9281.347632998186,68502.7
2026-03-26 20:00:00,9281.347632998186,68973.8
2026-03-26 21:00:00,9281.347632998186,68885.8
2026-03-26 22:00:00,9281.347632998186,68862.5
2026-03-26 23:00:00,9281.347632998186,68788.0
2026-03-27 00:00:00,9281.347632998186,68746.4
2026-03-27 01:00:00,9281.347632998186,69016.4
2026-03-27 02:00:00,9281.347632998186,68870.8
2026-03-27 03:00:00,9281.347632998186,68728.8
2026-03-27 04:00:00,9281.347632998186,68540.2
2026-03-27 05:00:00,9281.347632998186,68588.8
2026-03-27 06:00:00,9281.347632998186,68621.5
2026-03-27 07:00:00,9281.347632998186,68501.7
2026-03-27 08:00:00,9281.347632998186,67876.6
2026-03-27 09:00:00,9281.347632998186,67651.9
2026-03-27 10:00:00,9281.347632998186,66456.4
2026-03-27 11:00:00,9281.347632998186,66663.2
2026-03-27 12:00:00,9281.347632998186,66579.4
2026-03-27 13:00:00,9281.347632998186,66153.9
2026-03-27 14:00:00,9281.347632998186,66162.7
2026-03-27 15:00:00,9281.347632998186,66092.0
2026-03-27 16:00:00,9281.347632998186,65945.5
2026-03-27 17:00:00,9281.347632998186,65604.0
2026-03-27 18:00:00,9281.347632998186,65804.0
2026-03-27 19:00:00,9281.347632998186,66005.4
2026-03-27 20:00:00,9281.347632998186,65983.0
2026-03-27 21:00:00,9281.347632998186,66040.3
2026-03-27 22:00:00,9281.347632998186,65981.1
2026-03-27 23:00:00,9281.347632998186,66364.2
2026-03-28 00:00:00,9281.347632998186,66389.9
2026-03-28 01:00:00,9281.347632998186,66137.1
2026-03-28 02:00:00,9281.347632998186,66020.1
2026-03-28 03:00:00,9281.347632998186,66191.8
2026-03-28 04:00:00,9281.347632998186,66243.5
2026-03-28 05:00:00,9281.347632998186,66310.0
2026-03-28 06:00:00,9281.347632998186,66358.2
2026-03-28 07:00:00,9281.347632998186,66520.8
2026-03-28 08:00:00,9281.347632998186,66374.9
2026-03-28 09:00:00,9281.347632998186,66270.9
2026-03-28 10:00:00,9281.347632998186,66184.9
2026-03-28 11:00:00,9281.347632998186,66288.5
2026-03-28 12:00:00,9281.347632998186,66416.7
2026-03-28 13:00:00,9281.347632998186,66813.3
2026-03-28 14:00:00,9281.347632998186,66716.2
2026-03-28 15:00:00,9281.347632998186,66982.3
2026-03-28 16:00:00,9281.347632998186,66894.3
2026-03-28 17:00:00,9281.347632998186,66808.6
2026-03-28 18:00:00,9281.347632998186,66871.1
2026-03-28 19:00:00,9281.347632998186,66873.0
2026-03-28 20:00:00,9281.347632998186,66885.5
2026-03-28 21:00:00,9281.347632998186,66644.8
2026-03-28 22:00:00,9281.347632998186,66729.0
2026-03-28 23:00:00,9281.347632998186,66334.8
2026-03-29 00:00:00,9281.347632998186,66444.4
2026-03-29 01:00:00,9281.347632998186,66536.1
2026-03-29 02:00:00,9281.347632998186,66773.7
2026-03-29 03:00:00,9281.347632998186,66875.7
2026-03-29 04:00:00,9281.347632998186,66701.9
2026-03-29 05:00:00,9281.347632998186,66741.3
2026-03-29 06:00:00,9281.347632998186,66704.4
2026-03-29 07:00:00,9281.347632998186,66632.5
2026-03-29 08:00:00,9281.347632998186,66689.5
2026-03-29 09:00:00,9281.347632998186,66600.1
2026-03-29 10:00:00,9281.347632998186,66473.4
2026-03-29 11:00:00,9281.347632998186,66780.8
2026-03-29 12:00:00,9281.347632998186,66818.6
2026-03-29 13:00:00,9281.347632998186,66546.0
2026-03-29 14:00:00,9281.347632998186,66556.2
2026-03-29 15:00:00,9281.347632998186,66500.0
2026-03-29 16:00:00,9281.347632998186,66467.8
2026-03-29 17:00:00,9281.347632998186,66356.6
2026-03-29 18:00:00,9281.347632998186,66397.2
2026-03-29 19:00:00,9281.347632998186,66320.2
2026-03-29 20:00:00,9281.347632998186,66578.6
2026-03-29 21:00:00,9281.347632998186,66678.8
2026-03-29 22:00:00,9281.347632998186,65820.3
2026-03-29 23:00:00,9281.347632998186,65977.9
2026-03-30 00:00:00,9281.347632998186,66251.2
2026-03-30 01:00:00,9281.347632998186,66624.1
2026-03-30 02:00:00,9281.347632998186,67087.0
2026-03-30 03:00:00,9281.347632998186,67139.8
2026-03-30 04:00:00,9281.347632998186,67579.1
2026-03-30 05:00:00,9281.347632998186,67459.0
2026-03-30 06:00:00,9281.347632998186,67273.4
2026-03-30 07:00:00,9281.347632998186,67595.9
2026-03-30 08:00:00,9281.347632998186,67634.0
2026-03-30 09:00:00,9281.347632998186,67466.2
2026-03-30 10:00:00,9281.347632998186,67463.0
2026-03-30 11:00:00,9281.347632998186,67651.5
2026-03-30 12:00:00,9281.347632998186,67859.3
2026-03-30 13:00:00,9281.347632998186,67490.9
2026-03-30 14:00:00,9281.347632998186,67762.7
2026-03-30 15:00:00,9281.347632998186,67590.2
2026-03-30 16:00:00,9281.347632998186,67333.0
2026-03-30 17:00:00,9281.347632998186,66805.2
2026-03-30 18:00:00,9281.347632998186,66620.6
2026-03-30 19:00:00,9281.347632998186,66516.0
2026-03-30 20:00:00,9281.347632998186,66614.9
2026-03-30 21:00:00,9281.347632998186,66770.6
2026-03-30 22:00:00,9281.347632998186,66746.5
2026-03-30 23:00:00,9281.347632998186,66764.4
2026-03-31 00:00:00,9281.347632998186,67172.5
2026-03-31 01:00:00,9281.347632998186,67896.2
2026-03-31 02:00:00,9281.347632998186,67911.8
2026-03-31 03:00:00,9281.347632998186,67670.8
2026-03-31 04:00:00,9281.347632998186,67510.1
2026-03-31 05:00:00,9281.347632998186,67648.9
2026-03-31 06:00:00,9281.347632998186,67465.4
2026-03-31 07:00:00,9281.347632998186,67343.8
2026-03-31 08:00:00,9281.347632998186,66745.1
2026-03-31 09:00:00,9281.347632998186,66099.3
2026-03-31 10:00:00,9281.347632998186,66329.4
2026-03-31 11:00:00,9281.347632998186,66652.4
2026-03-31 12:00:00,9281.347632998186,66623.8
2026-03-31 13:00:00,9281.347632998186,67255.6
2026-03-31 14:00:00,9281.347632998186,66555.9
2026-03-31 15:00:00,9281.347632998186,66700.0
2026-03-31 16:00:00,9281.347632998186,67632.6
2026-03-31 17:00:00,9281.347632998186,67493.9
2026-03-31 18:00:00,9281.347632998186,67814.6
2026-03-31 19:00:00,9281.347632998186,67803.0
2026-03-31 20:00:00,9281.347632998186,68227.2
2026-03-31 21:00:00,9281.347632998186,68234.6
2026-03-31 22:00:00,9281.347632998186,68141.6
2026-03-31 23:00:00,9281.347632998186,68241.5
2026-04-01 00:00:00,9281.347632998186,68288.0
2026-04-01 01:00:00,9281.347632998186,67746.4
2026-04-01 02:00:00,9281.347632998186,67623.8
2026-04-01 03:00:00,9281.347632998186,68134.0
2026-04-01 04:00:00,9281.347632998186,68272.3
2026-04-01 05:00:00,9281.347632998186,68418.2
2026-04-01 06:00:00,9281.347632998186,69069.1
2026-04-01 07:00:00,9281.347632998186,68651.9
2026-04-01 08:00:00,9281.347632998186,68630.8
2026-04-01 09:00:00,9281.347632998186,68608.4
2026-04-01 10:00:00,9281.347632998186,68545.1
2026-04-01 11:00:00,9281.347632998186,68669.9
2026-04-01 12:00:00,9281.347632998186,68363.8
2026-04-01 13:00:00,9281.347632998186,68091.4
2026-04-01 14:00:00,9281.347632998186,68559.1
2026-04-01 15:00:00,9281.347632998186,68877.0
2026-04-01 16:00:00,9281.347632998186,68781.1
2026-04-01 17:00:00,9281.347632998186,68239.7
2026-04-01 18:00:00,9281.347632998186,68054.2
2026-04-01 19:00:00,9281.347632998186,68143.8
2026-04-01 20:00:00,9281.347632998186,68159.8
2026-04-01 21:00:00,9281.347632998186,68324.7
2026-04-01 22:00:00,9281.347632998186,68088.4
2026-04-01 23:00:00,9281.347632998186,68086.5
2026-04-02 00:00:00,9281.347632998186,68565.1
2026-04-02 01:00:00,9281.347632998186,67316.4
2026-04-02 02:00:00,9281.347632998186,66821.6
2026-04-02 03:00:00,9281.347632998186,66538.4
2026-04-02 04:00:00,9281.347632998186,66300.2
2026-04-02 05:00:00,9281.347632998186,66558.2
2026-04-02 06:00:00,9281.347632998186,66652.9
2026-04-02 07:00:00,9281.347632998186,66887.9
2026-04-02 08:00:00,9281.347632998186,66418.2
2026-04-02 09:00:00,9281.347632998186,66428.6
2026-04-02 10:00:00,9281.347632998186,66424.0
2026-04-02 11:00:00,9281.347632998186,66180.6
2026-04-02 12:00:00,9281.347632998186,66014.2
2026-04-02 13:00:00,9281.347632998186,66227.3
2026-04-02 14:00:00,9281.347632998186,66822.4
2026-04-02 15:00:00,9281.347632998186,66810.6
2026-04-02 16:00:00,9281.347632998186,67050.1
2026-04-02 17:00:00,9281.347632998186,66641.4
2026-04-02 18:00:00,9281.347632998186,66941.6
2026-04-02 19:00:00,9281.347632998186,66943.2
2026-04-02 20:00:00,9281.347632998186,66906.3
2026-04-02 21:00:00,9281.347632998186,66910.7
2026-04-02 22:00:00,9281.347632998186,66954.0
2026-04-02 23:00:00,9281.347632998186,66868.5
2026-04-03 00:00:00,9281.347632998186,66761.8
2026-04-03 01:00:00,9281.347632998186,66599.0
2026-04-03 02:00:00,9281.347632998186,66504.6
2026-04-03 03:00:00,9281.347632998186,66550.0
2026-04-03 04:00:00,9281.347632998186,66578.8
2026-04-03 05:00:00,9281.347632998186,66574.9
2026-04-03 06:00:00,9281.347632998186,66762.0
2026-04-03 07:00:00,9281.347632998186,67008.8
2026-04-03 08:00:00,9281.347632998186,66935.0
2026-04-03 09:00:00,9281.347632998186,66828.9
2026-04-03 10:00:00,9281.347632998186,66845.3
2026-04-03 11:00:00,9281.347632998186,66983.4
2026-04-03 12:00:00,9281.347632998186,66690.4
2026-04-03 13:00:00,9281.347632998186,66644.6
2026-04-03 14:00:00,9281.347632998186,66900.0
2026-04-03 15:00:00,9281.347632998186,66806.1
2026-04-03 16:00:00,9281.347632998186,66972.5
2026-04-03 17:00:00,9281.347632998186,66811.0
2026-04-03 18:00:00,9281.347632998186,66783.7
2026-04-03 19:00:00,9281.347632998186,66857.0
2026-04-03 20:00:00,9281.347632998186,66800.1
2026-04-03 21:00:00,9281.347632998186,66929.5
2026-04-03 22:00:00,9281.347632998186,66860.0
2026-04-03 23:00:00,9281.347632998186,66930.0
2026-04-04 00:00:00,9281.347632998186,66863.4
2026-04-04 01:00:00,9281.347632998186,66820.0
2026-04-04 02:00:00,9281.347632998186,66814.1
2026-04-04 03:00:00,9281.347632998186,66799.1
2026-04-04 04:00:00,9281.347632998186,66833.5
2026-04-04 05:00:00,9281.347632998186,66871.0
2026-04-04 06:00:00,9281.347632998186,66981.5
2026-04-04 07:00:00,9281.347632998186,66982.0
2026-04-04 08:00:00,9281.347632998186,66907.8
2026-04-04 09:00:00,9281.347632998186,66952.1
2026-04-04 10:00:00,9281.347632998186,67139.1
2026-04-04 11:00:00,9281.347632998186,67128.9
2026-04-04 12:00:00,9281.347632998186,67062.0
2026-04-04 13:00:00,9281.347632998186,67170.0
2026-04-04 14:00:00,9281.347632998186,67177.6
2026-04-04 15:00:00,9281.347632998186,67357.3
2026-04-04 16:00:00,9281.347632998186,67335.2
2026-04-04 17:00:00,9281.347632998186,67302.3
2026-04-04 18:00:00,9281.347632998186,67265.7
2026-04-04 19:00:00,9281.347632998186,67262.7
2026-04-04 20:00:00,9281.347632998186,67240.2
2026-04-04 21:00:00,9281.347632998186,67325.0
2026-04-04 22:00:00,9281.347632998186,67368.9
2026-04-04 23:00:00,9281.347632998186,67271.0
2026-04-05 00:00:00,9281.347632998186,67177.0
2026-04-05 01:00:00,9281.347632998186,67060.6
2026-04-05 02:00:00,9281.347632998186,67144.3
2026-04-05 03:00:00,9281.347632998186,67113.5
2026-04-05 04:00:00,9281.347632998186,67066.2
2026-04-05 05:00:00,9281.347632998186,66905.1
2026-04-05 06:00:00,9281.347632998186,66771.6
2026-04-05 07:00:00,9281.347632998186,66787.4
2026-04-05 08:00:00,9281.347632998186,66892.5
2026-04-05 09:00:00,9281.347632998186,66996.0
2026-04-05 10:00:00,9281.347632998186,67012.3
2026-04-05 11:00:00,9281.347632998186,66972.7
2026-04-05 12:00:00,9281.347632998186,66751.4
2026-04-05 13:00:00,9281.347632998186,66863.4
2026-04-05 14:00:00,9281.347632998186,66892.5
2026-04-05 15:00:00,9281.347632998186,67272.2
2026-04-05 16:00:00,9281.347632998186,67178.8
2026-04-05 17:00:00,9281.347632998186,67342.2
2026-04-05 18:00:00,9281.347632998186,67381.1
2026-04-05 19:00:00,9281.347632998186,67329.1
2026-04-05 20:00:00,9281.347632998186,67636.7
2026-04-05 21:00:00,9281.347632998186,67519.5
2026-04-05 22:00:00,9281.347632998186,68313.0
2026-04-05 23:00:00,9281.347632998186,68997.9
2026-04-06 00:00:00,9281.347632998186,69051.9
2026-04-06 01:00:00,9281.347632998186,68782.9
2026-04-06 02:00:00,9281.347632998186,69183.6
2026-04-06 03:00:00,9281.347632998186,69092.4
2026-04-06 04:00:00,9281.347632998186,69107.6
2026-04-06 05:00:00,9281.347632998186,69167.1
2026-04-06 06:00:00,9281.347632998186,68958.7
2026-04-06 07:00:00,9281.347632998186,69089.7
2026-04-06 08:00:00,9281.347632998186,69191.7
2026-04-06 09:00:00,9281.347632998186,69699.4
2026-04-06 10:00:00,9281.347632998186,69739.2
2026-04-06 11:00:00,9281.347632998186,69583.6
2026-04-06 12:00:00,9281.347632998186,69337.3
2026-04-06 13:00:00,9281.347632998186,69399.8
2026-04-06 14:00:00,9281.347632998186,69620.0
2026-04-06 15:00:00,9281.347632998186,69922.5
2026-04-06 16:00:00,9281.347632998186,69759.2
2026-04-06 17:00:00,9281.347632998186,69540.6
2026-04-06 18:00:00,9281.347632998186,69852.9
2026-04-06 19:00:00,9281.347632998186,69704.8
2026-04-06 20:00:00,9281.347632998186,69779.4
2026-04-06 21:00:00,9281.347632998186,69476.5
2026-04-06 22:00:00,9281.347632998186,68777.1
2026-04-06 23:00:00,9281.347632998186,68817.9
2026-04-07 00:00:00,9281.347632998186,68738.7
2026-04-07 01:00:00,9281.347632998186,68363.9
2026-04-07 02:00:00,9281.347632998186,68640.3
2026-04-07 03:00:00,9281.347632998186,68746.3
2026-04-07 04:00:00,9281.347632998186,68819.3
2026-04-07 05:00:00,9281.347632998186,68627.5
2026-04-07 06:00:00,9281.347632998186,68540.0
2026-04-07 07:00:00,9281.347632998186,68592.1
2026-04-07 08:00:00,9281.347632998186,68907.1
2026-04-07 09:00:00,9281.347632998186,69109.8
2026-04-07 10:00:00,9281.347632998186,68196.0
2026-04-07 11:00:00,9281.347632998186,68310.8
2026-04-07 12:00:00,9281.347632998186,68367.0
2026-04-07 13:00:00,9281.347632998186,68208.1
2026-04-07 14:00:00,9281.347632998186,67831.0
2026-04-07 15:00:00,9281.347632998186,68138.4
2026-04-07 16:00:00,9281.347632998186,68207.2
2026-04-07 17:00:00,9281.347632998186,68670.0
2026-04-07 18:00:00,9281.347632998186,68413.7
2026-04-07 19:00:00,9281.347632998186,68975.9
2026-04-07 20:00:00,9281.347632998186,69285.2
2026-04-07 21:00:00,9281.347632998186,69886.7
2026-04-07 22:00:00,9281.347632998186,71479.9
2026-04-07 23:00:00,9281.347632998186,71890.2
2026-04-08 00:00:00,9281.347632998186,71681.9
2026-04-08 01:00:00,9281.347632998186,71446.5
2026-04-08 02:00:00,9281.347632998186,71330.0
2026-04-08 03:00:00,9281.347632998186,71259.6
2026-04-08 04:00:00,9281.347632998186,71528.6
2026-04-08 05:00:00,9281.347632998186,71701.6
2026-04-08 06:00:00,9281.347632998186,71697.5
2026-04-08 07:00:00,9281.347632998186,71612.0
2026-04-08 08:00:00,9281.347632998186,71776.0
2026-04-08 09:00:00,9281.347632998186,71655.4
2026-04-08 10:00:00,9281.347632998186,71445.7
2026-04-08 11:00:00,9281.347632998186,71650.2
2026-04-08 12:00:00,9281.347632998186,72023.6
2026-04-08 13:00:00,9281.347632998186,71563.2
2026-04-08 14:00:00,9281.347632998186,70888.0
2026-04-08 15:00:00,9281.347632998186,71274.8
2026-04-08 16:00:00,9281.347632998186,71560.9
2026-04-08 17:00:00,9281.347632998186,71847.5
2026-04-08 18:00:00,9281.347632998186,71064.9
2026-04-08 19:00:00,9281.347632998186,71283.0
2026-04-08 20:00:00,9281.347632998186,71336.9
2026-04-08 21:00:00,9281.347632998186,71509.5
2026-04-08 22:00:00,9281.347632998186,71024.3
2026-04-08 23:00:00,9281.347632998186,71038.1
2026-04-09 00:00:00,9281.347632998186,70779.0
2026-04-09 01:00:00,9281.347632998186,70900.0
2026-04-09 02:00:00,9281.347632998186,71029.7
2026-04-09 03:00:00,9281.347632998186,70961.2
2026-04-09 04:00:00,9281.347632998186,70760.1
2026-04-09 05:00:00,9281.347632998186,70959.7
2026-04-09 06:00:00,9281.347632998186,70998.8
2026-04-09 07:00:00,9281.347632998186,70945.0
2026-04-09 08:00:00,9281.347632998186,71207.6
2026-04-09 09:00:00,9281.347632998186,71488.7
2026-04-09 10:00:00,9281.347632998186,71234.7
2026-04-09 11:00:00,9281.347632998186,71109.9
2026-04-09 12:00:00,9281.347632998186,71245.0
2026-04-09 13:00:00,9281.347632998186,70765.2
2026-04-09 14:00:00,9281.347632998186,71083.5
2026-04-09 15:00:00,9281.347632998186,72108.0
2026-04-09 16:00:00,9281.347632998186,72048.0
2026-04-09 17:00:00,9281.347632998186,72306.9
2026-04-09 18:00:00,9281.347632998186,71849.3
2026-04-09 19:00:00,9281.347632998186,72055.9
2026-04-09 20:00:00,9281.347632998186,72377.6
2026-04-09 21:00:00,9281.347632998186,72230.1
2026-04-09 22:00:00,9281.347632998186,71911.2
2026-04-09 23:00:00,9281.347632998186,71750.4
2026-04-10 00:00:00,9281.347632998186,71932.3
2026-04-10 01:00:00,9281.347632998186,72124.0
2026-04-10 02:00:00,9281.347632998186,71926.3
2026-04-10 03:00:00,9281.347632998186,71837.3
2026-04-10 04:00:00,9281.347632998186,72088.8
2026-04-10 05:00:00,9281.347632998186,72098.6
2026-04-10 06:00:00,9281.347632998186,71778.1
2026-04-10 07:00:00,9281.347632998186,71461.2
2026-04-10 08:00:00,9281.347632998186,71571.6
2026-04-10 09:00:00,9281.347632998186,71746.2
2026-04-10 10:00:00,9281.347632998186,71872.4
2026-04-10 11:00:00,9281.347632998186,72092.7
2026-04-10 12:00:00,9281.347632998186,72225.5
2026-04-10 13:00:00,9281.347632998186,72284.0
2026-04-10 14:00:00,9281.347632998186,72870.6
2026-04-10 15:00:00,9281.347632998186,72421.0
2026-04-10 16:00:00,9281.347632998186,72954.0
2026-04-10 17:00:00,9281.347632998186,73079.9
2026-04-10 18:00:00,9281.347632998186,73056.7
2026-04-10 19:00:00,9281.347632998186,73187.3
2026-04-10 20:00:00,9281.347632998186,73310.5
2026-04-10 21:00:00,9281.347632998186,73156.2
2026-04-10 22:00:00,9281.347632998186,72834.2
2026-04-10 23:00:00,9281.347632998186,72917.4
2026-04-11 00:00:00,9281.347632998186,72792.5
2026-04-11 01:00:00,9281.347632998186,72920.1
2026-04-11 02:00:00,9281.347632998186,72928.3
2026-04-11 03:00:00,9281.347632998186,72835.1
2026-04-11 04:00:00,9281.347632998186,72771.2
2026-04-11 05:00:00,9281.347632998186,72680.0
2026-04-11 06:00:00,9281.347632998186,72727.5
2026-04-11 07:00:00,9281.347632998186,72707.7
2026-04-11 08:00:00,9281.347632998186,72625.4
2026-04-11 09:00:00,9281.347632998186,72874.0
2026-04-11 10:00:00,9281.347632998186,72801.2
2026-04-11 11:00:00,9281.347632998186,72868.2
2026-04-11 12:00:00,9281.347632998186,72895.6
2026-04-11 13:00:00,9281.347632998186,72612.2
2026-04-11 14:00:00,9281.347632998186,72660.9
2026-04-11 15:00:00,9281.347632998186,72817.3
2026-04-11 16:00:00,9281.347632998186,72991.3
2026-04-11 17:00:00,9281.347632998186,73056.2
2026-04-11 18:00:00,9281.347632998186,73515.9
2026-04-11 19:00:00,9281.347632998186,73635.9
2026-04-11 20:00:00,9281.347632998186,73252.9
2026-04-11 21:00:00,9281.347632998186,73384.7
2026-04-11 22:00:00,9281.347632998186,73333.3
2026-04-11 23:00:00,9281.347632998186,73013.4
2026-04-12 00:00:00,9281.347632998186,73038.8
2026-04-12 01:00:00,9281.347632998186,71598.7
2026-04-12 02:00:00,9281.347632998186,71723.7
2026-04-12 03:00:00,9281.347632998186,71563.6
2026-04-12 04:00:00,9281.347632998186,71428.7
2026-04-12 05:00:00,9281.347632998186,71665.1
2026-04-12 06:00:00,9281.347632998186,71618.9
2026-04-12 07:00:00,9281.347632998186,71628.1
2026-04-12 08:00:00,9281.347632998186,71592.3
2026-04-12 09:00:00,9281.347632998186,71502.4
2026-04-12 10:00:00,9281.347632998186,71416.1
2026-04-12 11:00:00,9281.347632998186,71435.0
2026-04-12 12:00:00,9281.347632998186,71050.1
2026-04-12 13:00:00,9281.347632998186,70861.5
2026-04-12 14:00:00,9281.347632998186,70714.3
2026-04-12 15:00:00,9281.347632998186,70856.2
2026-04-12 16:00:00,9281.347632998186,70890.9
2026-04-12 17:00:00,9281.347632998186,71099.9
2026-04-12 18:00:00,9281.347632998186,71092.6
2026-04-12 19:00:00,9281.347632998186,71055.2
2026-04-12 20:00:00,9281.347632998186,71302.9
2026-04-12 21:00:00,9281.347632998186,71331.7
2026-04-12 22:00:00,9281.347632998186,70875.6
2026-04-12 23:00:00,9281.347632998186,70711.1
2026-04-13 00:00:00,9281.347632998186,71130.0
2026-04-13 01:00:00,9281.347632998186,71156.1
2026-04-13 02:00:00,9281.347632998186,71047.0
2026-04-13 03:00:00,9281.347632998186,70944.8
2026-04-13 04:00:00,9281.347632998186,70854.3
2026-04-13 05:00:00,9281.347632998186,70847.8
2026-04-13 06:00:00,9281.347632998186,70989.6
2026-04-13 07:00:00,9281.347632998186,70780.0
2026-04-13 08:00:00,9281.347632998186,70644.8
2026-04-13 09:00:00,9281.347632998186,70758.4
2026-04-13 10:00:00,9281.347632998186,70716.0
2026-04-13 11:00:00,9281.347632998186,70883.9
2026-04-13 12:00:00,9281.347632998186,71043.0
2026-04-13 13:00:00,9281.347632998186,71623.0
2026-04-13 14:00:00,9281.347632998186,72347.2
2026-04-13 15:00:00,9281.347632998186,71823.6
2026-04-13 16:00:00,9281.347632998186,72157.3
2026-04-13 17:00:00,9281.347632998186,72101.0
2026-04-13 18:00:00,9281.347632998186,72380.0
2026-04-13 19:00:00,9281.347632998186,73272.2
2026-04-13 20:00:00,9281.347632998186,73098.9
2026-04-13 21:00:00,9281.347632998186,73140.0
2026-04-13 22:00:00,9281.347632998186,74599.9
2026-04-13 23:00:00,9281.347632998186,74385.0
2026-04-14 00:00:00,9281.347632998186,74127.9
2026-04-14 01:00:00,9281.347632998186,74345.5
2026-04-14 02:00:00,9281.347632998186,74294.4
2026-04-14 03:00:00,9281.347632998186,74408.8
2026-04-14 04:00:00,9281.347632998186,74355.5
2026-04-14 05:00:00,9281.347632998186,74184.5
2026-04-14 06:00:00,9281.347632998186,74485.0
2026-04-14 07:00:00,9281.347632998186,74513.4
2026-04-14 08:00:00,9281.347632998186,74713.9
2026-04-14 09:00:00,9281.347632998186,74471.9
2026-04-14 10:00:00,9281.347632998186,74309.8
2026-04-14 11:00:00,9281.347632998186,74342.4
2026-04-14 12:00:00,9281.347632998186,74416.7
2026-04-14 13:00:00,9281.347632998186,75471.2
2026-04-14 14:00:00,9281.347632998186,74966.3
2026-04-14 15:00:00,9281.347632998186,75268.1
2026-04-14 16:00:00,9281.347632998186,74597.1
2026-04-14 17:00:00,9281.347632998186,74699.9
2026-04-14 18:00:00,9281.347632998186,74050.0
2026-04-14 19:00:00,9281.347632998186,74176.4
2026-04-14 20:00:00,9281.347632998186,74059.0
2026-04-14 21:00:00,9281.347632998186,74230.3
2026-04-14 22:00:00,9281.347632998186,73987.5
2026-04-14 23:00:00,9281.347632998186,74106.9
2026-04-15 00:00:00,9281.347632998186,74520.3
2026-04-15 01:00:00,9281.347632998186,74568.3
2026-04-15 02:00:00,9281.347632998186,74280.0
2026-04-15 03:00:00,9281.347632998186,74296.8
2026-04-15 04:00:00,9281.347632998186,74290.8
2026-04-15 05:00:00,9281.347632998186,73983.2
2026-04-15 06:00:00,9281.347632998186,73851.1
2026-04-15 07:00:00,9281.347632998186,73705.1
2026-04-15 08:00:00,9281.347632998186,74070.4
2026-04-15 09:00:00,9281.347632998186,73968.3
2026-04-15 10:00:00,9281.347632998186,73825.9
2026-04-15 11:00:00,9281.347632998186,74155.1
2026-04-15 12:00:00,9281.347632998186,74228.7
2026-04-15 13:00:00,9281.347632998186,74015.8
2026-04-15 14:00:00,9281.347632998186,74108.8
2026-04-15 15:00:00,9281.347632998186,73797.5
2026-04-15 16:00:00,9281.347632998186,73900.4
2026-04-15 17:00:00,9281.347632998186,74099.1
2026-04-15 18:00:00,9281.347632998186,74349.1
2026-04-15 19:00:00,9281.347632998186,74957.8
2026-04-15 20:00:00,9281.347632998186,74796.8
2026-04-15 21:00:00,9281.347632998186,74703.0
2026-04-15 22:00:00,9281.347632998186,74931.3
2026-04-15 23:00:00,9281.347632998186,74776.2
2026-04-16 00:00:00,9281.347632998186,74772.0
2026-04-16 01:00:00,9281.347632998186,74612.8
2026-04-16 02:00:00,9281.347632998186,74840.8
2026-04-16 03:00:00,9281.347632998186,74851.9
2026-04-16 04:00:00,9281.347632998186,74899.9
2026-04-16 05:00:00,9281.347632998186,75006.1
2026-04-16 06:00:00,9281.347632998186,74985.9
2026-04-16 07:00:00,9281.347632998186,74667.7
2026-04-16 08:00:00,9281.347632998186,74634.3
2026-04-16 09:00:00,9281.347632998186,74558.7
2026-04-16 10:00:00,9281.347632998186,74267.8
2026-04-16 11:00:00,9281.347632998186,74528.4
2026-04-16 12:00:00,9281.347632998186,74577.7
2026-04-16 13:00:00,9281.347632998186,73755.9
2026-04-16 14:00:00,9281.347632998186,73937.0
2026-04-16 15:00:00,9281.347632998186,74659.5
2026-04-16 16:00:00,9281.347632998186,74140.6
2026-04-16 17:00:00,9281.347632998186,74301.6
2026-04-16 18:00:00,9281.347632998186,75000.0
2026-04-16 19:00:00,9281.347632998186,75309.4
2026-04-16 20:00:00,9281.347632998186,75188.9
2026-04-16 21:00:00,9281.347632998186,74902.2
2026-04-16 22:00:00,9281.347632998186,74833.9
2026-04-16 23:00:00,9281.347632998186,75106.8
2026-04-17 00:00:00,9281.347632998186,74900.2
2026-04-17 01:00:00,9281.347632998186,74707.6
2026-04-17 02:00:00,9281.347632998186,74670.6
2026-04-17 03:00:00,9281.347632998186,74582.8
2026-04-17 04:00:00,9281.347632998186,74748.4
2026-04-17 05:00:00,9281.347632998186,74604.8
2026-04-17 06:00:00,9281.347632998186,74895.1
2026-04-17 07:00:00,9281.347632998186,75047.4
2026-04-17 08:00:00,9281.347632998186,75749.8
2026-04-17 09:00:00,9281.347632998186,75746.0
2026-04-17 10:00:00,9281.347632998186,75229.7
2026-04-17 11:00:00,9281.347632998186,75542.2
2026-04-17 12:00:00,9281.347632998186,76195.6
2026-04-17 13:00:00,9281.347632998186,77294.3
2026-04-17 14:00:00,9281.347632998186,77825.1
2026-04-17 15:00:00,9281.347632998186,77736.2
2026-04-17 16:00:00,9281.347632998186,77805.1
2026-04-17 17:00:00,9281.347632998186,77465.3
2026-04-17 18:00:00,9281.347632998186,77112.1
2026-04-17 19:00:00,9281.347632998186,77348.8
2026-04-17 20:00:00,9281.347632998186,77283.7
2026-04-17 21:00:00,9281.347632998186,77400.1
2026-04-17 22:00:00,9281.347632998186,77261.8
2026-04-17 23:00:00,9281.347632998186,77030.6
2026-04-18 00:00:00,9281.347632998186,77135.1
2026-04-18 01:00:00,9281.347632998186,77175.9
2026-04-18 02:00:00,9281.347632998186,77249.5
2026-04-18 03:00:00,9281.347632998186,76964.3
2026-04-18 04:00:00,9281.347632998186,77065.9
2026-04-18 05:00:00,9281.347632998186,77085.0
2026-04-18 06:00:00,9281.347632998186,77078.7
2026-04-18 07:00:00,9281.347632998186,76951.0
2026-04-18 08:00:00,9281.347632998186,76695.1
2026-04-18 09:00:00,9281.347632998186,76557.1
2026-04-18 10:00:00,9281.347632998186,76150.0
2026-04-18 11:00:00,9281.347632998186,76002.0
2026-04-18 12:00:00,9281.347632998186,76168.0
2026-04-18 13:00:00,9281.347632998186,76080.5
2026-04-18 14:00:00,9281.347632998186,76211.2
2026-04-18 15:00:00,9281.347632998186,76124.8
2026-04-18 16:00:00,9281.347632998186,75897.9
2026-04-18 17:00:00,9281.347632998186,75783.9
2026-04-18 18:00:00,9281.347632998186,75603.7
2026-04-18 19:00:00,9281.347632998186,75604.2
2026-04-18 20:00:00,9281.347632998186,75706.1
2026-04-18 21:00:00,9281.347632998186,75766.5
2026-04-18 22:00:00,9281.347632998186,75765.5
2026-04-18 23:00:00,9281.347632998186,75653.8
2026-04-19 00:00:00,9281.347632998186,75627.3
2026-04-19 01:00:00,9281.347632998186,75577.4
2026-04-19 02:00:00,9281.347632998186,75450.1
2026-04-19 03:00:00,9281.347632998186,75473.0
2026-04-19 04:00:00,9281.347632998186,75623.7
2026-04-19 05:00:00,9281.347632998186,75505.1
2026-04-19 06:00:00,9281.347632998186,75359.7
2026-04-19 07:00:00,9281.347632998186,75205.6
2026-04-19 08:00:00,9281.347632998186,75220.0
2026-04-19 09:00:00,9281.347632998186,74974.6
2026-04-19 10:00:00,9281.347632998186,75175.5
2026-04-19 11:00:00,9281.347632998186,75557.4
2026-04-19 12:00:00,9281.347632998186,75529.3
2026-04-19 13:00:00,9281.347632998186,75877.9
2026-04-19 14:00:00,9281.347632998186,75971.3
2026-04-19 15:00:00,9281.347632998186,75807.6
2026-04-19 16:00:00,9281.347632998186,75345.6
2026-04-19 17:00:00,9281.347632998186,74742.4
2026-04-19 18:00:00,9281.347632998186,74736.2
2026-04-19 19:00:00,9281.347632998186,74917.9
2026-04-19 20:00:00,9281.347632998186,74591.6
2026-04-19 21:00:00,9281.347632998186,74379.5
2026-04-19 22:00:00,9281.347632998186,74005.0
2026-04-19 23:00:00,9281.347632998186,73758.4
2026-04-20 00:00:00,9281.347632998186,74228.1
2026-04-20 01:00:00,9281.347632998186,74549.4
2026-04-20 02:00:00,9281.347632998186,74364.5
2026-04-20 03:00:00,9281.347632998186,74593.9
2026-04-20 04:00:00,9281.347632998186,74523.7
2026-04-20 05:00:00,9281.347632998186,74226.5
2026-04-20 06:00:00,9281.347632998186,74751.1
2026-04-20 07:00:00,9281.347632998186,74795.5
2026-04-20 08:00:00,9281.347632998186,74691.7
2026-04-20 09:00:00,9281.347632998186,75028.8
2026-04-20 10:00:00,9281.347632998186,74993.2
2026-04-20 11:00:00,9281.347632998186,75148.7
2026-04-20 12:00:00,9281.347632998186,75245.0
2026-04-20 13:00:00,9281.347632998186,75232.8
2026-04-20 14:00:00,9281.347632998186,75000.1
2026-04-20 15:00:00,9281.347632998186,75668.1
2026-04-20 16:00:00,9281.347632998186,75300.0
2026-04-20 17:00:00,9281.347632998186,75853.7
2026-04-20 18:00:00,9281.347632998186,76388.8
2026-04-20 19:00:00,9281.347632998186,76252.5
2026-04-20 20:00:00,9281.347632998186,76229.9
2026-04-20 21:00:00,9281.347632998186,75909.5
2026-04-20 22:00:00,9281.347632998186,75927.7
2026-04-20 23:00:00,9281.347632998186,75790.1
2026-04-21 00:00:00,9281.347632998186,76050.0
2026-04-21 01:00:00,9281.347632998186,75887.0
2026-04-21 02:00:00,9281.347632998186,75540.0
2026-04-21 03:00:00,9281.347632998186,75669.1
2026-04-21 04:00:00,9281.347632998186,75768.3
2026-04-21 05:00:00,9281.347632998186,75760.8
2026-04-21 06:00:00,9281.347632998186,75930.5
2026-04-21 07:00:00,9281.347632998186,76050.0
2026-04-21 08:00:00,9281.347632998186,76462.4
2026-04-21 09:00:00,9281.347632998186,76324.2
2026-04-21 10:00:00,9281.347632998186,76702.1
2026-04-21 11:00:00,9281.347632998186,76408.3
2026-04-21 12:00:00,9281.347632998186,75972.8
2026-04-21 13:00:00,9281.347632998186,75859.9
2026-04-21 14:00:00,9281.347632998186,75628.9
2026-04-21 15:00:00,9281.347632998186,75799.9
2026-04-21 16:00:00,9281.347632998186,75739.2
2026-04-21 17:00:00,9281.347632998186,75516.0
2026-04-21 18:00:00,9281.347632998186,75563.1
2026-04-21 19:00:00,9281.347632998186,74988.6
2026-04-21 20:00:00,9281.347632998186,75649.4
2026-04-21 21:00:00,9281.347632998186,75506.4
2026-04-21 22:00:00,9281.347632998186,75598.6
2026-04-21 23:00:00,9281.347632998186,76288.2
2026-04-22 00:00:00,9281.347632998186,76327.1
2026-04-22 01:00:00,9281.347632998186,76267.3
2026-04-22 02:00:00,9281.347632998186,77568.1
2026-04-22 03:00:00,9281.347632998186,77488.3
2026-04-22 04:00:00,9281.347632998186,77475.5
2026-04-22 05:00:00,9281.347632998186,77954.4
2026-04-22 06:00:00,9281.347632998186,77971.6
2026-04-22 07:00:00,9281.347632998186,77979.8
2026-04-22 08:00:00,9281.347632998186,77970.0
2026-04-22 09:00:00,9281.347632998186,77959.9
2026-04-22 10:00:00,9281.347632998186,78117.8
2026-04-22 11:00:00,9281.347632998186,78263.2
2026-04-22 12:00:00,9281.347632998186,78196.6
2026-04-22 13:00:00,9281.347632998186,78794.5
2026-04-22 14:00:00,9281.347632998186,78996.8
2026-04-22 15:00:00,9281.347632998186,79234.3
2026-04-22 16:00:00,9281.347632998186,78705.1
2026-04-22 17:00:00,9281.347632998186,78869.8
2026-04-22 18:00:00,9281.347632998186,78989.5
2026-04-22 19:00:00,9281.347632998186,78791.3
2026-04-22 20:00:00,9281.347632998186,78395.8
2026-04-22 21:00:00,9281.347632998186,78713.8
2026-04-22 22:00:00,9281.347632998186,78552.1
2026-04-22 23:00:00,9281.347632998186,78139.8
2026-04-23 00:00:00,9281.347632998186,78389.9
2026-04-23 01:00:00,9281.347632998186,78311.0
2026-04-23 02:00:00,9281.347632998186,77897.6
2026-04-23 03:00:00,9281.347632998186,77704.3
2026-04-23 04:00:00,9281.347632998186,77871.6
2026-04-23 05:00:00,9281.347632998186,77991.9
2026-04-23 06:00:00,9281.347632998186,78167.0
2026-04-23 07:00:00,9281.347632998186,78009.1
2026-04-23 08:00:00,9281.347632998186,77822.1
2026-04-23 09:00:00,9281.347632998186,77613.0
2026-04-23 10:00:00,9281.347632998186,77362.9
2026-04-23 11:00:00,9281.347632998186,77649.9
2026-04-23 12:00:00,9281.347632998186,77826.8
2026-04-23 13:00:00,9281.347632998186,77486.7
2026-04-23 14:00:00,9281.347632998186,78132.8
2026-04-23 15:00:00,9281.347632998186,78329.2
2026-04-23 16:00:00,9281.347632998186,78049.0
2026-04-23 17:00:00,9281.347632998186,77715.2
2026-04-23 18:00:00,9281.347632998186,77631.7
2026-04-23 19:00:00,9281.347632998186,77670.5
2026-04-23 20:00:00,9281.347632998186,77841.3
2026-04-23 21:00:00,9281.347632998186,77819.6
2026-04-23 22:00:00,9281.347632998186,78194.2
2026-04-23 23:00:00,9281.347632998186,78216.8
2026-04-24 00:00:00,9281.347632998186,78376.7
2026-04-24 01:00:00,9281.347632998186,78369.9
2026-04-24 02:00:00,9281.347632998186,78074.0
2026-04-24 03:00:00,9281.347632998186,77690.1
2026-04-24 04:00:00,9281.347632998186,77620.5
2026-04-24 05:00:00,9281.347632998186,77911.0
2026-04-24 06:00:00,9281.347632998186,77741.9
2026-04-24 07:00:00,9281.347632998186,77620.5
2026-04-24 08:00:00,9281.347632998186,77744.6
2026-04-24 09:00:00,9281.347632998186,77497.2
2026-04-24 10:00:00,9281.347632998186,77715.2
2026-04-24 11:00:00,9281.347632998186,78194.8
2026-04-24 12:00:00,9281.347632998186,78233.0
2026-04-24 13:00:00,9281.347632998186,78050.1
2026-04-24 14:00:00,9281.347632998186,77986.4
2026-04-24 15:00:00,9281.347632998186,78007.3
2026-04-24 16:00:00,9281.347632998186,77732.7
2026-04-24 17:00:00,9281.347632998186,77644.6
2026-04-24 18:00:00,9281.347632998186,77579.2
2026-04-24 19:00:00,9281.347632998186,77596.1
2026-04-24 20:00:00,9281.347632998186,77688.2
2026-04-24 21:00:00,9281.347632998186,77490.1
2026-04-24 22:00:00,9281.347632998186,77294.5
2026-04-24 23:00:00,9281.347632998186,77395.4
2026-04-25 00:00:00,9281.347632998186,77419.9
2026-04-25 01:00:00,9281.347632998186,77490.0
2026-04-25 02:00:00,9281.347632998186,77567.6
2026-04-25 03:00:00,9281.347632998186,77629.0
2026-04-25 04:00:00,9281.347632998186,77579.5
2026-04-25 05:00:00,9281.347632998186,77475.8
2026-04-25 06:00:00,9281.347632998186,77458.8
2026-04-25 07:00:00,9281.347632998186,77449.9
2026-04-25 08:00:00,9281.347632998186,77603.3
2026-04-25 09:00:00,9281.347632998186,77672.5
2026-04-25 10:00:00,9281.347632998186,77749.3
2026-04-25 11:00:00,9281.347632998186,77638.7
2026-04-25 12:00:00,9281.347632998186,77518.3
2026-04-25 13:00:00,9281.347632998186,77650.1
2026-04-25 14:00:00,9281.347632998186,77618.2
2026-04-25 15:00:00,9281.347632998186,77289.3
2026-04-25 16:00:00,9281.347632998186,77364.0
2026-04-25 17:00:00,9281.347632998186,77213.4
2026-04-25 18:00:00,9281.347632998186,77256.8
2026-04-25 19:00:00,9281.347632998186,77285.6
2026-04-25 20:00:00,9281.347632998186,77439.1
2026-04-25 21:00:00,9281.347632998186,77492.9
2026-04-25 22:00:00,9281.347632998186,77513.2
2026-04-25 23:00:00,9281.347632998186,77585.0
2026-04-26 00:00:00,9281.347632998186,77457.4
2026-04-26 01:00:00,9281.347632998186,77417.4
2026-04-26 02:00:00,9281.347632998186,77480.1
2026-04-26 03:00:00,9281.347632998186,77349.3
2026-04-26 04:00:00,9281.347632998186,77727.0
2026-04-26 05:00:00,9281.347632998186,77949.4
2026-04-26 06:00:00,9281.347632998186,77963.2
2026-04-26 07:00:00,9281.347632998186,78061.5
2026-04-26 08:00:00,9281.347632998186,77989.0
2026-04-26 09:00:00,9281.347632998186,77971.8
2026-04-26 10:00:00,9281.347632998186,77961.4
2026-04-26 11:00:00,9281.347632998186,78050.0
2026-04-26 12:00:00,9281.347632998186,77795.5
2026-04-26 13:00:00,9281.347632998186,77940.1
2026-04-26 14:00:00,9281.347632998186,78053.4
2026-04-26 15:00:00,9281.347632998186,78007.9
2026-04-26 16:00:00,9281.347632998186,77890.0
2026-04-26 17:00:00,9281.347632998186,77976.7
2026-04-26 18:00:00,9281.347632998186,78238.1
2026-04-26 19:00:00,9281.347632998186,78183.1
2026-04-26 20:00:00,9281.347632998186,78150.1
2026-04-26 21:00:00,9281.347632998186,78369.7
2026-04-26 22:00:00,9281.347632998186,78274.7
2026-04-26 23:00:00,9281.347632998186,78613.5
2026-04-27 00:00:00,9281.347632998186,79263.7
2026-04-27 01:00:00,9281.347632998186,79245.3
2026-04-27 02:00:00,9281.347632998186,79082.9
2026-04-27 03:00:00,9281.347632998186,79065.1
2026-04-27 04:00:00,9281.347632998186,78882.6
2026-04-27 05:00:00,9281.347632998186,77730.6
2026-04-27 06:00:00,9281.347632998186,77657.9
2026-04-27 07:00:00,9281.347632998186,77556.7
2026-04-27 08:00:00,9281.347632998186,77763.5
2026-04-27 09:00:00,9281.347632998186,77856.1
2026-04-27 10:00:00,9281.347632998186,77806.7
2026-04-27 11:00:00,9281.347632998186,77804.3
2026-04-27 12:00:00,9281.347632998186,77627.4
2026-04-27 13:00:00,9281.347632998186,77700.0
2026-04-27 14:00:00,9281.347632998186,77776.0
2026-04-27 15:00:00,9281.347632998186,76760.0
2026-04-27 16:00:00,9281.347632998186,76587.9
2026-04-27 17:00:00,9281.347632998186,76702.3
2026-04-27 18:00:00,9281.347632998186,76790.7
2026-04-27 19:00:00,9281.347632998186,76844.4
2026-04-27 20:00:00,9281.347632998186,76915.8
2026-04-27 21:00:00,9281.347632998186,76741.4
2026-04-27 22:00:00,9281.347632998186,77025.8
2026-04-27 23:00:00,9281.347632998186,77331.2
2026-04-28 00:00:00,9281.347632998186,77334.9
2026-04-28 01:00:00,9281.347632998186,77047.2
2026-04-28 02:00:00,9281.347632998186,76845.0
2026-04-28 03:00:00,9281.347632998186,76770.6
2026-04-28 04:00:00,9281.347632998186,76845.2
2026-04-28 05:00:00,9281.347632998186,76848.0
2026-04-28 06:00:00,9281.347632998186,76664.9
2026-04-28 07:00:00,9281.347632998186,76828.4
2026-04-28 08:00:00,9281.347632998186,76820.1
2026-04-28 09:00:00,9281.347632998186,76557.2
2026-04-28 10:00:00,9281.347632998186,76580.1
2026-04-28 11:00:00,9281.347632998186,76198.8
2026-04-28 12:00:00,9281.347632998186,76345.6
2026-04-28 13:00:00,9281.347632998186,76158.2
2026-04-28 14:00:00,9281.347632998186,75920.0
2026-04-28 15:00:00,9281.347632998186,76027.8
2026-04-28 16:00:00,9281.347632998186,76091.7
2026-04-28 17:00:00,9281.347632998186,76154.2
2026-04-28 18:00:00,9281.347632998186,76208.2
2026-04-28 19:00:00,9281.347632998186,76293.6
2026-04-28 20:00:00,9281.347632998186,76420.0
2026-04-28 21:00:00,9281.347632998186,76321.5
2026-04-28 22:00:00,9281.347632998186,76206.2
2026-04-28 23:00:00,9281.347632998186,76298.1
2026-04-29 00:00:00,9281.347632998186,76470.9
2026-04-29 01:00:00,9281.347632998186,76534.9
2026-04-29 02:00:00,9281.347632998186,76488.1
2026-04-29 03:00:00,9281.347632998186,76955.7
2026-04-29 04:00:00,9281.347632998186,77224.2
2026-04-29 05:00:00,9281.347632998186,77254.7
2026-04-29 06:00:00,9281.347632998186,76978.5
2026-04-29 07:00:00,9281.347632998186,77003.8
2026-04-29 08:00:00,9281.347632998186,76998.5
2026-04-29 09:00:00,9281.347632998186,77605.5
2026-04-29 10:00:00,9281.347632998186,77575.3
2026-04-29 11:00:00,9281.347632998186,77552.5
2026-04-29 12:00:00,9281.347632998186,77110.0
2026-04-29 13:00:00,9281.347632998186,76748.7
2026-04-29 14:00:00,9281.347632998186,76540.3
2026-04-29 15:00:00,9281.347632998186,75889.1
2026-04-29 16:00:00,9281.347632998186,75774.7
2026-04-29 17:00:00,9281.347632998186,76139.6
2026-04-29 18:00:00,9281.347632998186,75470.1
2026-04-29 19:00:00,9281.347632998186,75518.5
2026-04-29 20:00:00,9281.347632998186,75636.0
2026-04-29 21:00:00,9281.347632998186,75883.1
2026-04-29 22:00:00,9281.347632998186,75884.5
2026-04-29 23:00:00,9281.347632998186,75749.9
2026-04-30 00:00:00,9281.347632998186,76199.1
2026-04-30 01:00:00,9281.347632998186,76193.9
2026-04-30 02:00:00,9281.347632998186,75663.6
2026-04-30 03:00:00,9281.347632998186,75882.1
2026-04-30 04:00:00,9281.347632998186,75458.3
2026-04-30 05:00:00,9281.347632998186,75569.6
2026-04-30 06:00:00,9281.347632998186,75720.6
2026-04-30 07:00:00,9281.347632998186,76129.9
2026-04-30 08:00:00,9281.347632998186,76025.7
2026-04-30 09:00:00,9281.347632998186,76062.7
2026-04-30 10:00:00,9281.347632998186,76001.6
2026-04-30 11:00:00,9281.347632998186,76032.9
2026-04-30 12:00:00,9281.347632998186,76259.0
2026-04-30 13:00:00,9281.347632998186,76370.3
2026-04-30 14:00:00,9281.347632998186,76256.0
2026-04-30 15:00:00,9281.347632998186,76423.0
2026-04-30 16:00:00,9281.347632998186,76220.1
2026-04-30 17:00:00,9281.347632998186,76209.2
2026-04-30 18:00:00,9281.347632998186,76309.1
2026-04-30 19:00:00,9281.347632998186,76366.7
2026-04-30 20:00:00,9281.347632998186,76451.1
2026-04-30 21:00:00,9281.347632998186,76202.8
2026-04-30 22:00:00,9281.347632998186,76197.9
2026-04-30 23:00:00,9281.347632998186,76305.4
2026-05-01 00:00:00,9281.347632998186,76415.1
2026-05-01 01:00:00,9281.347632998186,76644.1
2026-05-01 02:00:00,9281.347632998186,76552.9
2026-05-01 03:00:00,9281.347632998186,77082.6
2026-05-01 04:00:00,9281.347632998186,76997.4
2026-05-01 05:00:00,9281.347632998186,77135.3
2026-05-01 06:00:00,9281.347632998186,76953.9
2026-05-01 07:00:00,9281.347632998186,77100.0
2026-05-01 08:00:00,9281.347632998186,77340.0
2026-05-01 09:00:00,9281.347632998186,77239.3
2026-05-01 10:00:00,9281.347632998186,77268.9
2026-05-01 11:00:00,9281.347632998186,77429.5
2026-05-01 12:00:00,9281.347632998186,77847.2
2026-05-01 13:00:00,9281.347632998186,78691.3
2026-05-01 14:00:00,9281.347632998186,78312.9
2026-05-01 15:00:00,9281.347632998186,78395.4
2026-05-01 16:00:00,9281.347632998186,78175.4
2026-05-01 17:00:00,9281.347632998186,78509.2
2026-05-01 18:00:00,9281.347632998186,78392.1
2026-05-01 19:00:00,9281.347632998186,78316.9
2026-05-01 20:00:00,9281.347632998186,77838.2
2026-05-01 21:00:00,9281.347632998186,78163.8
2026-05-01 22:00:00,9281.347632998186,78105.9
2026-05-01 23:00:00,9281.347632998186,78192.0
2026-05-02 00:00:00,9281.347632998186,78303.3
2026-05-02 01:00:00,9281.347632998186,78295.8
2026-05-02 02:00:00,9281.347632998186,78319.2
2026-05-02 03:00:00,9281.347632998186,78377.7
2026-05-02 04:00:00,9281.347632998186,78137.4
2026-05-02 05:00:00,9281.347632998186,78140.0
2026-05-02 06:00:00,9281.347632998186,78278.3
2026-05-02 07:00:00,9281.347632998186,78181.6
2026-05-02 08:00:00,9281.347632998186,78272.2
2026-05-02 09:00:00,9281.347632998186,78252.3
2026-05-02 10:00:00,9281.347632998186,78205.4
2026-05-02 11:00:00,9281.347632998186,78105.7
2026-05-02 12:00:00,9281.347632998186,78169.7
2026-05-02 13:00:00,9281.347632998186,78332.0
2026-05-02 14:00:00,9281.347632998186,78380.9
2026-05-02 15:00:00,9281.347632998186,78449.8
2026-05-02 16:00:00,9281.347632998186,78419.9
2026-05-02 17:00:00,9281.347632998186,78362.1
2026-05-02 18:00:00,9281.347632998186,78432.1
2026-05-02 19:00:00,9281.347632998186,78443.8
2026-05-02 20:00:00,9281.347632998186,78415.2
2026-05-02 21:00:00,9281.347632998186,78689.8
2026-05-02 22:00:00,9281.347632998186,78793.2
2026-05-02 23:00:00,9281.347632998186,78652.9
2026-05-03 00:00:00,9281.347632998186,78499.9
2026-05-03 01:00:00,9281.347632998186,78200.0
2026-05-03 02:00:00,9281.347632998186,78131.3
2026-05-03 03:00:00,9281.347632998186,78162.4
2026-05-03 04:00:00,9281.347632998186,78132.3
2026-05-03 05:00:00,9281.347632998186,78208.5
2026-05-03 06:00:00,9281.347632998186,78249.0
2026-05-03 07:00:00,9281.347632998186,78316.6
2026-05-03 08:00:00,9281.347632998186,78343.5
2026-05-03 09:00:00,9281.347632998186,78496.5
2026-05-03 10:00:00,9281.347632998186,78369.4
2026-05-03 11:00:00,9281.347632998186,78620.5
2026-05-03 12:00:00,9281.347632998186,78715.4
2026-05-03 13:00:00,9281.347632998186,78634.3
2026-05-03 14:00:00,9281.347632998186,78700.6
2026-05-03 15:00:00,9281.347632998186,78625.2
2026-05-03 16:00:00,9281.347632998186,78619.1
2026-05-03 17:00:00,9281.347632998186,78693.7
2026-05-03 18:00:00,9281.347632998186,78706.7
2026-05-03 19:00:00,9281.347632998186,78729.1
2026-05-03 20:00:00,9281.347632998186,78889.0
2026-05-03 21:00:00,9281.347632998186,78794.5
2026-05-03 22:00:00,9281.347632998186,79141.4
2026-05-03 23:00:00,9281.347632998186,78529.0
2026-05-04 00:00:00,9281.347632998186,78504.9
2026-05-04 01:00:00,9281.347632998186,79755.9
2026-05-04 02:00:00,9281.347632998186,80136.6
2026-05-04 03:00:00,9281.347632998186,80278.7
2026-05-04 04:00:00,9281.347632998186,80300.0
2026-05-04 05:00:00,9281.347632998186,79983.9
2026-05-04 06:00:00,9281.347632998186,79824.7
2026-05-04 07:00:00,9281.347632998186,79663.5
2026-05-04 08:00:00,9281.347632998186,79666.5
2026-05-04 09:00:00,9281.347632998186,79800.1
2026-05-04 10:00:00,9281.347632998186,78894.8
2026-05-04 11:00:00,9281.347632998186,78753.5
2026-05-04 12:00:00,9281.347632998186,78816.1
2026-05-04 13:00:00,9281.347632998186,78747.6
2026-05-04 14:00:00,9281.347632998186,80160.1
2026-05-04 15:00:00,9281.347632998186,79976.7
2026-05-04 16:00:00,9281.347632998186,79982.4
2026-05-04 17:00:00,9281.347632998186,80339.8
2026-05-04 18:00:00,9281.347632998186,80080.9
2026-05-04 19:00:00,9281.347632998186,80018.4
2026-05-04 20:00:00,9281.347632998186,79896.5
2026-05-04 21:00:00,9281.347632998186,80216.9
2026-05-04 22:00:00,9281.347632998186,80031.9
2026-05-04 23:00:00,9281.347632998186,79826.1
2026-05-05 00:00:00,9281.347632998186,80130.9
2026-05-05 01:00:00,9281.347632998186,80310.9
2026-05-05 02:00:00,9281.347632998186,80514.4
2026-05-05 03:00:00,9281.347632998186,80836.9
2026-05-05 04:00:00,9281.347632998186,80850.8
2026-05-05 05:00:00,9281.347632998186,80924.1
2026-05-05 06:00:00,9281.347632998186,80934.6
2026-05-05 07:00:00,9281.347632998186,80815.8
2026-05-05 08:00:00,9281.347632998186,80776.0
2026-05-05 09:00:00,9281.347632998186,80551.0
2026-05-05 10:00:00,9281.347632998186,80786.8
2026-05-05 11:00:00,9281.347632998186,80973.0
2026-05-05 12:00:00,9281.347632998186,81223.3
2026-05-05 13:00:00,9281.347632998186,81278.3
2026-05-05 14:00:00,9281.347632998186,81284.1
2026-05-05 15:00:00,9281.347632998186,81488.7
2026-05-05 16:00:00,9281.347632998186,81250.7
2026-05-05 17:00:00,9281.347632998186,81223.6
2026-05-05 18:00:00,9281.347632998186,81463.6
2026-05-05 19:00:00,9281.347632998186,81554.4
2026-05-05 20:00:00,9281.347632998186,81607.2
2026-05-05 21:00:00,9281.347632998186,81363.3
2026-05-05 22:00:00,9281.347632998186,81076.7
2026-05-05 23:00:00,9281.347632998186,80861.9
2026-05-06 00:00:00,9281.347632998186,80980.5
2026-05-06 01:00:00,9281.347632998186,81390.4
2026-05-06 02:00:00,9281.347632998186,81319.5
2026-05-06 03:00:00,9281.347632998186,81535.9
2026-05-06 04:00:00,9281.347632998186,81285.1
2026-05-06 05:00:00,9281.347632998186,81277.8
2026-05-06 06:00:00,9281.347632998186,81431.7
2026-05-06 07:00:00,9281.347632998186,81333.3
2026-05-06 08:00:00,9281.347632998186,81903.6
2026-05-06 09:00:00,9281.347632998186,81959.3
2026-05-06 10:00:00,9281.347632998186,82242.1
2026-05-06 11:00:00,9281.347632998186,82485.4
2026-05-06 12:00:00,9281.347632998186,82188.0
2026-05-06 13:00:00,9281.347632998186,81621.1
2026-05-06 14:00:00,9281.347632998186,81471.6
2026-05-06 15:00:00,9281.347632998186,81656.4
2026-05-06 16:00:00,9281.347632998186,81575.3
2026-05-06 17:00:00,9281.347632998186,81401.5
2026-05-06 18:00:00,9281.347632998186,81300.0
2026-05-06 19:00:00,9281.347632998186,81416.5
2026-05-06 20:00:00,9281.347632998186,81378.5
2026-05-06 21:00:00,9281.347632998186,81494.6
2026-05-06 22:00:00,9281.347632998186,81295.8
2026-05-06 23:00:00,9281.347632998186,81390.1
2026-05-07 00:00:00,9281.347632998186,80966.9
2026-05-07 01:00:00,9281.347632998186,81121.2
2026-05-07 02:00:00,9281.347632998186,81076.8
2026-05-07 03:00:00,9281.347632998186,80797.3
2026-05-07 04:00:00,9281.347632998186,80939.9
2026-05-07 05:00:00,9281.347632998186,81047.4
2026-05-07 06:00:00,9281.347632998186,81395.3
2026-05-07 07:00:00,9281.347632998186,81480.1
2026-05-07 08:00:00,9281.347632998186,81195.9
2026-05-07 09:00:00,9281.347632998186,80888.9
2026-05-07 10:00:00,9281.347632998186,80800.0
2026-05-07 11:00:00,9281.347632998186,80827.9
2026-05-07 12:00:00,9281.347632998186,81118.5
2026-05-07 13:00:00,9281.347632998186,80457.5
2026-05-07 14:00:00,9281.347632998186,80130.1
2026-05-07 15:00:00,9281.347632998186,79861.6
2026-05-07 16:00:00,9281.347632998186,79763.3
2026-05-07 17:00:00,9281.347632998186,80053.3
2026-05-07 18:00:00,9281.347632998186,80160.1
2026-05-07 19:00:00,9281.347632998186,80103.1
2026-05-07 20:00:00,9281.347632998186,79838.2
2026-05-07 21:00:00,9281.347632998186,79683.7
2026-05-07 22:00:00,9281.347632998186,79872.1
2026-05-07 23:00:00,9281.347632998186,79969.4
2026-05-08 00:00:00,9281.347632998186,79796.1
2026-05-08 01:00:00,9281.347632998186,79699.9
2026-05-08 02:00:00,9281.347632998186,79449.7
2026-05-08 03:00:00,9281.347632998186,79540.0
2026-05-08 04:00:00,9281.347632998186,79619.0
2026-05-08 05:00:00,9281.347632998186,79560.2
2026-05-08 06:00:00,9281.347632998186,79484.1
2026-05-08 07:00:00,9281.347632998186,79635.0
2026-05-08 08:00:00,9281.347632998186,79849.3
2026-05-08 09:00:00,9281.347632998186,79826.3
2026-05-08 10:00:00,9281.347632998186,80162.3
2026-05-08 11:00:00,9281.347632998186,80181.9
2026-05-08 12:00:00,9281.347632998186,79987.6
2026-05-08 13:00:00,9281.347632998186,79612.4
2026-05-08 14:00:00,9281.347632998186,80114.4
2026-05-08 15:00:00,9281.347632998186,80119.1
2026-05-08 16:00:00,9281.347632998186,79768.7
2026-05-08 17:00:00,9281.347632998186,80030.5
2026-05-08 18:00:00,9281.347632998186,80044.4
2026-05-08 19:00:00,9281.347632998186,80147.7
2026-05-08 20:00:00,9281.347632998186,80104.0
2026-05-08 21:00:00,9281.347632998186,80222.1
2026-05-08 22:00:00,9281.347632998186,80234.1
2026-05-08 23:00:00,9281.347632998186,80155.2
2026-05-09 00:00:00,9281.347632998186,80193.3
2026-05-09 01:00:00,9281.347632998186,80280.0
2026-05-09 02:00:00,9281.347632998186,80379.2
2026-05-09 03:00:00,9281.347632998186,80340.6
2026-05-09 04:00:00,9281.347632998186,80345.0
2026-05-09 05:00:00,9281.347632998186,80331.4
2026-05-09 06:00:00,9281.347632998186,80214.9
2026-05-09 07:00:00,9281.347632998186,80181.7
2026-05-09 08:00:00,9281.347632998186,80378.1
2026-05-09 09:00:00,9281.347632998186,80199.9
2026-05-09 10:00:00,9281.347632998186,80232.7
2026-05-09 11:00:00,9281.347632998186,80310.4
2026-05-09 12:00:00,9281.347632998186,80367.2
2026-05-09 13:00:00,9281.347632998186,80359.4
2026-05-09 14:00:00,9281.347632998186,80292.4
2026-05-09 15:00:00,9281.347632998186,80488.3
2026-05-09 16:00:00,9281.347632998186,80576.1
2026-05-09 17:00:00,9281.347632998186,80766.0
2026-05-09 18:00:00,9281.347632998186,80865.1
2026-05-09 19:00:00,9281.347632998186,80896.9
2026-05-09 20:00:00,9281.347632998186,80764.6
2026-05-09 21:00:00,9281.347632998186,80735.8
2026-05-09 22:00:00,9281.347632998186,80731.0
2026-05-09 23:00:00,9281.347632998186,80634.0
2026-05-10 00:00:00,9281.347632998186,80634.9
2026-05-10 01:00:00,9281.347632998186,80654.0
2026-05-10 02:00:00,9281.347632998186,80748.6
2026-05-10 03:00:00,9281.347632998186,80735.1
2026-05-10 04:00:00,9281.347632998186,80717.8
2026-05-10 05:00:00,9281.347632998186,80660.8
2026-05-10 06:00:00,9281.347632998186,80700.0
2026-05-10 07:00:00,9281.347632998186,80695.9
2026-05-10 08:00:00,9281.347632998186,80797.1
2026-05-10 09:00:00,9281.347632998186,80766.9
2026-05-10 10:00:00,9281.347632998186,80836.5
2026-05-10 11:00:00,9281.347632998186,80782.1
2026-05-10 12:00:00,9281.347632998186,80891.1
2026-05-10 13:00:00,9281.347632998186,80932.2
2026-05-10 14:00:00,9281.347632998186,80944.2
2026-05-10 15:00:00,9281.347632998186,81381.4
2026-05-10 16:00:00,9281.347632998186,81338.7
2026-05-10 17:00:00,9281.347632998186,81441.5
2026-05-10 18:00:00,9281.347632998186,81235.1
2026-05-10 19:00:00,9281.347632998186,81398.0
2026-05-10 20:00:00,9281.347632998186,80691.2
2026-05-10 21:00:00,9281.347632998186,80674.0
2026-05-10 22:00:00,9281.347632998186,82013.3
2026-05-10 23:00:00,9281.347632998186,82177.7
2026-05-11 00:00:00,9281.347632998186,81430.3
2026-05-11 01:00:00,9281.347632998186,81463.2
2026-05-11 02:00:00,9281.347632998186,81136.6
2026-05-11 03:00:00,9281.347632998186,80693.4
2026-05-11 04:00:00,9281.347632998186,80782.3
2026-05-11 05:00:00,9281.347632998186,80799.9
2026-05-11 06:00:00,9281.347632998186,80790.7
2026-05-11 07:00:00,9281.347632998186,80708.9
2026-05-11 08:00:00,9281.347632998186,80723.7
2026-05-11 09:00:00,9281.347632998186,80923.3
2026-05-11 10:00:00,9281.347632998186,80900.8
2026-05-11 11:00:00,9281.347632998186,81167.1
2026-05-11 12:00:00,9281.347632998186,81013.5
2026-05-11 13:00:00,9281.347632998186,81032.9
2026-05-11 14:00:00,9281.347632998186,80917.5
2026-05-11 15:00:00,9281.347632998186,81403.4
2026-05-11 16:00:00,9281.347632998186,81526.8
2026-05-11 17:00:00,9281.347632998186,81894.0
2026-05-11 18:00:00,9281.347632998186,81819.2
2026-05-11 19:00:00,9281.347632998186,81917.1
2026-05-11 20:00:00,9281.347632998186,81778.5
2026-05-11 21:00:00,9281.347632998186,81784.6
2026-05-11 22:00:00,9281.347632998186,81788.4
2026-05-11 23:00:00,9281.347632998186,81699.1
2026-05-12 00:00:00,9281.347632998186,81508.7
2026-05-12 01:00:00,9281.347632998186,81148.4
2026-05-12 02:00:00,9281.347632998186,81223.5
2026-05-12 03:00:00,9281.347632998186,81028.3
2026-05-12 04:00:00,9281.347632998186,81194.9
2026-05-12 05:00:00,9281.347632998186,81186.8
2026-05-12 06:00:00,9281.347632998186,80989.9
2026-05-12 07:00:00,9281.347632998186,80809.2
2026-05-12 08:00:00,9281.347632998186,80797.5
2026-05-12 09:00:00,9281.347632998186,80799.1
2026-05-12 10:00:00,9281.347632998186,80634.0
2026-05-12 11:00:00,9281.347632998186,80742.7
2026-05-12 12:00:00,9281.347632998186,80846.3
2026-05-12 13:00:00,9281.347632998186,80433.6
2026-05-12 14:00:00,9281.347632998186,80511.0
2026-05-12 15:00:00,9281.347632998186,80301.6
2026-05-12 16:00:00,9281.347632998186,79967.1
2026-05-12 17:00:00,9281.347632998186,80492.9
2026-05-12 18:00:00,9281.347632998186,80641.2
2026-05-12 19:00:00,9281.347632998186,80799.5
2026-05-12 20:00:00,9281.347632998186,80656.8
2026-05-12 21:00:00,9281.347632998186,80550.0
2026-05-12 22:00:00,9281.347632998186,80613.4
2026-05-12 23:00:00,9281.347632998186,80461.0
2026-05-13 00:00:00,9281.347632998186,80673.4
2026-05-13 01:00:00,9281.347632998186,80960.1
2026-05-13 02:00:00,9281.347632998186,81018.1
2026-05-13 03:00:00,9281.347632998186,81217.1
2026-05-13 04:00:00,9281.347632998186,81199.9
2026-05-13 05:00:00,9281.347632998186,80985.5
2026-05-13 06:00:00,9281.347632998186,80945.6
2026-05-13 07:00:00,9281.347632998186,80981.9
2026-05-13 08:00:00,9281.347632998186,81161.0
2026-05-13 09:00:00,9281.347632998186,81255.5
2026-05-13 10:00:00,9281.347632998186,80766.2
2026-05-13 11:00:00,9281.347632998186,80460.1
2026-05-13 12:00:00,9281.347632998186,80160.1
2026-05-13 13:00:00,9281.347632998186,79617.9
2026-05-13 14:00:00,9281.347632998186,79727.3
2026-05-13 15:00:00,9281.347632998186,78794.7
2026-05-13 16:00:00,9281.347632998186,79069.5
2026-05-13 17:00:00,9281.347632998186,79470.1
2026-05-13 18:00:00,9281.347632998186,79554.9
2026-05-13 19:00:00,9281.347632998186,79604.8
2026-05-13 20:00:00,9281.347632998186,79671.4
2026-05-13 21:00:00,9281.347632998186,79363.2
2026-05-13 22:00:00,9281.347632998186,79395.1
2026-05-13 23:00:00,9281.347632998186,79288.3
2026-05-14 00:00:00,9281.347632998186,79540.0
2026-05-14 01:00:00,9281.347632998186,79565.9
2026-05-14 02:00:00,9281.347632998186,79329.0
2026-05-14 03:00:00,9281.347632998186,79005.3
2026-05-14 04:00:00,9281.347632998186,79403.7
2026-05-14 05:00:00,9281.347632998186,79771.5
2026-05-14 06:00:00,9281.347632998186,79769.7
2026-05-14 07:00:00,9281.347632998186,79699.9
2026-05-14 08:00:00,9281.347632998186,79776.8
2026-05-14 09:00:00,9281.347632998186,79594.9
2026-05-14 10:00:00,9281.347632998186,79530.0
2026-05-14 11:00:00,9281.347632998186,79216.6
2026-05-14 12:00:00,9281.347632998186,79719.4
2026-05-14 13:00:00,9281.347632998186,79660.9
2026-05-14 14:00:00,9281.347632998186,80929.5
2026-05-14 15:00:00,9281.347632998186,81245.5
2026-05-14 16:00:00,9281.347632998186,81839.3
2026-05-14 17:00:00,9281.347632998186,81620.0
2026-05-14 18:00:00,9281.347632998186,81529.9
2026-05-14 19:00:00,9281.347632998186,81373.7
2026-05-14 20:00:00,9281.347632998186,81371.9
2026-05-14 21:00:00,9281.347632998186,81352.0
2026-05-14 22:00:00,9281.347632998186,81418.9
2026-05-14 23:00:00,9281.347632998186,81048.9
2026-05-15 00:00:00,9281.347632998186,81468.7
2026-05-15 01:00:00,9281.347632998186,81092.1
2026-05-15 02:00:00,9281.347632998186,81262.0
2026-05-15 03:00:00,9281.347632998186,81022.7
2026-05-15 04:00:00,9281.347632998186,80682.2
2026-05-15 05:00:00,9281.347632998186,80320.1
2026-05-15 06:00:00,9281.347632998186,80541.8
2026-05-15 07:00:00,9281.347632998186,80782.8
2026-05-15 08:00:00,9281.347632998186,80606.3
2026-05-15 09:00:00,9281.347632998186,80449.8
2026-05-15 10:00:00,9281.347632998186,80670.1
2026-05-15 11:00:00,9281.347632998186,80582.1
2026-05-15 12:00:00,9281.347632998186,80349.9
2026-05-15 13:00:00,9281.347632998186,78727.8
2026-05-15 14:00:00,9281.347632998186,79120.6
2026-05-15 15:00:00,9281.347632998186,79118.0
2026-05-15 16:00:00,9281.347632998186,79264.7
2026-05-15 17:00:00,9281.347632998186,79432.1
2026-05-15 18:00:00,9281.347632998186,79241.2
2026-05-15 19:00:00,9281.347632998186,79104.2
2026-05-15 20:00:00,9281.347632998186,79081.1
2026-05-15 21:00:00,9281.347632998186,78931.3
2026-05-15 22:00:00,9281.347632998186,79070.1
2026-05-15 23:00:00,9281.347632998186,79074.0
2026-05-16 00:00:00,9281.347632998186,79075.6
2026-05-16 01:00:00,9281.347632998186,79128.5
2026-05-16 02:00:00,9281.347632998186,79113.9
2026-05-16 03:00:00,9281.347632998186,79041.7
2026-05-16 04:00:00,9281.347632998186,78999.9
2026-05-16 05:00:00,9281.347632998186,78989.9
2026-05-16 06:00:00,9281.347632998186,78610.2
2026-05-16 07:00:00,9281.347632998186,78334.3
2026-05-16 08:00:00,9281.347632998186,78389.5
2026-05-16 09:00:00,9281.347632998186,78052.1
2026-05-16 10:00:00,9281.347632998186,77937.6
2026-05-16 11:00:00,9281.347632998186,78042.5
2026-05-16 12:00:00,9281.347632998186,77980.0
2026-05-16 13:00:00,9281.347632998186,77987.9
2026-05-16 14:00:00,9281.347632998186,78090.3
2026-05-16 15:00:00,9281.347632998186,78194.1
2026-05-16 16:00:00,9281.347632998186,78167.7
2026-05-16 17:00:00,9281.347632998186,78159.2
2026-05-16 18:00:00,9281.347632998186,78200.0
2026-05-16 19:00:00,9281.347632998186,78223.8
2026-05-16 20:00:00,9281.347632998186,78214.7
2026-05-16 21:00:00,9281.347632998186,78229.2
2026-05-16 22:00:00,9281.347632998186,78143.5
2026-05-16 23:00:00,9281.347632998186,78104.2
2026-05-17 00:00:00,9281.347632998186,77915.4
2026-05-17 01:00:00,9281.347632998186,77688.1
2026-05-17 02:00:00,9281.347632998186,77856.3
2026-05-17 03:00:00,9281.347632998186,77990.2
2026-05-17 04:00:00,9281.347632998186,78117.4
2026-05-17 05:00:00,9281.347632998186,78087.7
2026-05-17 06:00:00,9281.347632998186,78071.6
2026-05-17 07:00:00,9281.347632998186,78137.2
2026-05-17 08:00:00,9281.347632998186,78050.7
2026-05-17 09:00:00,9281.347632998186,78214.3
2026-05-17 10:00:00,9281.347632998186,78423.0
2026-05-17 11:00:00,9281.347632998186,78371.5
2026-05-17 12:00:00,9281.347632998186,78326.9
2026-05-17 13:00:00,9281.347632998186,78165.0
2026-05-17 14:00:00,9281.347632998186,78009.6
2026-05-17 15:00:00,9281.347632998186,78006.9
2026-05-17 16:00:00,9281.347632998186,77995.0
2026-05-17 17:00:00,9281.347632998186,78044.8
2026-05-17 18:00:00,9281.347632998186,78226.2
2026-05-17 19:00:00,9281.347632998186,78369.0
2026-05-17 20:00:00,9281.347632998186,78230.0
2026-05-17 21:00:00,9281.347632998186,78365.4
2026-05-17 22:00:00,9281.347632998186,77961.6
2026-05-17 23:00:00,9281.347632998186,77430.4
2026-05-18 00:00:00,9281.347632998186,77175.7
2026-05-18 01:00:00,9281.347632998186,77084.5
2026-05-18 02:00:00,9281.347632998186,76809.4
2026-05-18 03:00:00,9281.347632998186,76900.0
2026-05-18 04:00:00,9281.347632998186,77000.2
2026-05-18 05:00:00,9281.347632998186,76886.5
2026-05-18 06:00:00,9281.347632998186,76881.3
2026-05-18 07:00:00,9281.347632998186,77039.4
2026-05-18 08:00:00,9281.347632998186,77001.0
2026-05-18 09:00:00,9281.347632998186,76901.4
2026-05-18 10:00:00,9281.347632998186,76733.2
2026-05-18 11:00:00,9281.347632998186,77255.0
2026-05-18 12:00:00,9281.347632998186,77599.9
2026-05-18 13:00:00,9281.347632998186,76914.0
2026-05-18 14:00:00,9281.347632998186,76369.8
2026-05-18 15:00:00,9281.347632998186,76393.5
2026-05-18 16:00:00,9281.347632998186,76377.3
2026-05-18 17:00:00,9281.347632998186,76671.1
2026-05-18 18:00:00,9281.347632998186,76221.6
2026-05-18 19:00:00,9281.347632998186,76898.5
2026-05-18 20:00:00,9281.347632998186,76868.1
2026-05-18 21:00:00,9281.347632998186,77063.1
2026-05-18 22:00:00,9281.347632998186,77045.1
2026-05-18 23:00:00,9281.347632998186,76963.2
2026-05-19 00:00:00,9281.347632998186,77102.6
2026-05-19 01:00:00,9281.347632998186,76635.4
2026-05-19 02:00:00,9281.347632998186,76586.2
2026-05-19 03:00:00,9281.347632998186,76749.9
2026-05-19 04:00:00,9281.347632998186,76889.4
2026-05-19 05:00:00,9281.347632998186,76872.8
2026-05-19 06:00:00,9281.347632998186,76985.2
2026-05-19 07:00:00,9281.347632998186,77200.4
2026-05-19 08:00:00,9281.347632998186,77015.8
2026-05-19 09:00:00,9281.347632998186,76787.4
2026-05-19 10:00:00,9281.347632998186,77005.8
2026-05-19 11:00:00,9281.347632998186,76677.1
2026-05-19 12:00:00,9281.347632998186,76901.3
2026-05-19 13:00:00,9281.347632998186,76846.1
2026-05-19 14:00:00,9281.347632998186,76365.7
2026-05-19 15:00:00,9281.347632998186,76487.9
2026-05-19 16:00:00,9281.347632998186,76858.3
2026-05-19 17:00:00,9281.347632998186,76821.2
2026-05-19 18:00:00,9281.347632998186,76764.2
2026-05-19 19:00:00,9281.347632998186,76780.0
2026-05-19 20:00:00,9281.347632998186,76976.3
2026-05-19 21:00:00,9281.347632998186,76942.4
2026-05-19 22:00:00,9281.347632998186,76676.1
2026-05-19 23:00:00,9281.347632998186,76799.9
2026-05-20 00:00:00,9281.347632998186,76760.9
2026-05-20 01:00:00,9281.347632998186,76787.5
2026-05-20 02:00:00,9281.347632998186,76654.5
2026-05-20 03:00:00,9281.347632998186,76689.6
2026-05-20 04:00:00,9281.347632998186,76748.1
2026-05-20 05:00:00,9281.347632998186,77170.4
2026-05-20 06:00:00,9281.347632998186,77379.8
2026-05-20 07:00:00,9281.347632998186,77249.9
2026-05-20 08:00:00,9281.347632998186,77430.0
2026-05-20 09:00:00,9281.347632998186,77449.9
2026-05-20 10:00:00,9281.347632998186,77475.8
2026-05-20 11:00:00,9281.347632998186,77351.2
2026-05-20 12:00:00,9281.347632998186,77590.2
2026-05-20 13:00:00,9281.347632998186,77175.3
2026-05-20 14:00:00,9281.347632998186,77410.0
2026-05-20 15:00:00,9281.347632998186,77423.0
2026-05-20 16:00:00,9281.347632998186,77301.0
2026-05-20 17:00:00,9281.347632998186,77537.1
2026-05-20 18:00:00,9281.347632998186,77375.5
2026-05-20 19:00:00,9281.347632998186,77630.6
2026-05-20 20:00:00,9281.347632998186,77679.6
2026-05-20 21:00:00,9281.347632998186,77464.5
2026-05-20 22:00:00,9281.347632998186,77468.2
2026-05-20 23:00:00,9281.347632998186,77510.3
2026-05-21 00:00:00,9281.347632998186,77929.1
2026-05-21 01:00:00,9281.347632998186,77818.1
2026-05-21 02:00:00,9281.347632998186,77915.5
2026-05-21 03:00:00,9281.347632998186,78039.1
2026-05-21 04:00:00,9281.347632998186,77993.5
2026-05-21 05:00:00,9281.347632998186,77795.0
2026-05-21 06:00:00,9281.347632998186,77591.7
2026-05-21 07:00:00,9281.347632998186,77846.2
2026-05-21 08:00:00,9281.347632998186,77888.1
2026-05-21 09:00:00,9281.347632998186,77596.8
2026-05-21 10:00:00,9281.347632998186,77172.6
2026-05-21 11:00:00,9281.347632998186,77157.4
2026-05-21 12:00:00,9281.347632998186,77244.0
2026-05-21 13:00:00,9281.347632998186,77090.1
2026-05-21 14:00:00,9281.347632998186,76944.0
2026-05-21 15:00:00,9281.347632998186,77224.3
2026-05-21 16:00:00,9281.347632998186,77166.7
2026-05-21 17:00:00,9281.347632998186,77831.1
2026-05-21 18:00:00,9281.347632998186,77354.5
2026-05-21 19:00:00,9281.347632998186,77657.1
2026-05-21 20:00:00,9281.347632998186,77671.4
2026-05-21 21:00:00,9281.347632998186,77636.2
2026-05-21 22:00:00,9281.347632998186,77589.6
2026-05-21 23:00:00,9281.347632998186,77586.2
2026-05-22 00:00:00,9281.347632998186,77344.7
2026-05-22 01:00:00,9281.347632998186,77580.0
2026-05-22 02:00:00,9281.347632998186,77638.2
2026-05-22 03:00:00,9281.347632998186,77740.0
2026-05-22 04:00:00,9281.347632998186,77619.9
2026-05-22 05:00:00,9281.347632998186,77450.0
2026-05-22 06:00:00,9281.347632998186,77386.0
2026-05-22 07:00:00,9281.347632998186,77366.9
2026-05-22 08:00:00,9281.347632998186,77237.6
2026-05-22 09:00:00,9281.347632998186,77269.8
2026-05-22 10:00:00,9281.347632998186,77282.0
2026-05-22 11:00:00,9281.347632998186,77394.8
2026-05-22 12:00:00,9281.347632998186,77491.3
2026-05-22 13:00:00,9281.347632998186,77255.6
2026-05-22 14:00:00,9281.347632998186,76734.6
2026-05-22 15:00:00,9281.347632998186,76756.5
2026-05-22 16:00:00,9281.347632998186,76913.8
2026-05-22 17:00:00,9281.347632998186,76714.5
2026-05-22 18:00:00,9281.347632998186,76498.6
2026-05-22 19:00:00,9281.347632998186,75827.1
2026-05-22 20:00:00,9281.347632998186,75939.4
2026-05-22 21:00:00,9281.347632998186,75940.0
2026-05-22 22:00:00,9281.347632998186,75704.0
2026-05-22 23:00:00,9281.347632998186,75513.1
2026-05-23 00:00:00,9281.347632998186,75329.2
2026-05-23 01:00:00,9281.347632998186,75460.9
2026-05-23 02:00:00,9281.347632998186,75542.9
2026-05-23 03:00:00,9281.347632998186,75599.1
2026-05-23 04:00:00,9281.347632998186,75506.0
2026-05-23 05:00:00,9281.347632998186,75448.0
2026-05-23 06:00:00,9281.347632998186,75368.0
2026-05-23 07:00:00,9281.347632998186,74573.1
2026-05-23 08:00:00,9281.347632998186,74655.0
2026-05-23 09:00:00,9281.347632998186,74630.2
2026-05-23 10:00:00,9281.347632998186,74687.7
2026-05-23 11:00:00,9281.347632998186,74763.3
2026-05-23 12:00:00,9281.347632998186,74726.0
2026-05-23 13:00:00,9281.347632998186,75180.7
2026-05-23 14:00:00,9281.347632998186,75500.4
2026-05-23 15:00:00,9281.347632998186,75486.9
2026-05-23 16:00:00,9281.347632998186,75406.4
2026-05-23 17:00:00,9281.347632998186,75457.1
2026-05-23 18:00:00,9281.347632998186,75812.4
2026-05-23 19:00:00,9281.347632998186,75949.5
2026-05-23 20:00:00,9281.347632998186,77246.9
2026-05-23 21:00:00,9281.347632998186,76778.0
2026-05-23 22:00:00,9281.347632998186,76553.0
2026-05-23 23:00:00,9281.347632998186,76715.2
2026-05-24 00:00:00,9281.347632998186,76812.5
2026-05-24 01:00:00,9281.347632998186,76855.9
2026-05-24 02:00:00,9281.347632998186,76790.0
2026-05-24 03:00:00,9281.347632998186,76702.8
2026-05-24 04:00:00,9281.347632998186,76748.0
2026-05-24 05:00:00,9281.347632998186,76780.4
2026-05-24 06:00:00,9281.347632998186,76956.1
2026-05-24 07:00:00,9281.347632998186,76771.3
2026-05-24 08:00:00,9281.347632998186,76800.7
2026-05-24 09:00:00,9281.347632998186,76991.8
2026-05-24 10:00:00,9281.347632998186,77163.4
2026-05-24 11:00:00,9281.347632998186,77289.5
2026-05-24 12:00:00,9281.347632998186,77077.9
2026-05-24 13:00:00,9281.347632998186,76765.0
2026-05-24 14:00:00,9281.347632998186,76428.2
2026-05-24 15:00:00,9281.347632998186,76343.7
2026-05-24 16:00:00,9281.347632998186,76645.1
2026-05-24 17:00:00,9281.347632998186,76661.6
2026-05-24 18:00:00,9281.347632998186,76632.4
2026-05-24 19:00:00,9281.347632998186,76738.5
2026-05-24 20:00:00,9281.347632998186,76639.1
2026-05-24 21:00:00,9281.347632998186,76106.0
2026-05-24 22:00:00,9281.347632998186,76771.2
2026-05-24 23:00:00,9281.347632998186,77030.3
2026-05-25 00:00:00,9281.347632998186,77120.0
2026-05-25 01:00:00,9281.347632998186,76905.6
2026-05-25 02:00:00,9281.347632998186,77064.1
2026-05-25 03:00:00,9281.347632998186,76989.0
2026-05-25 04:00:00,9281.347632998186,77357.0
2026-05-25 05:00:00,9281.347632998186,77370.0
2026-05-25 06:00:00,9281.347632998186,77386.1
2026-05-25 07:00:00,9281.347632998186,77377.0
2026-05-25 08:00:00,9281.347632998186,77422.3
2026-05-25 09:00:00,9281.347632998186,77565.0
2026-05-25 10:00:00,9281.347632998186,77500.0
2026-05-25 11:00:00,9281.347632998186,77318.2
2026-05-25 12:00:00,9281.347632998186,77325.7
2026-05-25 13:00:00,9281.347632998186,77302.1
2026-05-25 14:00:00,9281.347632998186,77676.4
2026-05-25 15:00:00,9281.347632998186,77587.2
2026-05-25 16:00:00,9281.347632998186,77694.5
2026-05-25 17:00:00,9281.347632998186,77523.2
2026-05-25 18:00:00,9281.347632998186,77511.7
2026-05-25 19:00:00,9281.347632998186,77403.3
2026-05-25 20:00:00,9281.347632998186,77243.7
2026-05-25 21:00:00,9281.347632998186,77340.8
2026-05-25 22:00:00,9281.347632998186,77084.7
2026-05-25 23:00:00,9281.347632998186,77281.5
2026-05-26 00:00:00,9281.347632998186,76750.1
2026-05-26 01:00:00,9281.347632998186,76717.8
2026-05-26 02:00:00,9281.347632998186,76630.7
2026-05-26 03:00:00,9281.347632998186,76629.0
2026-05-26 04:00:00,9281.347632998186,76713.9
2026-05-26 05:00:00,9281.347632998186,76887.3
2026-05-26 06:00:00,9281.347632998186,76869.8
2026-05-26 07:00:00,9281.347632998186,76685.1
2026-05-26 08:00:00,9281.347632998186,76687.9
2026-05-26 09:00:00,9281.347632998186,76641.0
2026-05-26 10:00:00,9281.347632998186,77398.6
2026-05-26 11:00:00,9281.347632998186,77153.9
2026-05-26 12:00:00,9281.347632998186,77098.9
2026-05-26 13:00:00,9281.347632998186,77199.2
2026-05-26 14:00:00,9281.347632998186,76873.6
2026-05-26 15:00:00,9281.347632998186,76478.2
2026-05-26 16:00:00,9281.347632998186,76534.6
2026-05-26 17:00:00,9281.347632998186,75909.6
2026-05-26 18:00:00,9281.347632998186,75822.6
2026-05-26 19:00:00,9281.347632998186,76028.3
2026-05-26 20:00:00,9281.347632998186,76082.0
2026-05-26 21:00:00,9281.347632998186,75864.0
2026-05-26 22:00:00,9281.347632998186,75729.6
2026-05-26 23:00:00,9281.347632998186,75905.5
2026-05-27 00:00:00,9281.347632998186,76055.3
2026-05-27 01:00:00,9281.347632998186,75846.6
2026-05-27 02:00:00,9281.347632998186,75850.9
2026-05-27 03:00:00,9281.347632998186,75635.6
2026-05-27 04:00:00,9281.347632998186,75542.9
2026-05-27 05:00:00,9281.347632998186,75676.4
2026-05-27 06:00:00,9281.347632998186,75800.0
2026-05-27 07:00:00,9281.347632998186,75935.0
2026-05-27 08:00:00,9281.347632998186,75838.4
2026-05-27 09:00:00,9281.347632998186,75875.6
2026-05-27 10:00:00,9281.347632998186,75863.7
2026-05-27 11:00:00,9281.347632998186,75737.9
2026-05-27 12:00:00,9281.347632998186,75655.0
2026-05-27 13:00:00,9281.347632998186,75054.3
2026-05-27 14:00:00,9281.347632998186,75000.7
2026-05-27 15:00:00,9281.347632998186,75300.0
2026-05-27 16:00:00,9281.347632998186,75273.9
2026-05-27 17:00:00,9281.347632998186,74838.2
2026-05-27 18:00:00,9281.347632998186,75000.0
2026-05-27 19:00:00,9281.347632998186,75039.9
2026-05-27 20:00:00,9281.347632998186,75237.6
2026-05-27 21:00:00,9281.347632998186,74439.9
2026-05-27 22:00:00,9281.347632998186,74390.0
2026-05-27 23:00:00,9281.347632998186,74418.1
2026-05-28 00:00:00,9281.347632998186,74541.6
2026-05-28 01:00:00,9281.347632998186,74313.0
2026-05-28 02:00:00,9281.347632998186,74256.6
2026-05-28 03:00:00,9281.347632998186,73224.5
2026-05-28 04:00:00,9281.347632998186,73145.1
2026-05-28 05:00:00,9281.347632998186,72959.9
2026-05-28 06:00:00,9281.347632998186,73170.9
2026-05-28 07:00:00,9281.347632998186,73467.0
2026-05-28 08:00:00,9281.347632998186,73294.0
2026-05-28 09:00:00,9281.347632998186,73514.1
2026-05-28 10:00:00,9281.347632998186,73375.2
2026-05-28 11:00:00,9281.347632998186,73479.1
2026-05-28 12:00:00,9281.347632998186,73496.5
2026-05-28 13:00:00,9281.347632998186,72988.5
2026-05-28 14:00:00,9281.347632998186,72997.5
2026-05-28 15:00:00,9281.347632998186,72899.1
2026-05-28 16:00:00,9281.347632998186,73415.0
2026-05-28 17:00:00,9281.347632998186,73518.2
2026-05-28 18:00:00,9281.347632998186,73626.4
2026-05-28 19:00:00,9281.347632998186,73393.5
2026-05-28 20:00:00,9281.347632998186,73553.5
2026-05-28 21:00:00,9281.347632998186,73796.3
2026-05-28 22:00:00,9281.347632998186,73448.7
2026-05-28 23:00:00,9281.347632998186,73591.4
2026-05-29 00:00:00,9281.347632998186,73693.8
2026-05-29 01:00:00,9281.347632998186,73558.5
2026-05-29 02:00:00,9281.347632998186,73201.9
2026-05-29 03:00:00,9281.347632998186,73269.2
2026-05-29 04:00:00,9281.347632998186,73466.4
2026-05-29 05:00:00,9281.347632998186,73663.0
2026-05-29 06:00:00,9281.347632998186,73752.5
2026-05-29 07:00:00,9281.347632998186,73488.0
2026-05-29 08:00:00,9281.347632998186,73625.2
2026-05-29 09:00:00,9281.347632998186,73707.8
2026-05-29 10:00:00,9281.347632998186,73601.9
2026-05-29 11:00:00,9281.347632998186,73447.6
2026-05-29 12:00:00,9281.347632998186,73260.0
2026-05-29 13:00:00,9281.347632998186,73114.6
2026-05-29 14:00:00,9281.347632998186,73065.8
2026-05-29 15:00:00,9281.347632998186,73775.4
2026-05-29 16:00:00,9281.347632998186,74022.0
2026-05-29 17:00:00,9281.347632998186,73954.3
2026-05-29 18:00:00,9281.347632998186,73343.0
2026-05-29 19:00:00,9281.347632998186,73489.0
2026-05-29 20:00:00,9281.347632998186,73644.9
2026-05-29 21:00:00,9281.347632998186,73385.3
2026-05-29 22:00:00,9281.347632998186,73446.5
2026-05-29 23:00:00,9281.347632998186,73428.2
2026-05-30 00:00:00,9281.347632998186,73463.3
2026-05-30 01:00:00,9281.347632998186,73623.6
2026-05-30 02:00:00,9281.347632998186,73747.4
2026-05-30 03:00:00,9281.347632998186,73492.4
2026-05-30 04:00:00,9281.347632998186,73365.9
2026-05-30 05:00:00,9281.347632998186,73567.5
2026-05-30 06:00:00,9281.347632998186,73550.7
2026-05-30 07:00:00,9281.347632998186,73513.9
2026-05-30 08:00:00,9281.347632998186,73491.6
2026-05-30 09:00:00,9281.347632998186,73576.8
2026-05-30 10:00:00,9281.347632998186,73615.4
2026-05-30 11:00:00,9281.347632998186,73567.9
2026-05-30 12:00:00,9281.347632998186,73661.5
2026-05-30 13:00:00,9281.347632998186,73805.0
2026-05-30 14:00:00,9281.347632998186,73901.0
2026-05-30 15:00:00,9281.347632998186,73888.0
2026-05-30 16:00:00,9281.347632998186,73899.9
2026-05-30 17:00:00,9281.347632998186,73982.0
2026-05-30 18:00:00,9281.347632998186,74007.5
2026-05-30 19:00:00,9281.347632998186,73980.1
2026-05-30 20:00:00,9281.347632998186,73944.5
2026-05-30 21:00:00,9281.347632998186,73954.8
2026-05-30 22:00:00,9281.347632998186,73849.8
2026-05-30 23:00:00,9281.347632998186,73856.8
2026-05-31 00:00:00,9281.347632998186,74003.7
2026-05-31 01:00:00,9281.347632998186,74021.1
2026-05-31 02:00:00,9281.347632998186,74060.9
2026-05-31 03:00:00,9281.347632998186,74107.6
2026-05-31 04:00:00,9281.347632998186,74144.3
2026-05-31 05:00:00,9281.347632998186,74027.9
2026-05-31 06:00:00,9281.347632998186,74020.0
2026-05-31 07:00:00,9281.347632998186,73833.3
2026-05-31 08:00:00,9281.347632998186,73913.4
2026-05-31 09:00:00,9281.347632998186,73814.5
2026-05-31 10:00:00,9281.347632998186,73871.5
2026-05-31 11:00:00,9281.347632998186,73913.6
2026-05-31 12:00:00,9281.347632998186,73892.1
2026-05-31 13:00:00,9281.347632998186,73841.0
2026-05-31 14:00:00,9281.347632998186,73570.3
2026-05-31 15:00:00,9281.347632998186,73613.5
2026-05-31 16:00:00,9281.347632998186,73499.9
2026-05-31 17:00:00,9281.347632998186,73681.3
2026-05-31 18:00:00,9281.347632998186,73573.8
2026-05-31 19:00:00,9281.347632998186,73521.9
2026-05-31 20:00:00,9281.347632998186,73710.9
2026-05-31 21:00:00,9281.347632998186,73860.6
2026-05-31 22:00:00,9281.347632998186,73918.5
2026-05-31 23:00:00,9281.347632998186,73653.2
2026-06-01 00:00:00,9281.347632998186,73855.0
2026-06-01 01:00:00,9281.347632998186,73257.8
2026-06-01 02:00:00,9281.347632998186,73766.3
2026-06-01 03:00:00,9281.347632998186,73731.3
2026-06-01 04:00:00,9281.347632998186,73497.6
2026-06-01 05:00:00,9281.347632998186,73319.5
2026-06-01 06:00:00,9281.347632998186,73106.6
2026-06-01 07:00:00,9281.347632998186,72776.1
2026-06-01 08:00:00,9281.347632998186,72875.7
2026-06-01 09:00:00,9281.347632998186,72855.2
2026-06-01 10:00:00,9281.347632998186,72725.9
2026-06-01 11:00:00,9281.347632998186,72452.8
2026-06-01 12:00:00,9281.347632998186,72193.1
2026-06-01 13:00:00,9281.347632998186,71698.7
2026-06-01 14:00:00,9281.347632998186,71548.5
2026-06-01 15:00:00,9281.347632998186,71099.4
2026-06-01 16:00:00,9281.347632998186,71537.7
2026-06-01 17:00:00,9281.347632998186,71617.9
2026-06-01 18:00:00,9281.347632998186,71470.1
2026-06-01 19:00:00,9281.347632998186,71571.0
2026-06-01 20:00:00,9281.347632998186,71419.8
2026-06-01 21:00:00,9281.347632998186,71004.6
2026-06-01 22:00:00,9281.347632998186,71376.6
2026-06-01 23:00:00,9281.347632998186,71391.5
2026-06-02 00:00:00,9281.347632998186,71266.6
2026-06-02 01:00:00,9281.347632998186,70615.2
2026-06-02 02:00:00,9281.347632998186,70820.0
2026-06-02 03:00:00,9281.347632998186,70920.7
2026-06-02 04:00:00,9281.347632998186,70782.3
2026-06-02 05:00:00,9281.347632998186,70235.1
2026-06-02 06:00:00,9281.347632998186,70076.7
2026-06-02 07:00:00,9281.347632998186,70079.4
2026-06-02 08:00:00,9281.347632998186,69794.4
2026-06-02 09:00:00,9281.347632998186,69393.2
2026-06-02 10:00:00,9281.347632998186,69620.8
2026-06-02 11:00:00,9281.347632998186,69430.2
2026-06-02 12:00:00,9281.347632998186,68985.5
2026-06-02 13:00:00,9281.347632998186,68788.9
2026-06-02 14:00:00,9281.347632998186,67990.0
2026-06-02 15:00:00,9281.347632998186,67274.0
2026-06-02 16:00:00,9281.347632998186,67393.0
2026-06-02 17:00:00,9281.347632998186,67466.0
2026-06-02 18:00:00,9281.347632998186,67315.5
2026-06-02 19:00:00,9281.347632998186,67286.7
2026-06-02 20:00:00,9281.347632998186,67556.0
2026-06-02 21:00:00,9281.347632998186,67532.1
2026-06-02 22:00:00,9281.347632998186,66354.2
2026-06-02 23:00:00,9281.347632998186,66730.0
2026-06-03 00:00:00,9281.347632998186,66900.2
2026-06-03 01:00:00,9281.347632998186,66890.8
2026-06-03 02:00:00,9281.347632998186,66588.0
2026-06-03 03:00:00,9281.347632998186,65818.4
2026-06-03 04:00:00,9281.347632998186,66439.2
2026-06-03 05:00:00,9281.347632998186,67290.2
2026-06-03 06:00:00,9281.347632998186,66949.3
2026-06-03 07:00:00,9281.347632998186,67186.7
2026-06-03 08:00:00,9281.347632998186,66987.7
2026-06-03 09:00:00,9281.347632998186,67040.9
2026-06-03 10:00:00,9281.347632998186,67260.0
2026-06-03 11:00:00,9281.347632998186,67040.1
2026-06-03 12:00:00,9281.347632998186,67050.8
2026-06-03 13:00:00,9281.347632998186,66884.8
2026-06-03 14:00:00,9281.347632998186,66840.9
2026-06-03 15:00:00,9281.347632998186,66046.5
2026-06-03 16:00:00,9281.347632998186,66037.4
2026-06-03 17:00:00,9281.347632998186,65934.0
2026-06-03 18:00:00,9281.347632998186,66006.6
2026-06-03 19:00:00,9281.347632998186,65428.6
2026-06-03 20:00:00,9281.347632998186,64971.7
2026-06-03 21:00:00,9281.347632998186,65738.6
2026-06-03 22:00:00,9281.347632998186,64882.1
2026-06-03 23:00:00,9281.347632998186,64117.7
2026-06-04 00:00:00,9281.347632998186,63314.4
2026-06-04 01:00:00,9281.347632998186,62140.3
2026-06-04 02:00:00,9281.347632998186,63198.4
2026-06-04 03:00:00,9281.347632998186,64336.2
2026-06-04 04:00:00,9281.347632998186,64364.0
2026-06-04 05:00:00,9281.347632998186,63927.6
2026-06-04 06:00:00,9281.347632998186,64007.2
2026-06-04 07:00:00,9281.347632998186,63561.7
2026-06-04 08:00:00,9281.347632998186,63595.5
2026-06-04 09:00:00,9281.347632998186,63237.4
2026-06-04 10:00:00,9281.347632998186,62391.6
2026-06-04 11:00:00,9281.347632998186,62520.7
2026-06-04 12:00:00,9281.347632998186,63738.1
2026-06-04 13:00:00,9281.347632998186,64202.7
2026-06-04 14:00:00,9281.347632998186,63923.9
2026-06-04 15:00:00,9281.347632998186,63864.8
2026-06-04 16:00:00,9281.347632998186,63529.4
2026-06-04 17:00:00,9281.347632998186,63511.2
2026-06-04 18:00:00,9281.347632998186,63791.1
2026-06-04 19:00:00,9281.347632998186,63600.3
2026-06-04 20:00:00,9281.347632998186,63600.8
2026-06-04 21:00:00,9281.347632998186,63250.2
2026-06-04 22:00:00,9281.347632998186,63702.2
2026-06-04 23:00:00,9281.347632998186,63853.4
2026-06-05 00:00:00,9281.347632998186,63398.3
2026-06-05 01:00:00,9281.347632998186,63347.0
2026-06-05 02:00:00,9281.347632998186,62585.5
2026-06-05 03:00:00,9281.347632998186,62699.7
2026-06-05 04:00:00,9281.347632998186,63588.9
2026-06-05 05:00:00,9281.347632998186,62294.4
2026-06-05 06:00:00,9281.347632998186,61916.8
2026-06-05 07:00:00,9281.347632998186,63075.6
2026-06-05 08:00:00,9281.347632998186,62429.9
2026-06-05 09:00:00,9281.347632998186,62832.5
2026-06-05 10:00:00,9281.347632998186,62510.1
2026-06-05 11:00:00,9281.347632998186,61929.5
2026-06-05 12:00:00,9281.347632998186,61939.7
2026-06-05 13:00:00,9281.347632998186,60700.4
2026-06-05 14:00:00,9281.347632998186,60832.7
2026-06-05 15:00:00,9281.347632998186,60400.8
2026-06-05 16:00:00,9281.347632998186,61358.1
2026-06-05 17:00:00,9281.347632998186,60786.5
2026-06-05 18:00:00,9281.347632998186,59362.2
2026-06-05 19:00:00,9281.347632998186,60267.7
2026-06-05 20:00:00,9281.347632998186,61586.2
2026-06-05 21:00:00,9281.347632998186,61639.5
2026-06-05 22:00:00,9281.347632998186,61556.6
2026-06-05 23:00:00,9281.347632998186,61022.0
2026-06-06 00:00:00,9281.347632998186,61238.4
2026-06-06 01:00:00,9281.347632998186,61025.6
2026-06-06 02:00:00,9281.347632998186,60918.4
2026-06-06 03:00:00,9281.347632998186,60662.6
2026-06-06 04:00:00,9281.347632998186,60068.4
2026-06-06 05:00:00,9281.347632998186,60918.9
2026-06-06 06:00:00,9281.347632998186,60771.8
2026-06-06 07:00:00,9281.347632998186,60975.2
2026-06-06 08:00:00,9281.347632998186,61239.6
2026-06-06 09:00:00,9281.347632998186,60956.7
2026-06-06 10:00:00,9281.347632998186,60555.3
2026-06-06 11:00:00,9281.347632998186,60773.5
2026-06-06 12:00:00,9281.347632998186,61003.6
2026-06-06 13:00:00,9281.347632998186,60779.5
2026-06-06 14:00:00,9281.347632998186,60762.5
2026-06-06 15:00:00,9281.347632998186,60754.1
2026-06-06 16:00:00,9281.347632998186,60749.8
2026-06-06 17:00:00,9281.347632998186,60553.3
2026-06-06 18:00:00,9281.347632998186,60606.0
2026-06-06 19:00:00,9281.347632998186,60563.9
2026-06-06 20:00:00,9281.347632998186,60678.5
2026-06-06 21:00:00,9281.347632998186,60719.3
2026-06-06 22:00:00,9281.347632998186,60513.0
2026-06-06 23:00:00,9281.347632998186,60849.7
2026-06-07 00:00:00,9281.347632998186,60748.3
2026-06-07 01:00:00,9281.347632998186,61452.5
2026-06-07 02:00:00,9281.347632998186,61469.2
2026-06-07 03:00:00,9281.347632998186,61671.1
2026-06-07 04:00:00,9281.347632998186,61854.1
2026-06-07 05:00:00,9281.347632998186,61709.2
2026-06-07 06:00:00,9281.347632998186,62080.1
2026-06-07 07:00:00,9281.347632998186,62366.0
2026-06-07 08:00:00,9281.347632998186,62823.0
2026-06-07 09:00:00,9281.347632998186,62510.0
2026-06-07 10:00:00,9281.347632998186,62343.7
2026-06-07 11:00:00,9281.347632998186,62598.8
2026-06-07 12:00:00,9281.347632998186,61871.1
2026-06-07 13:00:00,9281.347632998186,61675.0
2026-06-07 14:00:00,9281.347632998186,61872.0
2026-06-07 15:00:00,9281.347632998186,62071.6
2026-06-07 16:00:00,9281.347632998186,62054.2
2026-06-07 17:00:00,9281.347632998186,62129.6
2026-06-07 18:00:00,9281.347632998186,62001.6
2026-06-07 19:00:00,9281.347632998186,61303.8
2026-06-07 20:00:00,9281.347632998186,61843.0
2026-06-07 21:00:00,9281.347632998186,61755.0
2026-06-07 22:00:00,9281.347632998186,62833.5
2026-06-07 23:00:00,9281.347632998186,63298.5
2026-06-08 00:00:00,9281.347632998186,63599.2
2026-06-08 01:00:00,9281.347632998186,63188.0
2026-06-08 02:00:00,9281.347632998186,63097.2
2026-06-08 03:00:00,9281.347632998186,63101.6
2026-06-08 04:00:00,9281.347632998186,62654.7
2026-06-08 05:00:00,9281.347632998186,62740.8
2026-06-08 06:00:00,9281.347632998186,62958.8
2026-06-08 07:00:00,9281.347632998186,63259.9
2026-06-08 08:00:00,9281.347632998186,63100.8
2026-06-08 09:00:00,9281.347632998186,63469.9
2026-06-08 10:00:00,9281.347632998186,63131.5
2026-06-08 11:00:00,9281.347632998186,63450.1
2026-06-08 12:00:00,9281.347632998186,63844.5
2026-06-08 13:00:00,9281.347632998186,63720.6
2026-06-08 14:00:00,9281.347632998186,63933.7
2026-06-08 15:00:00,9281.347632998186,63745.4
2026-06-08 16:00:00,9281.347632998186,63496.8
2026-06-08 17:00:00,9281.347632998186,63519.2
2026-06-08 18:00:00,9281.347632998186,63438.0
2026-06-08 19:00:00,9281.347632998186,63348.2
2026-06-08 20:00:00,9281.347632998186,63459.1
2026-06-08 21:00:00,9281.347632998186,63690.8
2026-06-08 22:00:00,9281.347632998186,63407.5
2026-06-08 23:00:00,9281.347632998186,63057.9
2026-06-09 00:00:00,9281.347632998186,62522.6
2026-06-09 01:00:00,9281.347632998186,62732.9
2026-06-09 02:00:00,9281.347632998186,62840.0
2026-06-09 03:00:00,9281.347632998186,62841.0
2026-06-09 04:00:00,9281.347632998186,63213.7
2026-06-09 05:00:00,9281.347632998186,63318.5
2026-06-09 06:00:00,9281.347632998186,63279.4
2026-06-09 07:00:00,9281.347632998186,63170.8
2026-06-09 08:00:00,9281.347632998186,62816.9
2026-06-09 09:00:00,9281.347632998186,62682.5
2026-06-09 10:00:00,9281.347632998186,62750.0
2026-06-09 11:00:00,9281.347632998186,62679.4
2026-06-09 12:00:00,9281.347632998186,62611.6
2026-06-09 13:00:00,9281.347632998186,62244.4
2026-06-09 14:00:00,9281.347632998186,61511.6
2026-06-09 15:00:00,9281.347632998186,61100.7
2026-06-09 16:00:00,9281.347632998186,61367.5
2026-06-09 17:00:00,9281.347632998186,61667.1
2026-06-09 18:00:00,9281.347632998186,61756.1
2026-06-09 19:00:00,9281.347632998186,62068.8
2026-06-09 20:00:00,9281.347632998186,62132.3
2026-06-09 21:00:00,9281.347632998186,61732.2
2026-06-09 22:00:00,9281.347632998186,61688.0
2026-06-09 23:00:00,9281.347632998186,61695.0
2026-06-10 00:00:00,9281.347632998186,61886.5
2026-06-10 01:00:00,9281.347632998186,61680.7
2026-06-10 02:00:00,9281.347632998186,61271.3
2026-06-10 03:00:00,9281.347632998186,61518.2
2026-06-10 04:00:00,9281.347632998186,61269.6
2026-06-10 05:00:00,9281.347632998186,61321.6
2026-06-10 06:00:00,9281.347632998186,61436.5
2026-06-10 07:00:00,9281.347632998186,61654.3
2026-06-10 08:00:00,9281.347632998186,61228.7
2026-06-10 09:00:00,9281.347632998186,61302.7
2026-06-10 10:00:00,9281.347632998186,61350.1
2026-06-10 11:00:00,9281.347632998186,61003.1
2026-06-10 12:00:00,9281.347632998186,61531.7
2026-06-10 13:00:00,9281.347632998186,62123.9
2026-06-10 14:00:00,9281.347632998186,62170.8
2026-06-10 15:00:00,9281.347632998186,62604.8
2026-06-10 16:00:00,9281.347632998186,62194.5
2026-06-10 17:00:00,9281.347632998186,61944.5
2026-06-10 18:00:00,9281.347632998186,61856.0
2026-06-10 19:00:00,9281.347632998186,61908.7
2026-06-10 20:00:00,9281.347632998186,61770.1
2026-06-10 21:00:00,9281.347632998186,61327.3
2026-06-10 22:00:00,9281.347632998186,61353.2
2026-06-10 23:00:00,9281.347632998186,61483.7
2026-06-11 00:00:00,9281.347632998186,61794.6
2026-06-11 01:00:00,9281.347632998186,62180.3
2026-06-11 02:00:00,9281.347632998186,62113.5
2026-06-11 03:00:00,9281.347632998186,62657.5
2026-06-11 04:00:00,9281.347632998186,62692.9
2026-06-11 05:00:00,9281.347632998186,62581.7
2026-06-11 06:00:00,9281.347632998186,62734.2
2026-06-11 07:00:00,9281.347632998186,62693.3
2026-06-11 08:00:00,9281.347632998186,62927.2
2026-06-11 09:00:00,9281.347632998186,62899.9
2026-06-11 10:00:00,9281.347632998186,63120.3
2026-06-11 11:00:00,9281.347632998186,63078.0
2026-06-11 12:00:00,9281.347632998186,62978.3
2026-06-11 13:00:00,9281.347632998186,63046.1
2026-06-11 14:00:00,9281.347632998186,62699.6
2026-06-11 15:00:00,9281.347632998186,62721.1
2026-06-11 16:00:00,9281.347632998186,62546.6
2026-06-11 17:00:00,9281.347632998186,63614.2
2026-06-11 18:00:00,9281.347632998186,63426.0
2026-06-11 19:00:00,9281.347632998186,63567.6
2026-06-11 20:00:00,9281.347632998186,63361.9
2026-06-11 21:00:00,9281.347632998186,63487.2
2026-06-11 22:00:00,9281.347632998186,63467.1
2026-06-11 23:00:00,9281.347632998186,63597.9
2026-06-12 00:00:00,9281.347632998186,63617.7
2026-06-12 01:00:00,9281.347632998186,63402.9
2026-06-12 02:00:00,9281.347632998186,63589.3
2026-06-12 03:00:00,9281.347632998186,63490.0
2026-06-12 04:00:00,9281.347632998186,63670.4
2026-06-12 05:00:00,9281.347632998186,63317.6
2026-06-12 06:00:00,9281.347632998186,62955.9
2026-06-12 07:00:00,9281.347632998186,63066.5
2026-06-12 08:00:00,9281.347632998186,63440.5
2026-06-12 09:00:00,9281.347632998186,63729.5
2026-06-12 10:00:00,9281.347632998186,63665.1
2026-06-12 11:00:00,9281.347632998186,63729.4
2026-06-12 12:00:00,9281.347632998186,63433.7
2026-06-12 13:00:00,9281.347632998186,63200.3
2026-06-12 14:00:00,9281.347632998186,63971.0
2026-06-12 15:00:00,9281.347632998186,63557.0
2026-06-12 16:00:00,9281.347632998186,63951.2
2026-06-12 17:00:00,9281.347632998186,63836.9
2026-06-12 18:00:00,9281.347632998186,63661.8
2026-06-12 19:00:00,9281.347632998186,63555.1
2026-06-12 20:00:00,9281.347632998186,63417.9
2026-06-12 21:00:00,9281.347632998186,63450.1
2026-06-12 22:00:00,9281.347632998186,63482.8
2026-06-12 23:00:00,9281.347632998186,63547.0
2026-06-13 00:00:00,9281.347632998186,63573.9
2026-06-13 01:00:00,9281.347632998186,63801.0
2026-06-13 02:00:00,9281.347632998186,63612.0
2026-06-13 03:00:00,9281.347632998186,63494.4
2026-06-13 04:00:00,9281.347632998186,63475.2
2026-06-13 05:00:00,9281.347632998186,63554.9
2026-06-13 06:00:00,9281.347632998186,63707.2
2026-06-13 07:00:00,9281.347632998186,63823.9
2026-06-13 08:00:00,9281.347632998186,63771.6
2026-06-13 09:00:00,9281.347632998186,63709.9
2026-06-13 10:00:00,9281.347632998186,63812.9
2026-06-13 11:00:00,9281.347632998186,63936.1
2026-06-13 12:00:00,9281.347632998186,64103.1
2026-06-13 13:00:00,9281.347632998186,64071.0
2026-06-13 14:00:00,9281.347632998186,64189.7
2026-06-13 15:00:00,9281.347632998186,64265.0
2026-06-13 16:00:00,9281.347632998186,63996.2
2026-06-13 17:00:00,9281.347632998186,63939.7
2026-06-13 18:00:00,9281.347632998186,64122.7
2026-06-13 19:00:00,9281.347632998186,64264.2
2026-06-13 20:00:00,9281.347632998186,64252.4
2026-06-13 21:00:00,9281.347632998186,64435.2
2026-06-13 22:00:00,9281.347632998186,64413.4
2026-06-13 23:00:00,9281.347632998186,64418.2
2026-06-14 00:00:00,9281.347632998186,64519.3
2026-06-14 01:00:00,9281.347632998186,64534.1
2026-06-14 02:00:00,9281.347632998186,64450.0
2026-06-14 03:00:00,9281.347632998186,64515.0
2026-06-14 04:00:00,9281.347632998186,64300.0
2026-06-14 05:00:00,9281.347632998186,64318.1
2026-06-14 06:00:00,9281.347632998186,64258.0
2026-06-14 07:00:00,9281.347632998186,64392.0
2026-06-14 08:00:00,9281.347632998186,64423.1
2026-06-14 09:00:00,9281.347632998186,64584.7
2026-06-14 10:00:00,9281.347632998186,64485.4
2026-06-14 11:00:00,9281.347632998186,64511.7
2026-06-14 12:00:00,9281.347632998186,64296.8
2026-06-14 13:00:00,9281.347632998186,64287.5
2026-06-14 14:00:00,9281.347632998186,63953.7
2026-06-14 15:00:00,9281.347632998186,63995.2
2026-06-14 16:00:00,9281.347632998186,63913.8
2026-06-14 17:00:00,9281.347632998186,63706.1
2026-06-14 18:00:00,9281.347632998186,63783.9
2026-06-14 19:00:00,9281.347632998186,63777.3
2026-06-14 20:00:00,9281.347632998186,63978.1
2026-06-14 21:00:00,9281.347632998186,65284.4
2026-06-14 22:00:00,9281.347632998186,65389.2
2026-06-14 23:00:00,9281.347632998186,65702.1
2026-06-15 00:00:00,9281.347632998186,65591.4
2026-06-15 01:00:00,9281.347632998186,65482.6
2026-06-15 02:00:00,9281.347632998186,65429.3
2026-06-15 03:00:00,9281.347632998186,65894.7
2026-06-15 04:00:00,9281.347632998186,65612.2
2026-06-15 05:00:00,9281.347632998186,65828.1
2026-06-15 06:00:00,9281.347632998186,65773.0
2026-06-15 07:00:00,9281.347632998186,65642.3
2026-06-15 08:00:00,9281.347632998186,65619.9
2026-06-15 09:00:00,9281.347632998186,65559.9
2026-06-15 10:00:00,9281.347632998186,65884.7
2026-06-15 11:00:00,9281.347632998186,66192.0
2026-06-15 12:00:00,9281.347632998186,66528.5
2026-06-15 13:00:00,9281.347632998186,66410.8
2026-06-15 14:00:00,9281.347632998186,66552.3
2026-06-15 15:00:00,9281.347632998186,67248.5
2026-06-15 16:00:00,9281.347632998186,67122.3
2026-06-15 17:00:00,9281.347632998186,66820.7
2026-06-15 18:00:00,9281.347632998186,66726.1
2026-06-15 19:00:00,9281.347632998186,66579.2
2026-06-15 20:00:00,9281.347632998186,66489.6
2026-06-15 21:00:00,9281.347632998186,66337.1
2026-06-15 22:00:00,9281.347632998186,66170.0
2026-06-15 23:00:00,9281.347632998186,66285.9
2026-06-16 00:00:00,9281.347632998186,66216.9
2026-06-16 01:00:00,9281.347632998186,66309.9
2026-06-16 02:00:00,9281.347632998186,65714.1
2026-06-16 03:00:00,9281.347632998186,66125.4
2026-06-16 04:00:00,9281.347632998186,65811.1
2026-06-16 05:00:00,9281.347632998186,66028.0
2026-06-16 06:00:00,9281.347632998186,66406.4
2026-06-16 07:00:00,9281.347632998186,66341.7
2026-06-16 08:00:00,9281.347632998186,66863.9
2026-06-16 09:00:00,9281.347632998186,66478.4
2026-06-16 10:00:00,9281.347632998186,66476.1
2026-06-16 11:00:00,9281.347632998186,66456.0
2026-06-16 12:00:00,9281.347632998186,66390.5
2026-06-16 13:00:00,9281.347632998186,66012.7
2026-06-16 14:00:00,9281.347632998186,65630.2
2026-06-16 15:00:00,9281.347632998186,65841.8
2026-06-16 16:00:00,9281.347632998186,65730.8
2026-06-16 17:00:00,9281.347632998186,65946.2
2026-06-16 18:00:00,9281.347632998186,65822.4
2026-06-16 19:00:00,9281.347632998186,65653.2
2026-06-16 20:00:00,9281.347632998186,65824.0
2026-06-16 21:00:00,9281.347632998186,65741.2
2026-06-16 22:00:00,9281.347632998186,65745.2
2026-06-16 23:00:00,9281.347632998186,65644.8
2026-06-17 00:00:00,9281.347632998186,65679.4
2026-06-17 01:00:00,9281.347632998186,65901.1
2026-06-17 02:00:00,9281.347632998186,65872.7
2026-06-17 03:00:00,9281.347632998186,65818.6
2026-06-17 04:00:00,9281.347632998186,65852.5
2026-06-17 05:00:00,9281.347632998186,65796.1
2026-06-17 06:00:00,9281.347632998186,65589.4
2026-06-17 07:00:00,9281.347632998186,65504.0
2026-06-17 08:00:00,9281.347632998186,64889.8
2026-06-17 09:00:00,9281.347632998186,64880.1
2026-06-17 10:00:00,9281.347632998186,64770.4
2026-06-17 11:00:00,9281.347632998186,64774.5
2026-06-17 12:00:00,9281.347632998186,65005.3
2026-06-17 13:00:00,9281.347632998186,65232.9
2026-06-17 14:00:00,9281.347632998186,65072.4
2026-06-17 15:00:00,9281.347632998186,65712.7
2026-06-17 16:00:00,9281.347632998186,65829.7
2026-06-17 17:00:00,9281.347632998186,66073.1
2026-06-17 18:00:00,9281.347632998186,65481.3
2026-06-17 19:00:00,9281.347632998186,64271.3
2026-06-17 20:00:00,9281.347632998186,64405.9
2026-06-17 21:00:00,9281.347632998186,64229.4
2026-06-17 22:00:00,9281.347632998186,64265.3
2026-06-17 23:00:00,9281.347632998186,64472.9
2026-06-18 00:00:00,9281.347632998186,64432.8
2026-06-18 01:00:00,9281.347632998186,64520.9
2026-06-18 02:00:00,9281.347632998186,64652.3
2026-06-18 03:00:00,9281.347632998186,64255.0
2026-06-18 04:00:00,9281.347632998186,63850.1
2026-06-18 05:00:00,9281.347632998186,63961.8
2026-06-18 06:00:00,9281.347632998186,64054.9
2026-06-18 07:00:00,9281.347632998186,64470.3
2026-06-18 08:00:00,9281.347632998186,64370.0
2026-06-18 09:00:00,9281.347632998186,64172.6
2026-06-18 10:00:00,9281.347632998186,64050.0
2026-06-18 11:00:00,9281.347632998186,63940.1
2026-06-18 12:00:00,9281.347632998186,64345.9
2026-06-18 13:00:00,9281.347632998186,63952.3
2026-06-18 14:00:00,9281.347632998186,63784.1
2026-06-18 15:00:00,9281.347632998186,62337.8
2026-06-18 16:00:00,9281.347632998186,62664.2
2026-06-18 17:00:00,9281.347632998186,62579.1
2026-06-18 18:00:00,9281.347632998186,62683.5
2026-06-18 19:00:00,9281.347632998186,62925.4
2026-06-18 20:00:00,9281.347632998186,63063.1
2026-06-18 21:00:00,9281.347632998186,62936.0
2026-06-18 22:00:00,9281.347632998186,62853.0
2026-06-18 23:00:00,9281.347632998186,62924.1
2026-06-19 00:00:00,9281.347632998186,62991.7
2026-06-19 01:00:00,9281.347632998186,62994.5
2026-06-19 02:00:00,9281.347632998186,62974.2
2026-06-19 03:00:00,9281.347632998186,62745.1
2026-06-19 04:00:00,9281.347632998186,62421.7
2026-06-19 05:00:00,9281.347632998186,62707.0
2026-06-19 06:00:00,9281.347632998186,62865.1
2026-06-19 07:00:00,9281.347632998186,62592.4
2026-06-19 08:00:00,9281.347632998186,62575.7
2026-06-19 09:00:00,9281.347632998186,62353.0
2026-06-19 10:00:00,9281.347632998186,62506.2
2026-06-19 11:00:00,9281.347632998186,62600.0
2026-06-19 12:00:00,9281.347632998186,62799.4
2026-06-19 13:00:00,9281.347632998186,63174.2
2026-06-19 14:00:00,9281.347632998186,63174.8
2026-06-19 15:00:00,9281.347632998186,63193.0
2026-06-19 16:00:00,9281.347632998186,62943.7
2026-06-19 17:00:00,9281.347632998186,63166.7
2026-06-19 18:00:00,9281.347632998186,63079.3
2026-06-19 19:00:00,9281.347632998186,63001.9
2026-06-19 20:00:00,9281.347632998186,63217.4
2026-06-19 21:00:00,9281.347632998186,63048.0
2026-06-19 22:00:00,9281.347632998186,63287.8
2026-06-19 23:00:00,9281.347632998186,63512.6
2026-06-20 00:00:00,9281.347632998186,63496.8
2026-06-20 01:00:00,9281.347632998186,63550.9
2026-06-20 02:00:00,9281.347632998186,63305.7
2026-06-20 03:00:00,9281.347632998186,63440.5
2026-06-20 04:00:00,9281.347632998186,63553.9
2026-06-20 05:00:00,9281.347632998186,63645.5
2026-06-20 06:00:00,9281.347632998186,63710.0
2026-06-20 07:00:00,9281.347632998186,63625.0
2026-06-20 08:00:00,9281.347632998186,63390.8
2026-06-20 09:00:00,9281.347632998186,63700.8
2026-06-20 10:00:00,9281.347632998186,63649.7
2026-06-20 11:00:00,9281.347632998186,63651.3
2026-06-20 12:00:00,9281.347632998186,63627.8
2026-06-20 13:00:00,9281.347632998186,63368.0
2026-06-20 14:00:00,9281.347632998186,63929.5
2026-06-20 15:00:00,9281.347632998186,64139.5
2026-06-20 16:00:00,9281.347632998186,63999.9
2026-06-20 17:00:00,9281.347632998186,63810.7
2026-06-20 18:00:00,9281.347632998186,63776.4
2026-06-20 19:00:00,9281.347632998186,63905.5
2026-06-20 20:00:00,9281.347632998186,63899.4
2026-06-20 21:00:00,9281.347632998186,63983.0
2026-06-20 22:00:00,9281.347632998186,64245.9
2026-06-20 23:00:00,9281.347632998186,64270.0
2026-06-21 00:00:00,9281.347632998186,64264.3
2026-06-21 01:00:00,9281.347632998186,64221.3
2026-06-21 02:00:00,9281.347632998186,64219.5
2026-06-21 03:00:00,9281.347632998186,64398.8
2026-06-21 04:00:00,9281.347632998186,64252.7
2026-06-21 05:00:00,9281.347632998186,64226.5
2026-06-21 06:00:00,9281.347632998186,64270.0
2026-06-21 07:00:00,9281.347632998186,64170.1
2026-06-21 08:00:00,9281.347632998186,63987.9
2026-06-21 09:00:00,9281.347632998186,64189.8
2026-06-21 10:00:00,9281.347632998186,64338.9
2026-06-21 11:00:00,9281.347632998186,64149.9
2026-06-21 12:00:00,9281.347632998186,64161.1
2026-06-21 13:00:00,9281.347632998186,64123.2
2026-06-21 14:00:00,9281.347632998186,64120.0
2026-06-21 15:00:00,9281.347632998186,64200.3
2026-06-21 16:00:00,9281.347632998186,64122.3
2026-06-21 17:00:00,9281.347632998186,64114.6
2026-06-21 18:00:00,9281.347632998186,64180.0
2026-06-21 19:00:00,9281.347632998186,64173.6
2026-06-21 20:00:00,9281.347632998186,63824.8
2026-06-21 21:00:00,9281.347632998186,63778.2
2026-06-21 22:00:00,9281.347632998186,63775.3
2026-06-21 23:00:00,9281.347632998186,63287.1
2026-06-22 00:00:00,9281.347632998186,63867.2
2026-06-22 01:00:00,9281.347632998186,64574.5
2026-06-22 02:00:00,9281.347632998186,64226.5
2026-06-22 03:00:00,9281.347632998186,63935.1
2026-06-22 04:00:00,9281.347632998186,64063.6
2026-06-22 05:00:00,9281.347632998186,64219.5
2026-06-22 06:00:00,9281.347632998186,63960.7
2026-06-22 07:00:00,9281.347632998186,64187.9
2026-06-22 08:00:00,9281.347632998186,64133.8
2026-06-22 09:00:00,9281.347632998186,64114.8
2026-06-22 10:00:00,9281.347632998186,64109.8
2026-06-22 11:00:00,9281.347632998186,64624.3
2026-06-22 12:00:00,9281.347632998186,65120.1
2026-06-22 13:00:00,9281.347632998186,65548.0
2026-06-22 14:00:00,9281.347632998186,64943.0
2026-06-22 15:00:00,9281.347632998186,64808.0
2026-06-22 16:00:00,9281.347632998186,64695.7
2026-06-22 17:00:00,9281.347632998186,64580.6
2026-06-22 18:00:00,9281.347632998186,64312.9
2026-06-22 19:00:00,9281.347632998186,64447.9
2026-06-22 20:00:00,9281.347632998186,64409.8
2026-06-22 21:00:00,9281.347632998186,64291.0
2026-06-22 22:00:00,9281.347632998186,63948.4
2026-06-22 23:00:00,9281.347632998186,63990.2
2026-06-23 00:00:00,9281.347632998186,64119.4
2026-06-23 01:00:00,9281.347632998186,64125.2
2026-06-23 02:00:00,9281.347632998186,64165.9
2026-06-23 03:00:00,9281.347632998186,64037.3
2026-06-23 04:00:00,9281.347632998186,63594.9
2026-06-23 05:00:00,9281.347632998186,63372.1
2026-06-23 06:00:00,9281.347632998186,62905.5
2026-06-23 07:00:00,9281.347632998186,62849.2
2026-06-23 08:00:00,9281.347632998186,62353.7
2026-06-23 09:00:00,9281.347632998186,62350.2
2026-06-23 10:00:00,9281.347632998186,62290.4
2026-06-23 11:00:00,9281.347632998186,62478.5
2026-06-23 12:00:00,9281.347632998186,62227.9
2026-06-23 13:00:00,9281.347632998186,62446.6
2026-06-23 14:00:00,9281.347632998186,62462.8
2026-06-23 15:00:00,9281.347632998186,62455.8
2026-06-23 16:00:00,9281.347632998186,62522.9
2026-06-23 17:00:00,9281.347632998186,62330.0
2026-06-23 18:00:00,9281.347632998186,62215.3
2026-06-23 19:00:00,9281.347632998186,62365.7
2026-06-23 20:00:00,9281.347632998186,62439.8
2026-06-23 21:00:00,9281.347632998186,62563.1
2026-06-23 22:00:00,9281.347632998186,62560.1
2026-06-23 23:00:00,9281.347632998186,62696.7
2026-06-24 00:00:00,9281.347632998186,62982.1
2026-06-24 01:00:00,9281.347632998186,62904.6
2026-06-24 02:00:00,9281.347632998186,62598.0
2026-06-24 03:00:00,9281.347632998186,62704.6
2026-06-24 04:00:00,9281.347632998186,62720.6
2026-06-24 05:00:00,9281.347632998186,62859.9
2026-06-24 06:00:00,9281.347632998186,62754.6
2026-06-24 07:00:00,9281.347632998186,62630.3
2026-06-24 08:00:00,9281.347632998186,62773.0
2026-06-24 09:00:00,9281.347632998186,62650.2
2026-06-24 10:00:00,9281.347632998186,62416.8
2026-06-24 11:00:00,9281.347632998186,62887.7
2026-06-24 12:00:00,9281.347632998186,62589.5
2026-06-24 13:00:00,9281.347632998186,61308.2
2026-06-24 14:00:00,9281.347632998186,61085.3
2026-06-24 15:00:00,9281.347632998186,60254.9
2026-06-24 16:00:00,9281.347632998186,59808.2
2026-06-24 17:00:00,9281.347632998186,59363.7
2026-06-24 18:00:00,9281.347632998186,59569.5
2026-06-24 19:00:00,9281.347632998186,59923.8
2026-06-24 20:00:00,9281.347632998186,60926.5
2026-06-24 21:00:00,9281.347632998186,61073.6
2026-06-24 22:00:00,9281.347632998186,60850.2
2026-06-24 23:00:00,9281.347632998186,61051.2
2026-06-25 00:00:00,9281.347632998186,60786.9
2026-06-25 01:00:00,9281.347632998186,60892.9
2026-06-25 02:00:00,9281.347632998186,60763.2
2026-06-25 03:00:00,9281.347632998186,60853.9
2026-06-25 04:00:00,9281.347632998186,61323.2
2026-06-25 05:00:00,9281.347632998186,61567.1
2026-06-25 06:00:00,9281.347632998186,61693.5
2026-06-25 07:00:00,9281.347632998186,61886.7
2026-06-25 08:00:00,9281.347632998186,61686.4
2026-06-25 09:00:00,9281.347632998186,61707.8
2026-06-25 10:00:00,9281.347632998186,61245.3
2026-06-25 11:00:00,9281.347632998186,61258.2
2026-06-25 12:00:00,9281.347632998186,61216.4
2026-06-25 13:00:00,9281.347632998186,58248.4
2026-06-25 14:00:00,9281.347632998186,59448.7
2026-06-25 15:00:00,9281.347632998186,59536.2
2026-06-25 16:00:00,9281.347632998186,59284.0
2026-06-25 17:00:00,9281.347632998186,59656.3
2026-06-25 18:00:00,9281.347632998186,59491.0
2026-06-25 19:00:00,9281.347632998186,59299.8
2026-06-25 20:00:00,9281.347632998186,59428.8
2026-06-25 21:00:00,9281.347632998186,60180.7
2026-06-25 22:00:00,9281.347632998186,59815.1
2026-06-25 23:00:00,9281.347632998186,59771.9
2026-06-26 00:00:00,9281.347632998186,59638.2
2026-06-26 01:00:00,9281.347632998186,59413.0
2026-06-26 02:00:00,9281.347632998186,58536.0
2026-06-26 03:00:00,9281.347632998186,60015.0
2026-06-26 04:00:00,9281.347632998186,59899.9
2026-06-26 05:00:00,9281.347632998186,59921.8
2026-06-26 06:00:00,9281.347632998186,60298.9
2026-06-26 07:00:00,9281.347632998186,60491.0
2026-06-26 08:00:00,9281.347632998186,60215.3
2026-06-26 09:00:00,9281.347632998186,59709.3
2026-06-26 10:00:00,9281.347632998186,59290.0
2026-06-26 11:00:00,9281.347632998186,59392.4
2026-06-26 12:00:00,9281.347632998186,59167.6
2026-06-26 13:00:00,9281.347632998186,60153.3
2026-06-26 14:00:00,9281.347632998186,59568.9
2026-06-26 15:00:00,9281.347632998186,60296.6
2026-06-26 16:00:00,9281.347632998186,60017.8
2026-06-26 17:00:00,9281.347632998186,60000.0
2026-06-26 18:00:00,9281.347632998186,59648.9
2026-06-26 19:00:00,9281.347632998186,59719.7
2026-06-26 20:00:00,9281.347632998186,59694.7
2026-06-26 21:00:00,9281.347632998186,59887.6
2026-06-26 22:00:00,9281.347632998186,60007.5
2026-06-26 23:00:00,9281.347632998186,60072.0
2026-06-27 00:00:00,9281.347632998186,60033.4
2026-06-27 01:00:00,9281.347632998186,59919.1
2026-06-27 02:00:00,9281.347632998186,60256.6
2026-06-27 03:00:00,9281.347632998186,60274.7
2026-06-27 04:00:00,9281.347632998186,60215.9
2026-06-27 05:00:00,9281.347632998186,60208.3
2026-06-27 06:00:00,9281.347632998186,60345.3
2026-06-27 07:00:00,9281.347632998186,60522.3
2026-06-27 08:00:00,9281.347632998186,60425.1
2026-06-27 09:00:00,9281.347632998186,60391.2
2026-06-27 10:00:00,9281.347632998186,60390.3
2026-06-27 11:00:00,9281.347632998186,60331.9
2026-06-27 12:00:00,9281.347632998186,60394.0
2026-06-27 13:00:00,9281.347632998186,60554.6
2026-06-27 14:00:00,9281.347632998186,60588.9
2026-06-27 15:00:00,9281.347632998186,60817.2
2026-06-27 16:00:00,9281.347632998186,60785.0
2026-06-27 17:00:00,9281.347632998186,60495.6
2026-06-27 18:00:00,9281.347632998186,60537.8
2026-06-27 19:00:00,9281.347632998186,60149.9
2026-06-27 20:00:00,9281.347632998186,60272.8
2026-06-27 21:00:00,9281.347632998186,60173.4
2026-06-27 22:00:00,9281.347632998186,60204.3
2026-06-27 23:00:00,9281.347632998186,60000.3
2026-06-28 00:00:00,9281.347632998186,60125.1
2026-06-28 01:00:00,9281.347632998186,60193.0
2026-06-28 02:00:00,9281.347632998186,60121.2
2026-06-28 03:00:00,9281.347632998186,60169.5
2026-06-28 04:00:00,9281.347632998186,60108.1
2026-06-28 05:00:00,9281.347632998186,59956.6
2026-06-28 06:00:00,9281.347632998186,59970.0
2026-06-28 07:00:00,9281.347632998186,60192.5
2026-06-28 08:00:00,9281.347632998186,60340.1
2026-06-28 09:00:00,9281.347632998186,60230.0
2026-06-28 10:00:00,9281.347632998186,60138.5
2026-06-28 11:00:00,9281.347632998186,60314.9
2026-06-28 12:00:00,9281.347632998186,60270.0
2026-06-28 13:00:00,9281.347632998186,60044.5
2026-06-28 14:00:00,9281.347632998186,59995.3
2026-06-28 15:00:00,9281.347632998186,59849.9
2026-06-28 16:00:00,9281.347632998186,59655.9
2026-06-28 17:00:00,9281.347632998186,59557.3
2026-06-28 18:00:00,9281.347632998186,59580.7
2026-06-28 19:00:00,9281.347632998186,59451.4
2026-06-28 20:00:00,9281.347632998186,59634.0
2026-06-28 21:00:00,9281.347632998186,59418.1
2026-06-28 22:00:00,9281.347632998186,59040.1
2026-06-28 23:00:00,9281.347632998186,59550.2
2026-06-29 00:00:00,9281.347632998186,59637.3
2026-06-29 01:00:00,9281.347632998186,59413.0
2026-06-29 02:00:00,9281.347632998186,59731.7
2026-06-29 03:00:00,9281.347632998186,60019.8
2026-06-29 04:00:00,9281.347632998186,59806.2
2026-06-29 05:00:00,9281.347632998186,60082.7
2026-06-29 06:00:00,9281.347632998186,60051.0
2026-06-29 07:00:00,9281.347632998186,59998.9
2026-06-29 08:00:00,9281.347632998186,59806.9
2026-06-29 09:00:00,9281.347632998186,60031.3
2026-06-29 10:00:00,9281.347632998186,60062.4
2026-06-29 11:00:00,9281.347632998186,59927.2
2026-06-29 12:00:00,9281.347632998186,59923.5
2026-06-29 13:00:00,9281.347632998186,59559.3
2026-06-29 14:00:00,9281.347632998186,59444.0
2026-06-29 15:00:00,9281.347632998186,59800.2
2026-06-29 16:00:00,9281.347632998186,59870.9
2026-06-29 17:00:00,9281.347632998186,60396.0
2026-06-29 18:00:00,9281.347632998186,60275.4
2026-06-29 19:00:00,9281.347632998186,60409.3
2026-06-29 20:00:00,9281.347632998186,60271.2
2026-06-29 21:00:00,9281.347632998186,60454.9
2026-06-29 22:00:00,9281.347632998186,60326.5
2026-06-29 23:00:00,9281.347632998186,60224.7
2026-06-30 00:00:00,9281.347632998186,59806.1
2026-06-30 01:00:00,9281.347632998186,59919.6
2026-06-30 02:00:00,9281.347632998186,59920.4
2026-06-30 03:00:00,9281.347632998186,59596.1
2026-06-30 04:00:00,9281.347632998186,59458.3
2026-06-30 05:00:00,9281.347632998186,59627.7
2026-06-30 06:00:00,9281.347632998186,59571.7
2026-06-30 07:00:00,9281.347632998186,59497.7
2026-06-30 08:00:00,9281.347632998186,59285.8
2026-06-30 09:00:00,9281.347632998186,59348.7
2026-06-30 10:00:00,9281.347632998186,59303.6
2026-06-30 11:00:00,9281.347632998186,59162.3
2026-06-30 12:00:00,9281.347632998186,58374.8
2026-06-30 13:00:00,9281.347632998186,58711.9
2026-06-30 14:00:00,9281.347632998186,58458.6
2026-06-30 15:00:00,9281.347632998186,58356.2
2026-06-30 16:00:00,9281.347632998186,58479.3
2026-06-30 17:00:00,9281.347632998186,58396.7
2026-06-30 18:00:00,9281.347632998186,58659.8
2026-06-30 19:00:00,9281.347632998186,58794.4
2026-06-30 20:00:00,9281.347632998186,58708.0
2026-06-30 21:00:00,9281.347632998186,58612.1
2026-06-30 22:00:00,9281.347632998186,58575.8
2026-06-30 23:00:00,9281.347632998186,58605.4
2026-07-01 00:00:00,9281.347632998186,58548.7
2026-07-01 01:00:00,9281.347632998186,58741.7
2026-07-01 02:00:00,9281.347632998186,59063.3
2026-07-01 03:00:00,9281.347632998186,59169.6
2026-07-01 04:00:00,9281.347632998186,59311.2
2026-07-01 05:00:00,9281.347632998186,59122.4
2026-07-01 06:00:00,9281.347632998186,58726.8
2026-07-01 07:00:00,9281.347632998186,58744.4
2026-07-01 08:00:00,9281.347632998186,58950.8
2026-07-01 09:00:00,9281.347632998186,58921.4
2026-07-01 10:00:00,9281.347632998186,58631.6
2026-07-01 11:00:00,9281.347632998186,58592.9
2026-07-01 12:00:00,9281.347632998186,58495.6
2026-07-01 13:00:00,9281.347632998186,59463.1
2026-07-01 14:00:00,9281.347632998186,59523.8
2026-07-01 15:00:00,9281.347632998186,60118.5
2026-07-01 16:00:00,9281.347632998186,59902.8
2026-07-01 17:00:00,9281.347632998186,60166.5
2026-07-01 18:00:00,9281.347632998186,60141.5
2026-07-01 19:00:00,9281.347632998186,60000.0
2026-07-01 20:00:00,9281.347632998186,60100.3
2026-07-01 21:00:00,9281.347632998186,60799.9
2026-07-01 22:00:00,9281.347632998186,60446.3
2026-07-01 23:00:00,9281.347632998186,59999.6
2026-07-02 00:00:00,9281.347632998186,59719.7
2026-07-02 01:00:00,9281.347632998186,60150.0
2026-07-02 02:00:00,9281.347632998186,60392.5
2026-07-02 03:00:00,9281.347632998186,61032.9
2026-07-02 04:00:00,9281.347632998186,60757.7
2026-07-02 05:00:00,9281.347632998186,60479.9
2026-07-02 06:00:00,9281.347632998186,60247.6
2026-07-02 07:00:00,9281.347632998186,60125.8
2026-07-02 08:00:00,9281.347632998186,60486.8
2026-07-02 09:00:00,9281.347632998186,61159.6
2026-07-02 10:00:00,9281.347632998186,61238.5
2026-07-02 11:00:00,9281.347632998186,61329.1
2026-07-02 12:00:00,9281.347632998186,61507.4
2026-07-02 13:00:00,9281.347632998186,61913.5
2026-07-02 14:00:00,9281.347632998186,61669.8
2026-07-02 15:00:00,9281.347632998186,61584.0
2026-07-02 16:00:00,9281.347632998186,61646.8
2026-07-02 17:00:00,9281.347632998186,61643.0
2026-07-02 18:00:00,9281.347632998186,61733.5
2026-07-02 19:00:00,9281.347632998186,61452.5
2026-07-02 20:00:00,9281.347632998186,61555.4
2026-07-02 21:00:00,9281.347632998186,61570.6
2026-07-02 22:00:00,9281.347632998186,61445.0
2026-07-02 23:00:00,9281.347632998186,61540.6
2026-07-03 00:00:00,9281.347632998186,61283.9
2026-07-03 01:00:00,9281.347632998186,61566.5
2026-07-03 02:00:00,9281.347632998186,61411.8
2026-07-03 03:00:00,9281.347632998186,61407.6
2026-07-03 04:00:00,9281.347632998186,61420.5
2026-07-03 05:00:00,9281.347632998186,61674.8
2026-07-03 06:00:00,9281.347632998186,61680.5
2026-07-03 07:00:00,9281.347632998186,61733.6
2026-07-03 08:00:00,9281.347632998186,61553.5
2026-07-03 09:00:00,9281.347632998186,61686.8
2026-07-03 10:00:00,9281.347632998186,61886.6
2026-07-03 11:00:00,9281.347632998186,61992.8
2026-07-03 12:00:00,9281.347632998186,61952.5
2026-07-03 13:00:00,9281.347632998186,62083.8
2026-07-03 14:00:00,9281.347632998186,62142.9
2026-07-03 15:00:00,9281.347632998186,61895.2
2026-07-03 16:00:00,9281.347632998186,62081.9
2026-07-03 17:00:00,9281.347632998186,62171.5
2026-07-03 18:00:00,9281.347632998186,62180.2
2026-07-03 19:00:00,9281.347632998186,62178.4
2026-07-03 20:00:00,9281.347632998186,62759.3
2026-07-03 21:00:00,9281.347632998186,62706.8
2026-07-03 22:00:00,9281.347632998186,62549.3
2026-07-03 23:00:00,9281.347632998186,62565.5
2026-07-04 00:00:00,9281.347632998186,62735.1
2026-07-04 01:00:00,9281.347632998186,62450.0
2026-07-04 02:00:00,9281.347632998186,62514.0
2026-07-04 03:00:00,9281.347632998186,62609.6
2026-07-04 04:00:00,9281.347632998186,62661.5
2026-07-04 05:00:00,9281.347632998186,62445.6
2026-07-04 06:00:00,9281.347632998186,62473.2
2026-07-04 07:00:00,9281.347632998186,62549.0
2026-07-04 08:00:00,9281.347632998186,62528.0
2026-07-04 09:00:00,9281.347632998186,62466.0
2026-07-04 10:00:00,9281.347632998186,62483.9
2026-07-04 11:00:00,9281.347632998186,62458.7
2026-07-04 12:00:00,9281.347632998186,62634.1
2026-07-04 13:00:00,9281.347632998186,62563.0
2026-07-04 14:00:00,9281.347632998186,62671.9
2026-07-04 15:00:00,9281.347632998186,62908.8
2026-07-04 16:00:00,9281.347632998186,62895.2
2026-07-04 17:00:00,9281.347632998186,63245.6
2026-07-04 18:00:00,9281.347632998186,63137.5
2026-07-04 19:00:00,9281.347632998186,63268.1
2026-07-04 20:00:00,9281.347632998186,63208.9
2026-07-04 21:00:00,9281.347632998186,63274.7
2026-07-04 22:00:00,9281.347632998186,63167.7
2026-07-04 23:00:00,9281.347632998186,63114.8
2026-07-05 00:00:00,9281.347632998186,62962.5
2026-07-05 01:00:00,9281.347632998186,62859.8
2026-07-05 02:00:00,9281.347632998186,62673.8
2026-07-05 03:00:00,9281.347632998186,62739.1
2026-07-05 04:00:00,9281.347632998186,62787.3
2026-07-05 05:00:00,9281.347632998186,62716.4
2026-07-05 06:00:00,9281.347632998186,62749.9
2026-07-05 07:00:00,9281.347632998186,62995.1
2026-07-05 08:00:00,9281.347632998186,62893.3
2026-07-05 09:00:00,9281.347632998186,62600.3
2026-07-05 10:00:00,9281.347632998186,62737.6
2026-07-05 11:00:00,9281.347632998186,62630.0
2026-07-05 12:00:00,9281.347632998186,62718.2
2026-07-05 13:00:00,9281.347632998186,62769.9
2026-07-05 14:00:00,9281.347632998186,62785.3
2026-07-05 15:00:00,9281.347632998186,62711.9
2026-07-05 16:00:00,9281.347632998186,62612.0
2026-07-05 17:00:00,9281.347632998186,62601.3
2026-07-05 18:00:00,9281.347632998186,62787.6
2026-07-05 19:00:00,9281.347632998186,62744.0
2026-07-05 20:00:00,9281.347632998186,62704.7
2026-07-05 21:00:00,9281.347632998186,63070.4
2026-07-05 22:00:00,9281.347632998186,63717.1
2026-07-05 23:00:00,9281.347632998186,63617.1
2026-07-06 00:00:00,9281.347632998186,63728.4
2026-07-06 01:00:00,9281.347632998186,63544.2
2026-07-06 02:00:00,9281.347632998186,63425.1
2026-07-06 03:00:00,9281.347632998186,63273.0
2026-07-06 04:00:00,9281.347632998186,63242.9
2026-07-06 05:00:00,9281.347632998186,63086.0
2026-07-06 06:00:00,9281.347632998186,62962.6
2026-07-06 07:00:00,9281.347632998186,63064.5
2026-07-06 08:00:00,9281.347632998186,62876.1
2026-07-06 09:00:00,9281.347632998186,62646.6
2026-07-06 10:00:00,9281.347632998186,62797.6
2026-07-06 11:00:00,9281.347632998186,62461.4
2026-07-06 12:00:00,9281.347632998186,61733.6
2026-07-06 13:00:00,9281.347632998186,61751.7
2026-07-06 14:00:00,9281.347632998186,62019.7
2026-07-06 15:00:00,9281.347632998186,63523.1
2026-07-06 16:00:00,9281.347632998186,63710.4
2026-07-06 17:00:00,9281.347632998186,63565.2
2026-07-06 18:00:00,9281.347632998186,63675.7
2026-07-06 19:00:00,9281.347632998186,63709.8
2026-07-06 20:00:00,9281.347632998186,63798.0
2026-07-06 21:00:00,9281.347632998186,64475.9
2026-07-06 22:00:00,9281.347632998186,64227.2
2026-07-06 23:00:00,9281.347632998186,64023.6
2026-07-07 00:00:00,9281.347632998186,64175.2
2026-07-07 01:00:00,9281.347632998186,63815.0
2026-07-07 02:00:00,9281.347632998186,63298.2
2026-07-07 03:00:00,9281.347632998186,63165.0
2026-07-07 04:00:00,9281.347632998186,63069.0
2026-07-07 05:00:00,9281.347632998186,63092.5
2026-07-07 06:00:00,9281.347632998186,63310.0
2026-07-07 07:00:00,9281.347632998186,63062.6
2026-07-07 08:00:00,9281.347632998186,63074.0
2026-07-07 09:00:00,9281.347632998186,63226.9
2026-07-07 10:00:00,9281.347632998186,63258.6
2026-07-07 11:00:00,9281.347632998186,63377.7
2026-07-07 12:00:00,9281.347632998186,63451.9
2026-07-07 13:00:00,9281.347632998186,63033.2
2026-07-07 14:00:00,9281.347632998186,63536.5
2026-07-07 15:00:00,9281.347632998186,63910.0
2026-07-07 16:00:00,9281.347632998186,63962.4
2026-07-07 17:00:00,9281.347632998186,64164.7
2026-07-07 18:00:00,9281.347632998186,63653.8
2026-07-07 19:00:00,9281.347632998186,63794.9
2026-07-07 20:00:00,9281.347632998186,63668.3
2026-07-07 21:00:00,9281.347632998186,63399.5
2026-07-07 22:00:00,9281.347632998186,63514.9
2026-07-07 23:00:00,9281.347632998186,63335.4
2026-07-08 00:00:00,9281.347632998186,63585.9
2026-07-08 01:00:00,9281.347632998186,63003.7
2026-07-08 02:00:00,9281.347632998186,62951.3
2026-07-08 03:00:00,9281.347632998186,62741.0
2026-07-08 04:00:00,9281.347632998186,62767.3
2026-07-08 05:00:00,9281.347632998186,62613.8
2026-07-08 06:00:00,9281.347632998186,62628.5
2026-07-08 07:00:00,9281.347632998186,62854.1
2026-07-08 08:00:00,9281.347632998186,61989.8
2026-07-08 09:00:00,9281.347632998186,62031.7
2026-07-08 10:00:00,9281.347632998186,62149.8
2026-07-08 11:00:00,9281.347632998186,62270.0
2026-07-08 12:00:00,9281.347632998186,61933.9
2026-07-08 13:00:00,9281.347632998186,61923.0
2026-07-08 14:00:00,9281.347632998186,61865.5
2026-07-08 15:00:00,9281.347632998186,61674.5
2026-07-08 16:00:00,9281.347632998186,62086.4
2026-07-08 17:00:00,9281.347632998186,62086.5
2026-07-08 18:00:00,9281.347632998186,62158.8
2026-07-08 19:00:00,9281.347632998186,62251.9
2026-07-08 20:00:00,9281.347632998186,62076.2
2026-07-08 21:00:00,9281.347632998186,62162.4
2026-07-08 22:00:00,9281.347632998186,62303.5
2026-07-08 23:00:00,9281.347632998186,62255.3
2026-07-09 00:00:00,9281.347632998186,62101.8
2026-07-09 01:00:00,9281.347632998186,61882.2
2026-07-09 02:00:00,9281.347632998186,61753.7
2026-07-09 03:00:00,9281.347632998186,61943.1
2026-07-09 04:00:00,9281.347632998186,62420.4
2026-07-09 05:00:00,9281.347632998186,62565.8
2026-07-09 06:00:00,9281.347632998186,62934.0
2026-07-09 07:00:00,9281.347632998186,62973.7
2026-07-09 08:00:00,9281.347632998186,62872.6
2026-07-09 09:00:00,9281.347632998186,62925.0
2026-07-09 10:00:00,9281.347632998186,62757.2
2026-07-09 11:00:00,9281.347632998186,62756.0
2026-07-09 12:00:00,9281.347632998186,62583.3
2026-07-09 13:00:00,9281.347632998186,62999.9
2026-07-09 14:00:00,9281.347632998186,62982.5
2026-07-09 15:00:00,9281.347632998186,62835.4
2026-07-09 16:00:00,9281.347632998186,62670.7
2026-07-09 17:00:00,9281.347632998186,63114.7
2026-07-09 18:00:00,9281.347632998186,63199.8
2026-07-09 19:00:00,9281.347632998186,63222.9
2026-07-09 20:00:00,9281.347632998186,63288.7
2026-07-09 21:00:00,9281.347632998186,63248.9
2026-07-09 22:00:00,9281.347632998186,63186.1
2026-07-09 23:00:00,9281.347632998186,63197.0
2026-07-10 00:00:00,9281.347632998186,63085.3
2026-07-10 01:00:00,9281.347632998186,63726.6
2026-07-10 02:00:00,9281.347632998186,63935.0
2026-07-10 03:00:00,9281.347632998186,63917.2
2026-07-10 04:00:00,9281.347632998186,64019.3
2026-07-10 05:00:00,9281.347632998186,64090.0
2026-07-10 06:00:00,9281.347632998186,63832.8
2026-07-10 07:00:00,9281.347632998186,63956.1
2026-07-10 08:00:00,9281.347632998186,64211.4
2026-07-10 09:00:00,9281.347632998186,64360.4
2026-07-10 10:00:00,9281.347632998186,64374.0
2026-07-10 11:00:00,9281.347632998186,64394.2
2026-07-10 12:00:00,9281.347632998186,64258.9
2026-07-10 13:00:00,9281.347632998186,64453.7
2026-07-10 14:00:00,9281.347632998186,63897.9
2026-07-10 15:00:00,9281.347632998186,64018.7
2026-07-10 16:00:00,9281.347632998186,64118.9
2026-07-10 17:00:00,9281.347632998186,63804.0
2026-07-10 18:00:00,9281.347632998186,63792.0
2026-07-10 19:00:00,9281.347632998186,63900.4
2026-07-10 20:00:00,9281.347632998186,63820.0
2026-07-10 21:00:00,9281.347632998186,63987.6
2026-07-10 22:00:00,9281.347632998186,64089.9
2026-07-10 23:00:00,9281.347632998186,64129.5
2026-07-11 00:00:00,9281.347632998186,64090.1
2026-07-11 01:00:00,9281.347632998186,63979.2
2026-07-11 02:00:00,9281.347632998186,64130.5
2026-07-11 03:00:00,9281.347632998186,64117.2
2026-07-11 04:00:00,9281.347632998186,64123.4
2026-07-11 05:00:00,9281.347632998186,64141.6
2026-07-11 06:00:00,9281.347632998186,64186.7
2026-07-11 07:00:00,9281.347632998186,64132.6
2026-07-11 08:00:00,9281.347632998186,64239.6
2026-07-11 09:00:00,9281.347632998186,64143.0
2026-07-11 10:00:00,9281.347632998186,64163.9
2026-07-11 11:00:00,9281.347632998186,64176.0
2026-07-11 12:00:00,9281.347632998186,64168.4
2026-07-11 13:00:00,9281.347632998186,64213.9
2026-07-11 14:00:00,9281.347632998186,64321.0
2026-07-11 15:00:00,9281.347632998186,64139.0
2026-07-11 16:00:00,9281.347632998186,64148.2
2026-07-11 17:00:00,9281.347632998186,64289.8
2026-07-11 18:00:00,9281.347632998186,64299.7
2026-07-11 19:00:00,9281.347632998186,64262.0
2026-07-11 20:00:00,9281.347632998186,64353.2
2026-07-11 21:00:00,9281.347632998186,64325.5
2026-07-11 22:00:00,9281.347632998186,64169.1
2026-07-11 23:00:00,9281.347632998186,63783.0
2026-07-12 00:00:00,9281.347632998186,63802.9
2026-07-12 01:00:00,9281.347632998186,64106.0
2026-07-12 02:00:00,9281.347632998186,64049.2
2026-07-12 03:00:00,9281.347632998186,64201.8
2026-07-12 04:00:00,9281.347632998186,63974.3
2026-07-12 05:00:00,9281.347632998186,63938.0
2026-07-12 06:00:00,9281.347632998186,63728.7
2026-07-12 07:00:00,9281.347632998186,63856.4
2026-07-12 08:00:00,9281.347632998186,63951.6
2026-07-12 09:00:00,9281.347632998186,63930.0
2026-07-12 10:00:00,9281.347632998186,63838.9
2026-07-12 11:00:00,9281.347632998186,63993.8
2026-07-12 12:00:00,9281.347632998186,63998.4
2026-07-12 13:00:00,9281.347632998186,63997.3
2026-07-12 14:00:00,9281.347632998186,64175.0
2026-07-12 15:00:00,9281.347632998186,64149.9
2026-07-12 16:00:00,9281.347632998186,64146.8
2026-07-12 17:00:00,9281.347632998186,64050.3
2026-07-12 18:00:00,9281.347632998186,64124.6
2026-07-12 19:00:00,9281.347632998186,64201.9
2026-07-12 20:00:00,9281.347632998186,64168.5
2026-07-12 21:00:00,9281.347632998186,63889.6
2026-07-12 22:00:00,9281.347632998186,63855.0
2026-07-12 23:00:00,9281.347632998186,63750.0
2026-07-13 00:00:00,9281.347632998186,64041.8
2026-07-13 01:00:00,9281.347632998186,63382.1
2026-07-13 02:00:00,9281.347632998186,63344.8
2026-07-13 03:00:00,9281.347632998186,62780.2
2026-07-13 04:00:00,9281.347632998186,62649.8
2026-07-13 05:00:00,9281.347632998186,62764.1
2026-07-13 06:00:00,9281.347632998186,62766.6
2026-07-13 07:00:00,9281.347632998186,62952.7
2026-07-13 08:00:00,9281.347632998186,63174.9
2026-07-13 09:00:00,9281.347632998186,63074.0
2026-07-13 10:00:00,9281.347632998186,62844.6
2026-07-13 11:00:00,9281.347632998186,62881.3
2026-07-13 12:00:00,9281.347632998186,62597.9
2026-07-13 13:00:00,9281.347632998186,62300.1
2026-07-13 14:00:00,9281.347632998186,62770.3
2026-07-13 15:00:00,9281.347632998186,62596.6
2026-07-13 16:00:00,9281.347632998186,62258.0
2026-07-13 17:00:00,9281.347632998186,61877.0
2026-07-13 18:00:00,9281.347632998186,61997.3
2026-07-13 19:00:00,9281.347632998186,62258.0
2026-07-13 20:00:00,9281.347632998186,62179.3
2026-07-13 21:00:00,9281.347632998186,62034.1
2026-07-13 22:00:00,9281.347632998186,61897.9
2026-07-13 23:00:00,9281.347632998186,62307.0
2026-07-14 00:00:00,9281.347632998186,62520.7
2026-07-14 01:00:00,9281.347632998186,62505.2
2026-07-14 02:00:00,9281.347632998186,62516.8
2026-07-14 03:00:00,9281.347632998186,62538.2
2026-07-14 04:00:00,9281.347632998186,62713.6
2026-07-14 05:00:00,9281.347632998186,62699.9
2026-07-14 06:00:00,9281.347632998186,62600.1
2026-07-14 07:00:00,9281.347632998186,62529.7
2026-07-14 08:00:00,9281.347632998186,62680.1
2026-07-14 09:00:00,9281.347632998186,62604.2
2026-07-14 10:00:00,9281.347632998186,62767.5
2026-07-14 11:00:00,9281.347632998186,62810.3
2026-07-14 12:00:00,9281.347632998186,63935.2
2026-07-14 13:00:00,9281.347632998186,63802.8
2026-07-14 14:00:00,9281.347632998186,64277.3
2026-07-14 15:00:00,9281.347632998186,64727.5
2026-07-14 16:00:00,9281.347632998186,64703.9
2026-07-14 17:00:00,9281.347632998186,64597.5
2026-07-14 18:00:00,9281.347632998186,64544.0
2026-07-14 19:00:00,9281.347632998186,64543.0
2026-07-14 20:00:00,9281.347632998186,64538.6
2026-07-14 21:00:00,9281.347632998186,64650.0
2026-07-14 22:00:00,9281.347632998186,64837.1
2026-07-14 23:00:00,9281.347632998186,65014.7
2026-07-15 00:00:00,9281.347632998186,64798.1
2026-07-15 01:00:00,9281.347632998186,64643.7
2026-07-15 02:00:00,9281.347632998186,64473.0
2026-07-15 03:00:00,9281.347632998186,64760.8
2026-07-15 04:00:00,9281.347632998186,64723.5
2026-07-15 05:00:00,9281.347632998186,64920.5
2026-07-15 06:00:00,9281.347632998186,64784.7
2026-07-15 07:00:00,9281.347632998186,64528.0
2026-07-15 08:00:00,9281.347632998186,64745.0
2026-07-15 09:00:00,9281.347632998186,64644.6
2026-07-15 10:00:00,9281.347632998186,64633.0
2026-07-15 11:00:00,9281.347632998186,64707.5
2026-07-15 12:00:00,9281.347632998186,65133.7
2026-07-15 13:00:00,9281.347632998186,65090.2
2026-07-15 14:00:00,9281.347632998186,65364.8
2026-07-15 15:00:00,9281.347632998186,65391.6
2026-07-15 16:00:00,9281.347632998186,65089.5
2026-07-15 17:00:00,9281.347632998186,65023.1
2026-07-15 18:00:00,9281.347632998186,64837.4
2026-07-15 19:00:00,9281.347632998186,64942.0
2026-07-15 20:00:00,9281.347632998186,64939.9
2026-07-15 21:00:00,9281.347632998186,64800.0
2026-07-15 22:00:00,9281.347632998186,64831.5
2026-07-15 23:00:00,9281.347632998186,64721.4
2026-07-16 00:00:00,9281.347632998186,64554.3
2026-07-16 01:00:00,9281.347632998186,64698.6
2026-07-16 02:00:00,9281.347632998186,64616.1
2026-07-16 03:00:00,9281.347632998186,64593.0
2026-07-16 04:00:00,9281.347632998186,64610.9
2026-07-16 05:00:00,9281.347632998186,64897.9
2026-07-16 06:00:00,9281.347632998186,64750.0
2026-07-16 07:00:00,9281.347632998186,64200.0
2026-07-16 08:00:00,9281.347632998186,64096.7
2026-07-16 09:00:00,9281.347632998186,64063.8
2026-07-16 10:00:00,9281.347632998186,64186.9
2026-07-16 11:00:00,9281.347632998186,64226.6
2026-07-16 12:00:00,9281.347632998186,63938.1
2026-07-16 13:00:00,9281.347632998186,64354.4
2026-07-16 14:00:00,9281.347632998186,64510.0
2026-07-16 15:00:00,9281.347632998186,64677.7
2026-07-16 16:00:00,9281.347632998186,64448.4
2026-07-16 17:00:00,9281.347632998186,64045.6
2026-07-16 18:00:00,9281.347632998186,64217.1
2026-07-16 19:00:00,9281.347632998186,64241.6
2026-07-16 20:00:00,9281.347632998186,64090.1
2026-07-16 21:00:00,9281.347632998186,64135.9
2026-07-16 22:00:00,9281.347632998186,63939.5
2026-07-16 23:00:00,9281.347632998186,63801.0
2026-07-17 00:00:00,9281.347632998186,63862.9
2026-07-17 01:00:00,9281.347632998186,63510.8
2026-07-17 02:00:00,9281.347632998186,63457.5
2026-07-17 03:00:00,9281.347632998186,63538.1
2026-07-17 04:00:00,9281.347632998186,63460.0
2026-07-17 05:00:00,9281.347632998186,62807.3
2026-07-17 06:00:00,9281.347632998186,62915.4
2026-07-17 07:00:00,9281.347632998186,62792.9
2026-07-17 08:00:00,9281.347632998186,62857.5
2026-07-17 09:00:00,9281.347632998186,62962.2
2026-07-17 10:00:00,9281.347632998186,63146.9
2026-07-17 11:00:00,9281.347632998186,63273.2
2026-07-17 12:00:00,9281.347632998186,63073.9
2026-07-17 13:00:00,9281.347632998186,63128.6
2026-07-17 14:00:00,9281.347632998186,63142.5
2026-07-17 15:00:00,9281.347632998186,63432.4
2026-07-17 16:00:00,9281.347632998186,63553.7
2026-07-17 17:00:00,9281.347632998186,64011.8
2026-07-17 18:00:00,9281.347632998186,64220.1
2026-07-17 19:00:00,9281.347632998186,64121.4
2026-07-17 20:00:00,9281.347632998186,64086.1
2026-07-17 21:00:00,9281.347632998186,64070.6
2026-07-17 22:00:00,9281.347632998186,63952.8
2026-07-17 23:00:00,9281.347632998186,63909.9
2026-07-18 00:00:00,9281.347632998186,63881.6
2026-07-18 01:00:00,9281.347632998186,63929.2
2026-07-18 02:00:00,9281.347632998186,63931.5
2026-07-18 03:00:00,9281.347632998186,63989.5
2026-07-18 04:00:00,9281.347632998186,63946.3
2026-07-18 05:00:00,9281.347632998186,63936.3
2026-07-18 06:00:00,9281.347632998186,63954.1
2026-07-18 07:00:00,9281.347632998186,63980.1
2026-07-18 08:00:00,9281.347632998186,63977.2
2026-07-18 09:00:00,9281.347632998186,63961.2
2026-07-18 10:00:00,9281.347632998186,63981.2
2026-07-18 11:00:00,9281.347632998186,64033.3
2026-07-18 12:00:00,9281.347632998186,64181.4
2026-07-18 13:00:00,9281.347632998186,64081.3
2026-07-18 14:00:00,9281.347632998186,64099.0
2026-07-18 15:00:00,9281.347632998186,64090.0
2026-07-18 16:00:00,9281.347632998186,64278.2
2026-07-18 17:00:00,9281.347632998186,64450.0
2026-07-18 18:00:00,9281.347632998186,64477.3
2026-07-18 19:00:00,9281.347632998186,64526.3
2026-07-18 20:00:00,9281.347632998186,64665.5
2026-07-18 21:00:00,9281.347632998186,64697.6
2026-07-18 22:00:00,9281.347632998186,64774.4
2026-07-18 23:00:00,9281.347632998186,64806.7
2026-07-19 00:00:00,9281.347632998186,64756.5
2026-07-19 01:00:00,9281.347632998186,64750.0
2026-07-19 02:00:00,9281.347632998186,64795.4
2026-07-19 03:00:00,9281.347632998186,64686.8
2026-07-19 04:00:00,9281.347632998186,64692.2
2026-07-19 05:00:00,9281.347632998186,64695.1
2026-07-19 06:00:00,9281.347632998186,64682.3
2026-07-19 07:00:00,9281.347632998186,64692.2
2026-07-19 08:00:00,9281.347632998186,64678.1
2026-07-19 09:00:00,9281.347632998186,64495.2
2026-07-19 10:00:00,9281.347632998186,64561.4
2026-07-19 11:00:00,9281.347632998186,64445.7
2026-07-19 12:00:00,9281.347632998186,64417.5
2026-07-19 13:00:00,9281.347632998186,64453.0
2026-07-19 14:00:00,9281.347632998186,64561.1
2026-07-19 15:00:00,9281.347632998186,64545.2
2026-07-19 16:00:00,9281.347632998186,64510.7
2026-07-19 17:00:00,9281.347632998186,64520.0
2026-07-19 18:00:00,9281.347632998186,64399.8
2026-07-19 19:00:00,9281.347632998186,64438.1
2026-07-19 20:00:00,9281.347632998186,64515.9
2026-07-19 21:00:00,9281.347632998186,64393.7
2026-07-19 22:00:00,9281.347632998186,64642.7
2026-07-19 23:00:00,9281.347632998186,64694.7
2026-07-20 00:00:00,9281.347632998186,64526.0
2026-07-20 01:00:00,9281.347632998186,64594.7
2026-07-20 02:00:00,9281.347632998186,64800.1
2026-07-20 03:00:00,9281.347632998186,64839.4
2026-07-20 04:00:00,9281.347632998186,64511.3
2026-07-20 05:00:00,9281.347632998186,64101.7
2026-07-20 06:00:00,9281.347632998186,63890.0
2026-07-20 07:00:00,9281.347632998186,64250.0
2026-07-20 08:00:00,9281.347632998186,64031.4
2026-07-20 09:00:00,9281.347632998186,64176.6
2026-07-20 10:00:00,9281.347632998186,64280.5
2026-07-20 11:00:00,9281.347632998186,64970.8
2026-07-20 12:00:00,9281.347632998186,64627.2
2026-07-20 13:00:00,9281.347632998186,64315.0
2026-07-20 14:00:00,9281.347632998186,64393.0
2026-07-20 15:00:00,9281.347632998186,65570.1
2026-07-20 16:00:00,9281.347632998186,65478.6
2026-07-20 17:00:00,9281.347632998186,65560.0
2026-07-20 18:00:00,9281.347632998186,65215.8
2026-07-20 19:00:00,9281.347632998186,65119.3
2026-07-20 20:00:00,9281.347632998186,65344.7
2026-07-20 21:00:00,9281.347632998186,65258.5
2026-07-20 22:00:00,9281.347632998186,65118.7
2026-07-20 23:00:00,9281.347632998186,65224.8
2026-07-21 00:00:00,9281.347632998186,65538.9
2026-07-21 01:00:00,9281.347632998186,65205.1
2026-07-21 02:00:00,9281.347632998186,65386.4
2026-07-21 03:00:00,9281.347632998186,65539.5
2026-07-21 04:00:00,9281.347632998186,65494.2
2026-07-21 05:00:00,9281.347632998186,65724.9
2026-07-21 06:00:00,9281.347632998186,65892.4
2026-07-21 07:00:00,9281.347632998186,66166.9
2026-07-21 08:00:00,9281.347632998186,66200.0
2026-07-21 09:00:00,9281.347632998186,66261.2
2026-07-21 10:00:00,9281.347632998186,66161.1
2026-07-21 11:00:00,9281.347632998186,66317.9
2026-07-21 12:00:00,9281.347632998186,66527.7
2026-07-21 13:00:00,9281.347632998186,66748.8
2026-07-21 14:00:00,9281.347632998186,66804.3
2026-07-21 15:00:00,9281.347632998186,66648.5
2026-07-21 16:00:00,9281.347632998186,66507.1
2026-07-21 17:00:00,9281.347632998186,66181.1
2026-07-21 18:00:00,9281.347632998186,66287.5
2026-07-21 19:00:00,9281.347632998186,66409.5
2026-07-21 20:00:00,9281.347632998186,66373.8
2026-07-21 21:00:00,9281.347632998186,66352.4
2026-07-21 22:00:00,9281.347632998186,66271.2
2026-07-21 23:00:00,9281.347632998186,66522.4
2026-07-22 00:00:00,9281.347632998186,66591.7
2026-07-22 01:00:00,9281.347632998186,66399.9
2026-07-22 02:00:00,9281.347632998186,66283.2
2026-07-22 03:00:00,9281.347632998186,66176.7
2026-07-22 04:00:00,9281.347632998186,66349.3
2026-07-22 05:00:00,9281.347632998186,65954.5
2026-07-22 06:00:00,9281.347632998186,65906.8
2026-07-22 07:00:00,9281.347632998186,65813.4
2026-07-22 08:00:00,9281.347632998186,65953.5
2026-07-22 09:00:00,9281.347632998186,65896.4
2026-07-22 10:00:00,9281.347632998186,66016.2
2026-07-22 11:00:00,9281.347632998186,65981.4
2026-07-22 12:00:00,9281.347632998186,65604.2
2026-07-22 13:00:00,9281.347632998186,65924.9
2026-07-22 14:00:00,9281.347632998186,65770.2
2026-07-22 15:00:00,9281.347632998186,66014.8
2026-07-22 16:00:00,9281.347632998186,66199.7
2026-07-22 17:00:00,9281.347632998186,65997.5
2026-07-22 18:00:00,9281.347632998186,65860.5
2026-07-22 19:00:00,9281.347632998186,65891.1
2026-07-22 20:00:00,9281.347632998186,65887.8
2026-07-22 21:00:00,9281.347632998186,66034.5
2026-07-22 22:00:00,9281.347632998186,66013.8
2026-07-22 23:00:00,9281.347632998186,66082.0
2026-07-23 00:00:00,9281.347632998186,66023.8
2026-07-23 01:00:00,9281.347632998186,65793.8
2026-07-23 02:00:00,9281.347632998186,65777.4
2026-07-23 03:00:00,9281.347632998186,65626.8
2026-07-23 04:00:00,9281.347632998186,65585.3
2026-07-23 05:00:00,9281.347632998186,65663.9
2026-07-23 06:00:00,9281.347632998186,65763.2
2026-07-23 07:00:00,9281.347632998186,65405.3
2026-07-23 08:00:00,9281.347632998186,65605.9
2026-07-23 09:00:00,9281.347632998186,65607.9
2026-07-23 10:00:00,9281.347632998186,65704.2
2026-07-23 11:00:00,9281.347632998186,65525.4
2026-07-23 12:00:00,9281.347632998186,65138.0
2026-07-23 13:00:00,9281.347632998186,64858.6
2026-07-23 14:00:00,9281.347632998186,64884.6
2026-07-23 15:00:00,9281.347632998186,64940.4
2026-07-23 16:00:00,9281.347632998186,64731.4
2026-07-23 17:00:00,9281.347632998186,64654.4
2026-07-23 18:00:00,9281.347632998186,64842.5
2026-07-23 19:00:00,9281.347632998186,64820.7
2026-07-23 20:00:00,9281.347632998186,65117.7
2026-07-23 21:00:00,9281.347632998186,65137.4
2026-07-23 22:00:00,9281.347632998186,65158.2
2026-07-23 23:00:00,9281.347632998186,65069.6
2026-07-24 00:00:00,9281.347632998186,64953.1
2026-07-24 01:00:00,9281.347632998186,65053.2
2026-07-24 02:00:00,9281.347632998186,65091.8
2026-07-24 03:00:00,9281.347632998186,65425.4
2026-07-24 04:00:00,9281.347632998186,65281.9
2026-07-24 05:00:00,9281.347632998186,65282.3
2026-07-24 06:00:00,9281.347632998186,65441.6
2026-07-24 07:00:00,9281.347632998186,65470.0
2026-07-24 08:00:00,9281.347632998186,65274.6
2026-07-24 09:00:00,9281.347632998186,65088.1
2026-07-24 10:00:00,9281.347632998186,64927.8
2026-07-24 11:00:00,9281.347632998186,65045.7
2026-07-24 12:00:00,9281.347632998186,64746.6
2026-07-24 13:00:00,9281.347632998186,64129.1
2026-07-24 14:00:00,9281.347632998186,64031.4
2026-07-24 15:00:00,9281.347632998186,64065.1
2026-07-24 16:00:00,9281.347632998186,63930.4
2026-07-24 17:00:00,9281.347632998186,64154.9
2026-07-24 18:00:00,9281.347632998186,64242.8
2026-07-24 19:00:00,9281.347632998186,64199.5
2026-07-24 20:00:00,9281.347632998186,64139.6
2026-07-24 21:00:00,9281.347632998186,64112.2
2026-07-24 22:00:00,9281.347632998186,64132.7
2026-07-24 23:00:00,9281.347632998186,64116.5
2026-07-25 00:00:00,9281.347632998186,64049.6
2026-07-25 01:00:00,9281.347632998186,64039.2
2026-07-25 02:00:00,9281.347632998186,64010.5
2026-07-25 03:00:00,9281.347632998186,64052.9
2026-07-25 04:00:00,9281.347632998186,64146.9
2026-07-25 05:00:00,9281.347632998186,63990.1
2026-07-25 06:00:00,9281.347632998186,63982.9
2026-07-25 07:00:00,9281.347632998186,63972.9
2026-07-25 08:00:00,9281.347632998186,63844.3
2026-07-25 09:00:00,9281.347632998186,63973.9
2026-07-25 10:00:00,9281.347632998186,64039.6
2026-07-25 11:00:00,9281.347632998186,64031.3
2026-07-25 12:00:00,9281.347632998186,64088.2
2026-07-25 13:00:00,9281.347632998186,64136.9
2026-07-25 14:00:00,9281.347632998186,64177.7
2026-07-25 15:00:00,9281.347632998186,64150.0
2026-07-25 16:00:00,9281.347632998186,64180.9
2026-07-25 17:00:00,9281.347632998186,64236.6
2026-07-25 18:00:00,9281.347632998186,64391.4
2026-07-25 19:00:00,9281.347632998186,64359.6
2026-07-25 20:00:00,9281.347632998186,64303.9
2026-07-25 21:00:00,9281.347632998186,64318.5
2026-07-25 22:00:00,9281.347632998186,64377.6
2026-07-25 23:00:00,9281.347632998186,64338.1
2026-07-26 00:00:00,9281.347632998186,64482.6
2026-07-26 01:00:00,9281.347632998186,64434.3
2026-07-26 02:00:00,9281.347632998186,64490.6
2026-07-26 03:00:00,9281.347632998186,64518.8
2026-07-26 04:00:00,9281.347632998186,64493.1
2026-07-26 05:00:00,9281.347632998186,64386.0
2026-07-26 06:00:00,9281.347632998186,64408.9
2026-07-26 07:00:00,9281.347632998186,64341.2
2026-07-26 08:00:00,9281.347632998186,64450.1
2026-07-26 09:00:00,9281.347632998186,64512.3
2026-07-26 10:00:00,9281.347632998186,64490.9
2026-07-26 11:00:00,9281.347632998186,64481.4
2026-07-26 12:00:00,9281.347632998186,64434.2
2026-07-26 13:00:00,9281.347632998186,64491.8
2026-07-26 14:00:00,9281.347632998186,64687.2
2026-07-26 15:00:00,9281.347632998186,64733.6
2026-07-26 16:00:00,9281.347632998186,64700.0
2026-07-26 17:00:00,9281.347632998186,64663.2
2026-07-26 18:00:00,9281.347632998186,64706.8
2026-07-26 19:00:00,9281.347632998186,64665.5
2026-07-26 20:00:00,9281.347632998186,64621.3
2026-07-26 21:00:00,9281.347632998186,64821.7
2026-07-26 22:00:00,9281.347632998186,65384.7
2026-07-26 23:00:00,9281.347632998186,65375.1
2026-07-27 00:00:00,9281.347632998186,65106.0
2026-07-27 01:00:00,9281.347632998186,65179.8
2026-07-27 02:00:00,9281.347632998186,65145.7
2026-07-27 03:00:00,9281.347632998186,65261.5
2026-07-27 04:00:00,9281.347632998186,65257.2
2026-07-27 05:00:00,9281.347632998186,65434.3
2026-07-27 06:00:00,9281.347632998186,65388.0
2026-07-27 07:00:00,9281.347632998186,65195.9
2026-07-27 08:00:00,9281.347632998186,65133.0
2026-07-27 09:00:00,9281.347632998186,65234.4
2026-07-27 10:00:00,9281.347632998186,65314.7
2026-07-27 11:00:00,9281.347632998186,65073.1
2026-07-27 12:00:00,9281.347632998186,65065.0
2026-07-27 13:00:00,9281.347632998186,65189.4
2026-07-27 14:00:00,9281.347632998186,64663.4
2026-07-27 15:00:00,9281.347632998186,64517.1
2026-07-27 16:00:00,9281.347632998186,64871.0
2026-07-27 17:00:00,9281.347632998186,64994.3
2026-07-27 18:00:00,9281.347632998186,64854.7
2026-07-27 19:00:00,9281.347632998186,64959.2
2026-07-27 20:00:00,9281.347632998186,64940.4
2026-07-27 21:00:00,9281.347632998186,64790.2
2026-07-27 22:00:00,9281.347632998186,63755.4
2026-07-27 23:00:00,9281.347632998186,63720.8
2026-07-28 00:00:00,9281.347632998186,63453.1
2026-07-28 01:00:00,9281.347632998186,63195.9
2026-07-28 02:00:00,9281.347632998186,63148.2
2026-07-28 03:00:00,9281.347632998186,63310.1
2026-07-28 04:00:00,9281.347632998186,63323.5
2026-07-28 05:00:00,9281.347632998186,63417.4
2026-07-28 06:00:00,9281.347632998186,63609.4
2026-07-28 07:00:00,9281.347632998186,63476.8
2026-07-28 08:00:00,9281.347632998186,63401.7
2026-07-28 09:00:00,9281.347632998186,63367.8
2026-07-28 10:00:00,9281.347632998186,63439.6
2026-07-28 11:00:00,9281.347632998186,63430.8
2026-07-28 12:00:00,9281.347632998186,63520.1
2026-07-28 13:00:00,9281.347632998186,63078.9
2026-07-28 14:00:00,9281.347632998186,63384.1
2026-07-28 15:00:00,9281.347632998186,63899.4
2026-07-28 16:00:00,9281.347632998186,64020.0
2026-07-28 17:00:00,9281.347632998186,63666.0
2026-07-28 18:00:00,9281.347632998186,63710.8
2026-07-28 19:00:00,9281.347632998186,63882.4
2026-07-28 20:00:00,9281.347632998186,63890.8
2026-07-28 21:00:00,9281.347632998186,63950.1
2026-07-28 22:00:00,9281.347632998186,63754.6
2026-07-28 23:00:00,9281.347632998186,63903.6
2026-07-29 00:00:00,9281.347632998186,63927.5
2026-07-29 01:00:00,9281.347632998186,63682.5
2026-07-29 02:00:00,9281.347632998186,63955.0
2026-07-29 03:00:00,9281.347632998186,63727.0
2026-07-29 04:00:00,9281.347632998186,63944.2
2026-07-29 05:00:00,9281.347632998186,64045.3
2026-07-29 06:00:00,9281.347632998186,64407.7
2026-07-29 07:00:00,9281.347632998186,64539.0
2026-07-29 08:00:00,9281.347632998186,64391.2
2026-07-29 09:00:00,9281.347632998186,64660.7
2026-07-29 10:00:00,9281.347632998186,64444.0
2026-07-29 11:00:00,9281.347632998186,64480.0
2026-07-29 12:00:00,9281.347632998186,64248.2
2026-07-29 13:00:00,9281.347632998186,64634.6
2026-07-29 14:00:00,9281.347632998186,64078.1
2026-07-29 15:00:00,9281.347632998186,63940.2
2026-07-29 16:00:00,9281.347632998186,63786.6
2026-07-29 17:00:00,9281.347632998186,64247.5
2026-07-29 18:00:00,9281.347632998186,64484.5
2026-07-29 19:00:00,9281.347632998186,63564.1
2026-07-29 20:00:00,9281.347632998186,63487.9
2026-07-29 21:00:00,9281.347632998186,63831.1
2026-07-29 22:00:00,9281.347632998186,63916.9
2026-07-29 23:00:00,9281.347632998186,63958.9
2026-07-30 00:00:00,9281.347632998186,63673.7
2026-07-30 01:00:00,9281.347632998186,64245.3
2026-07-30 02:00:00,9281.347632998186,64163.7
2026-07-30 03:00:00,9281.347632998186,64134.0
2026-07-30 04:00:00,9281.347632998186,63998.5
2026-07-30 05:00:00,9281.347632998186,64013.6
2026-07-30 06:00:00,9281.347632998186,63974.6
2026-07-30 07:00:00,9281.347632998186,63981.9
2026-07-30 08:00:00,9281.347632998186,64280.4
2026-07-30 09:00:00,9281.347632998186,64550.0
2026-07-30 10:00:00,9281.347632998186,64548.9
2026-07-30 11:00:00,9281.347632998186,64766.8
2026-07-30 12:00:00,9281.347632998186,64892.6
2026-07-30 13:00:00,9281.347632998186,64995.9
2026-07-30 14:00:00,9281.347632998186,64649.0
2026-07-30 15:00:00,9281.347632998186,64694.2
2026-07-30 16:00:00,9281.347632998186,64785.1
2026-07-30 17:00:00,9281.347632998186,64842.4
2026-07-30 18:00:00,9281.347632998186,64668.9
2026-07-30 19:00:00,9281.347632998186,64778.6
2026-07-30 20:00:00,9281.347632998186,64750.0
2026-07-30 21:00:00,9281.347632998186,64706.5
2026-07-30 22:00:00,9281.347632998186,64827.4
2026-07-30 23:00:00,9281.347632998186,64750.0
2026-07-31 00:00:00,9281.347632998186,64698.5
2026-07-31 01:00:00,9281.347632998186,64535.1
2026-07-31 02:00:00,9281.347632998186,64271.9
2026-07-31 03:00:00,9281.347632998186,64344.0
2026-07-31 04:00:00,9281.347632998186,64281.6
2026-07-31 05:00:00,9281.347632998186,64334.4
2026-07-31 06:00:00,9281.347632998186,64208.5
2026-07-31 07:00:00,9281.347632998186,63909.1
2026-07-31 08:00:00,9281.347632998186,63801.9
2026-07-31 09:00:00,9281.347632998186,63689.0
2026-07-31 10:00:00,9281.347632998186,63886.1
2026-07-31 11:00:00,9281.347632998186,63779.4
2026-07-31 12:00:00,9281.347632998186,63727.4
2026-07-31 13:00:00,9281.347632998186,63248.1
2026-07-31 14:00:00,9281.347632998186,62663.8
2026-07-31 15:00:00,9281.347632998186,62695.4
2026-07-31 16:00:00,9281.347632998186,62849.4
2026-07-31 17:00:00,9281.347632998186,63215.6
2026-07-31 18:00:00,9281.347632998186,63064.9
2026-07-31 19:00:00,9281.347632998186,62947.2
2026-07-31 20:00:00,9281.347632998186,62928.7
2026-07-31 21:00:00,9281.347632998186,62924.7
2026-07-31 22:00:00,9281.347632998186,62916.7
2026-07-31 23:00:00,9281.347632998186,62859.9
2026-08-01 00:00:00,9281.347632998186,62909.4
2026-08-01 01:00:00,9281.347632998186,62946.7
2026-08-01 02:00:00,9281.347632998186,63040.8
2026-08-01 03:00:00,9281.347632998186,62973.8
2026-08-01 04:00:00,9281.347632998186,63073.9
2026-08-01 05:00:00,9281.347632998186,62999.8
2026-08-01 06:00:00,9281.347632998186,63049.9
2026-08-01 07:00:00,9281.347632998186,63019.6
2026-08-01 08:00:00,9281.347632998186,63097.4
2026-08-01 09:00:00,9281.347632998186,63021.4
2026-08-01 10:00:00,9281.347632998186,63029.1
2026-08-01 11:00:00,9281.347632998186,63045.1
2026-08-01 12:00:00,9281.347632998186,63068.9
2026-08-01 13:00:00,9281.347632998186,63036.7
2026-08-01 14:00:00,9281.347632998186,63097.1
2026-08-01 15:00:00,9281.347632998186,62976.4
2026-08-01 16:00:00,9281.347632998186,62899.9
2026-08-01 17:00:00,9281.347632998186,62684.0
2026-08-01 18:00:00,9281.347632998186,62552.5
2026-08-01 19:00:00,9281.347632998186,62502.1
2026-08-01 20:00:00,9281.347632998186,62631.8
2026-08-01 21:00:00,9281.347632998186,62789.4
2026-08-01 22:00:00,9281.347632998186,62800.1
2026-08-01 23:00:00,9281.347632998186,62792.3
2026-08-02 00:00:00,9281.347632998186,62807.5
2026-08-02 01:00:00,9281.347632998186,62960.8
2026-08-02 02:00:00,9281.347632998186,63425.4
2026-08-02 03:00:00,9281.347632998186,63436.7
2026-08-02 04:00:00,9281.347632998186,63557.1
2026-08-02 05:00:00,9281.347632998186,63428.5
2026-08-02 06:00:00,9281.347632998186,63460.0
2026-08-02 07:00:00,9281.347632998186,63468.1
2026-08-02 08:00:00,9281.347632998186,63171.1
2026-08-02 09:00:00,9281.347632998186,63249.8
2026-08-02 10:00:00,9281.347632998186,63176.7
2026-08-02 11:00:00,9281.347632998186,63007.3
2026-08-02 12:00:00,9281.347632998186,63097.2
2026-08-02 13:00:00,9281.347632998186,63095.0
2026-08-02 14:00:00,9281.347632998186,63042.7
2026-08-02 15:00:00,9281.347632998186,63081.6
2026-08-02 16:00:00,9281.347632998186,63158.6
2026-08-02 17:00:00,9281.347632998186,63279.7
2026-08-02 18:00:00,9281.347632998186,63364.2
2026-08-02 19:00:00,9281.347632998186,63432.9
2026-08-02 20:00:00,9281.347632998186,63477.2
2026-08-02 21:00:00,9281.347632998186,63560.0
2026-08-02 22:00:00,9281.347632998186,63398.0
2026-08-02 23:00:00,9281.347632998186,63550.0
2026-08-03 00:00:00,9281.347632998186,63298.9
2026-08-03 01:00:00,9281.347632998186,63185.9
2026-08-03 02:00:00,9281.347632998186,63118.3
2026-08-03 03:00:00,9281.347632998186,62839.7
2026-08-03 04:00:00,9281.347632998186,62765.3
2026-08-03 05:00:00,9281.347632998186,62799.9
2026-08-03 06:00:00,9281.347632998186,62594.9
2026-08-03 07:00:00,9281.347632998186,62591.0
2026-08-03 08:00:00,9281.347632998186,62512.4
2026-08-03 09:00:00,9281.347632998186,62806.0
2026-08-03 10:00:00,9281.347632998186,62708.8
2026-08-03 11:00:00,9281.347632998186,62534.1
2026-08-03 12:00:00,9281.347632998186,62669.9
2026-08-03 13:00:00,9281.347632998186,63317.6
2026-08-03 14:00:00,9281.347632998186,63927.9
2026-08-03 15:00:00,9281.347632998186,63659.5
2026-08-03 16:00:00,9281.347632998186,63738.0
2026-08-03 17:00:00,9281.347632998186,63874.1
2026-08-03 18:00:00,9281.347632998186,63835.5
2026-08-03 19:00:00,9281.347632998186,63836.9
2026-08-03 20:00:00,9281.347632998186,63755.9
2026-08-03 21:00:00,9281.347632998186,63561.1
2026-08-03 22:00:00,9281.347632998186,63587.6
2026-08-03 23:00:00,9281.347632998186,63497.2
2026-08-04 00:00:00,9281.347632998186,63337.6
2026-08-04 01:00:00,9281.347632998186,63816.1
2026-08-04 02:00:00,9281.347632998186,63802.3
2026-08-04 03:00:00,9281.347632998186,63771.0
2026-08-04 04:00:00,9281.347632998186,64004.4
2026-08-04 05:00:00,9281.347632998186,63783.7
2026-08-04 06:00:00,9281.347632998186,63653.4
2026-08-04 07:00:00,9281.347632998186,63666.5
2026-08-04 08:00:00,9281.347632998186,63559.7
2026-08-04 09:00:00,9281.347632998186,63576.4
2026-08-04 10:00:00,9281.347632998186,63743.3
2026-08-04 11:00:00,9281.347632998186,63900.2
2026-08-04 12:00:00,9281.347632998186,63875.1
2026-08-04 13:00:00,9281.347632998186,63663.7
2026-08-04 14:00:00,9281.347632998186,64100.0
2026-08-04 15:00:00,9281.347632998186,64088.4
2026-08-04 16:00:00,9281.347632998186,63928.9
2026-08-04 17:00:00,9281.347632998186,63936.1
2026-08-04 18:00:00,9281.347632998186,64270.7
2026-08-04 19:00:00,9281.347632998186,64197.3
2026-08-04 20:00:00,9281.347632998186,64316.3
2026-08-04 21:00:00,9281.347632998186,64166.8
2026-08-04 22:00:00,9281.347632998186,64238.0
2026-08-04 23:00:00,9281.347632998186,64075.5
2026-08-05 00:00:00,9281.347632998186,63970.9
2026-08-05 01:00:00,9281.347632998186,64306.3
2026-08-05 02:00:00,9281.347632998186,64340.3
2026-08-05 03:00:00,9281.347632998186,64145.6
2026-08-05 04:00:00,9281.347632998186,64141.5
2026-08-05 05:00:00,9281.347632998186,64307.7
2026-08-05 06:00:00,9281.347632998186,64226.0
2026-08-05 07:00:00,9281.347632998186,64141.0
2026-08-05 08:00:00,9281.347632998186,64096.3
2026-08-05 09:00:00,9281.347632998186,64127.5
2026-08-05 10:00:00,9281.347632998186,64033.0
2026-08-05 11:00:00,9281.347632998186,64044.6
2026-08-05 12:00:00,9281.347632998186,64295.4
2026-08-05 13:00:00,9281.347632998186,64387.0
2026-08-05 14:00:00,9281.347632998186,64443.3
2026-08-05 15:00:00,9281.347632998186,64353.6
2026-08-05 16:00:00,9281.347632998186,64631.9
2026-08-05 17:00:00,9281.347632998186,64733.6
2026-08-05 18:00:00,9281.347632998186,64762.8
2026-08-05 19:00:00,9281.347632998186,64805.7
2026-08-05 20:00:00,9281.347632998186,64804.2
2026-08-05 21:00:00,9281.347632998186,64710.1
2026-08-05 22:00:00,9281.347632998186,64607.0
2026-08-05 23:00:00,9281.347632998186,64633.9
2026-08-06 00:00:00,9281.347632998186,64614.8
2026-08-06 01:00:00,9281.347632998186,64560.0
2026-08-06 02:00:00,9281.347632998186,64550.6
2026-08-06 03:00:00,9281.347632998186,64496.2
2026-08-06 04:00:00,9281.347632998186,64695.9
2026-08-06 05:00:00,9281.347632998186,64879.5
2026-08-06 06:00:00,9281.347632998186,64830.5
2026-08-06 07:00:00,9281.347632998186,64789.4
2026-08-06 08:00:00,9281.347632998186,64913.9
2026-08-06 09:00:00,9281.347632998186,64649.1
2026-08-06 10:00:00,9281.347632998186,64589.2
2026-08-06 11:00:00,9281.347632998186,64590.1
2026-08-06 12:00:00,9281.347632998186,64392.4
2026-08-06 13:00:00,9281.347632998186,64404.8
2026-08-06 14:00:00,9281.347632998186,64748.2
2026-08-06 15:00:00,9281.347632998186,64604.2
2026-08-06 16:00:00,9281.347632998186,64723.2
2026-08-06 17:00:00,9281.347632998186,64583.1
2026-08-06 18:00:00,9281.347632998186,64388.8
2026-08-06 19:00:00,9281.347632998186,64412.8
2026-08-06 20:00:00,9281.347632998186,64403.7
2026-08-06 21:00:00,9281.347632998186,64411.8
2026-08-06 22:00:00,9281.347632998186,64317.8
2026-08-06 23:00:00,9281.347632998186,64300.0
2026-08-07 00:00:00,9281.347632998186,64291.9
2026-08-07 01:00:00,9281.347632998186,64394.8
2026-08-07 02:00:00,9281.347632998186,64369.5
2026-08-07 03:00:00,9281.347632998186,64264.0
2026-08-07 04:00:00,9281.347632998186,64225.8
2026-08-07 05:00:00,9281.347632998186,64310.6
2026-08-07 06:00:00,9281.347632998186,64280.1
2026-08-07 07:00:00,9281.347632998186,64288.9
2026-08-07 08:00:00,9281.347632998186,64576.4
2026-08-07 09:00:00,9281.347632998186,64809.0
2026-08-07 10:00:00,9281.347632998186,64867.3
2026-08-07 11:00:00,9281.347632998186,64996.1
2026-08-07 12:00:00,9281.347632998186,65259.1
2026-08-07 13:00:00,9281.347632998186,64984.8
2026-08-07 14:00:00,9281.347632998186,64927.3
2026-08-07 15:00:00,9281.347632998186,64885.4
2026-08-07 16:00:00,9281.347632998186,64779.9
2026-08-07 17:00:00,9281.347632998186,64740.3
2026-08-07 18:00:00,9281.347632998186,64712.1
2026-08-07 19:00:00,9281.347632998186,64932.9
2026-08-07 20:00:00,9281.347632998186,64942.1
2026-08-07 21:00:00,9281.347632998186,64895.3
2026-08-07 22:00:00,9281.347632998186,64857.3
2026-08-07 23:00:00,9281.347632998186,64885.4
2026-08-08 00:00:00,9281.347632998186,64890.3
2026-08-08 01:00:00,9281.347632998186,64880.6
2026-08-08 02:00:00,9281.347632998186,64889.5
2026-08-08 03:00:00,9281.347632998186,65000.0
2026-08-08 04:00:00,9281.347632998186,64976.5
2026-08-08 05:00:00,9281.347632998186,64967.0
2026-08-08 06:00:00,9281.347632998186,64978.2
2026-08-08 07:00:00,9281.347632998186,64936.3
2026-08-08 08:00:00,9281.347632998186,64963.2
2026-08-08 09:00:00,9281.347632998186,64960.1
2026-08-08 10:00:00,9281.347632998186,64980.6
2026-08-08 11:00:00,9281.347632998186,64938.5
2026-08-08 12:00:00,9281.347632998186,64973.8
2026-08-08 13:00:00,9281.347632998186,64985.4
2026-08-08 14:00:00,9281.347632998186,65100.0
2026-08-08 15:00:00,9281.347632998186,65049.3
2026-08-08 16:00:00,9281.347632998186,65056.1
2026-08-08 17:00:00,9281.347632998186,65086.2
2026-08-08 18:00:00,9281.347632998186,65015.3
2026-08-08 19:00:00,9281.347632998186,65045.5
2026-08-08 20:00:00,9281.347632998186,65046.9
2026-08-08 21:00:00,9281.347632998186,64989.8
2026-08-08 22:00:00,9281.347632998186,64915.2
2026-08-08 23:00:00,9281.347632998186,64928.5
2026-08-09 00:00:00,9281.347632998186,64952.9
2026-08-09 01:00:00,9281.347632998186,64838.4
2026-08-09 02:00:00,9281.347632998186,64798.0
2026-08-09 03:00:00,9281.347632998186,64759.0
2026-08-09 04:00:00,9281.347632998186,64759.8
2026-08-09 05:00:00,9281.347632998186,64777.9
2026-08-09 06:00:00,9281.347632998186,64822.9
2026-08-09 07:00:00,9281.347632998186,64793.6
2026-08-09 08:00:00,9281.347632998186,64792.5
2026-08-09 09:00:00,9281.347632998186,64850.9
2026-08-09 10:00:00,9281.347632998186,64927.4
2026-08-09 11:00:00,9281.347632998186,64921.8
2026-08-09 12:00:00,9281.347632998186,64928.5
2026-08-09 13:00:00,9281.347632998186,65194.9
2026-08-09 14:00:00,9281.347632998186,65237.3
2026-08-09 15:00:00,9281.347632998186,65207.7
2026-08-09 16:00:00,9281.347632998186,65204.6
2026-08-09 17:00:00,9281.347632998186,65170.0
2026-08-09 18:00:00,9281.347632998186,65167.1
2026-08-09 19:00:00,9281.347632998186,65153.2
2026-08-09 20:00:00,9281.347632998186,65114.1
2026-08-09 21:00:00,9281.347632998186,65165.0
2026-08-09 22:00:00,9281.347632998186,65046.3
2026-08-09 23:00:00,9281.347632998186,64867.8
2026-08-10 00:00:00,9281.347632998186,64945.3
2026-08-10 01:00:00,9281.347632998186,65172.9
2026-08-10 02:00:00,9281.347632998186,65077.7
2026-08-10 03:00:00,9281.347632998186,64946.4
2026-08-10 04:00:00,9281.347632998186,64980.6
2026-08-10 05:00:00,9281.347632998186,65117.1
2026-08-10 06:00:00,9281.347632998186,65273.2
2026-08-10 07:00:00,9281.347632998186,65183.0
2026-08-10 08:00:00,9281.347632998186,65220.6
2026-08-10 09:00:00,9281.347632998186,64941.1
2026-08-10 10:00:00,9281.347632998186,64988.7
2026-08-10 11:00:00,9281.347632998186,65097.6
2026-08-10 12:00:00,9281.347632998186,64838.3
2026-08-10 13:00:00,9281.347632998186,64533.7
2026-08-10 14:00:00,9281.347632998186,64594.5
2026-08-10 15:00:00,9281.347632998186,64268.8
2026-08-10 16:00:00,9281.347632998186,63888.6
2026-08-10 17:00:00,9281.347632998186,63932.7
2026-08-10 18:00:00,9281.347632998186,63866.4
2026-08-10 19:00:00,9281.347632998186,64017.2
2026-08-10 20:00:00,9281.347632998186,64129.6
2026-08-10 21:00:00,9281.347632998186,63949.0
2026-08-10 22:00:00,9281.347632998186,63987.5
2026-08-10 23:00:00,9281.347632998186,63939.3
2026-08-11 00:00:00,9281.347632998186,64006.1
2026-08-11 01:00:00,9281.347632998186,64026.6
2026-08-11 02:00:00,9281.347632998186,64012.9
2026-08-11 03:00:00,9281.347632998186,64110.7
2026-08-11 04:00:00,9281.347632998186,63997.0
2026-08-11 05:00:00,9281.347632998186,63965.0
2026-08-11 06:00:00,9281.347632998186,63940.0
2026-08-11 07:00:00,9281.347632998186,64031.7
2026-08-11 08:00:00,9281.347632998186,64109.8
2026-08-11 09:00:00,9281.347632998186,64281.0
2026-08-11 10:00:00,9281.347632998186,64205.3
2026-08-11 11:00:00,9281.347632998186,64358.3
2026-08-11 12:00:00,9281.347632998186,64303.2
2026-08-11 13:00:00,9281.347632998186,64174.4
2026-08-11 14:00:00,9281.347632998186,63747.0
2026-08-11 15:00:00,9281.347632998186,63585.3
2026-08-11 16:00:00,9281.347632998186,63488.5
2026-08-11 17:00:00,9281.347632998186,63580.1
2026-08-11 18:00:00,9281.347632998186,63352.5
2026-08-11 19:00:00,9281.347632998186,63508.5
2026-08-11 20:00:00,9281.347632998186,63720.8
2026-08-11 21:00:00,9281.347632998186,63641.5
2026-08-11 22:00:00,9281.347632998186,63641.6
2026-08-11 23:00:00,9281.347632998186,63572.0
2026-08-12 00:00:00,9281.347632998186,63717.2
2026-08-12 01:00:00,9281.347632998186,63796.0
2026-08-12 02:00:00,9281.347632998186,63722.6
2026-08-12 03:00:00,9281.347632998186,63800.1
2026-08-12 04:00:00,9281.347632998186,63747.2
2026-08-12 05:00:00,9281.347632998186,63811.4
2026-08-12 06:00:00,9281.347632998186,63688.0
2026-08-12 07:00:00,9281.347632998186,63804.8
2026-08-12 08:00:00,9281.347632998186,63769.9
2026-08-12 09:00:00,9281.347632998186,64077.0
2026-08-12 10:00:00,9281.347632998186,64111.4
2026-08-12 11:00:00,9281.347632998186,64207.3
2026-08-12 12:00:00,9281.347632998186,64090.0
2026-08-12 13:00:00,9281.347632998186,63805.9
2026-08-12 14:00:00,9281.347632998186,63344.4
2026-08-12 15:00:00,9281.347632998186,63421.4
2026-08-12 16:00:00,9281.347632998186,63462.3
2026-08-12 17:00:00,9281.347632998186,63450.1
2026-08-12 18:00:00,9281.347632998186,63360.0
2026-08-12 19:00:00,9281.347632998186,63394.9
2026-08-12 20:00:00,9281.347632998186,63573.5
2026-08-12 21:00:00,9281.347632998186,63441.4
2026-08-12 22:00:00,9281.347632998186,63405.9
2026-08-12 23:00:00,9281.347632998186,63454.7
2026-08-13 00:00:00,9281.347632998186,63530.1
2026-08-13 01:00:00,9281.347632998186,63428.8
2026-08-13 02:00:00,9281.347632998186,63522.4
2026-08-13 03:00:00,9281.347632998186,63623.5
2026-08-13 04:00:00,9281.347632998186,63672.9
2026-08-13 05:00:00,9281.347632998186,63844.4
2026-08-13 06:00:00,9281.347632998186,63914.5
2026-08-13 07:00:00,9281.347632998186,63833.0
2026-08-13 08:00:00,9281.347632998186,63743.8
2026-08-13 09:00:00,9281.347632998186,63757.0
2026-08-13 10:00:00,9281.347632998186,63628.9
2026-08-13 11:00:00,9281.347632998186,63458.5
2026-08-13 12:00:00,9281.347632998186,63669.2
2026-08-13 13:00:00,9281.347632998186,63699.9
2026-08-13 14:00:00,9281.347632998186,63835.6
2026-08-13 15:00:00,9281.347632998186,63385.0
2026-08-13 16:00:00,9281.347632998186,63139.0
2026-08-13 17:00:00,9281.347632998186,63121.4
2026-08-13 18:00:00,9281.347632998186,63284.7
2026-08-13 19:00:00,9281.347632998186,63387.4
2026-08-13 20:00:00,9281.347632998186,63385.6
2026-08-13 21:00:00,9281.347632998186,63444.7
2026-08-13 22:00:00,9281.347632998186,63497.7
2026-08-13 23:00:00,9281.347632998186,63456.7
2026-08-14 00:00:00,9281.347632998186,63517.6
2026-08-14 01:00:00,9281.347632998186,63545.5
2026-08-14 02:00:00,9281.347632998186,63437.1
2026-08-14 03:00:00,9281.347632998186,63288.1
2026-08-14 04:00:00,9281.347632998186,63349.9
2026-08-14 05:00:00,9281.347632998186,63357.8
2026-08-14 06:00:00,9281.347632998186,62944.6
2026-08-14 07:00:00,9281.347632998186,62888.1
2026-08-14 08:00:00,9281.347632998186,62904.9
2026-08-14 09:00:00,9281.347632998186,62763.9
2026-08-14 10:00:00,9281.347632998186,62787.7
2026-08-14 11:00:00,9281.347632998186,62837.4
2026-08-14 12:00:00,9281.347632998186,62706.0
2026-08-14 13:00:00,9281.347632998186,62639.6
2026-08-14 14:00:00,9281.347632998186,62581.0
2026-08-14 15:00:00,9281.347632998186,62956.0
2026-08-14 16:00:00,9281.347632998186,63105.8
2026-08-14 17:00:00,9281.347632998186,62988.4
2026-08-14 18:00:00,9281.347632998186,62900.0
2026-08-14 19:00:00,9281.347632998186,62936.3
2026-08-14 20:00:00,9281.347632998186,62878.5
2026-08-14 21:00:00,9281.347632998186,62897.6
2026-08-14 22:00:00,9281.347632998186,62856.8
2026-08-14 23:00:00,9281.347632998186,63015.0
2026-08-15 00:00:00,9281.347632998186,62991.7
2026-08-15 01:00:00,9281.347632998186,63010.7
2026-08-15 02:00:00,9281.347632998186,63113.6
2026-08-15 03:00:00,9281.347632998186,63030.3
2026-08-15 04:00:00,9281.347632998186,63092.5
2026-08-15 05:00:00,9281.347632998186,63055.4
2026-08-15 06:00:00,9281.347632998186,63087.3
2026-08-15 07:00:00,9281.347632998186,63049.8
2026-08-15 08:00:00,9281.347632998186,62908.5
2026-08-15 09:00:00,9281.347632998186,62999.1
2026-08-15 10:00:00,9281.347632998186,63015.6
2026-08-15 11:00:00,9281.347632998186,62993.1
2026-08-15 12:00:00,9281.347632998186,63028.8
2026-08-15 13:00:00,9281.347632998186,63031.3
2026-08-15 14:00:00,9281.347632998186,63011.7
2026-08-15 15:00:00,9281.347632998186,63068.0
2026-08-15 16:00:00,9281.347632998186,63066.3
2026-08-15 17:00:00,9281.347632998186,63043.5
2026-08-15 18:00:00,9281.347632998186,63026.3
2026-08-15 19:00:00,9281.347632998186,63093.6
2026-08-15 20:00:00,9281.347632998186,63077.1
2026-08-15 21:00:00,9281.347632998186,63123.7
2026-08-15 22:00:00,9281.347632998186,63100.7
2026-08-15 23:00:00,9281.347632998186,63053.9
2026-08-16 00:00:00,9281.347632998186,63051.1
2026-08-16 01:00:00,9281.347632998186,63051.3
2026-08-16 02:00:00,9281.347632998186,63092.3
2026-08-16 03:00:00,9281.347632998186,63096.6
2026-08-16 04:00:00,9281.347632998186,63056.7
2026-08-16 05:00:00,9281.347632998186,63027.7
2026-08-16 06:00:00,9281.347632998186,63036.5
2026-08-16 07:00:00,9281.347632998186,63034.3
2026-08-16 08:00:00,9281.347632998186,63039.5
2026-08-16 09:00:00,9281.347632998186,62957.0
2026-08-16 10:00:00,9281.347632998186,62979.2
2026-08-16 11:00:00,9281.347632998186,62981.1
2026-08-16 12:00:00,9281.347632998186,62986.4
2026-08-16 13:00:00,9281.347632998186,63036.1
2026-08-16 14:00:00,9281.347632998186,63078.5
2026-08-16 15:00:00,9281.347632998186,63113.8
2026-08-16 16:00:00,9281.347632998186,63232.7
2026-08-16 17:00:00,9281.347632998186,63130.7
2026-08-16 18:00:00,9281.347632998186,63111.3
2026-08-16 19:00:00,9281.347632998186,63082.2
2026-08-16 20:00:00,9281.347632998186,63041.0
2026-08-16 21:00:00,9281.347632998186,62900.0
2026-08-16 22:00:00,9281.347632998186,62885.0
2026-08-16 23:00:00,9281.347632998186,62876.0
2026-08-17 00:00:00,9281.347632998186,62887.3
2026-08-17 01:00:00,9281.347632998186,63084.0
2026-08-17 02:00:00,9281.347632998186,63382.7
2026-08-17 03:00:00,9281.347632998186,63409.8
2026-08-17 04:00:00,9281.347632998186,63512.3
2026-08-17 05:00:00,9281.347632998186,63488.0
2026-08-17 06:00:00,9281.347632998186,63633.1
2026-08-17 07:00:00,9281.347632998186,63493.5
2026-08-17 08:00:00,9281.347632998186,63350.1
2026-08-17 09:00:00,9281.347632998186,63290.1
2026-08-17 10:00:00,9281.347632998186,63661.9
2026-08-17 11:00:00,9281.347632998186,63600.0
2026-08-17 12:00:00,9281.347632998186,63526.6
2026-08-17 13:00:00,9281.347632998186,63647.0
2026-08-17 14:00:00,9281.347632998186,63871.7
2026-08-17 15:00:00,9281.347632998186,64169.9
2026-08-17 16:00:00,9281.347632998186,64082.1
2026-08-17 17:00:00,9281.347632998186,64293.1
2026-08-17 18:00:00,9281.347632998186,64402.7
2026-08-17 19:00:00,9281.347632998186,64280.4
2026-08-17 20:00:00,9281.347632998186,64360.7
2026-08-17 21:00:00,9281.347632998186,64350.3
2026-08-17 22:00:00,9281.347632998186,64267.7
2026-08-17 23:00:00,9281.347632998186,64504.1
2026-08-18 00:00:00,9281.347632998186,64357.4
2026-08-18 01:00:00,9281.347632998186,64174.9
2026-08-18 02:00:00,9281.347632998186,64074.0
2026-08-18 03:00:00,9281.347632998186,64147.4
2026-08-18 04:00:00,9281.347632998186,64184.5
2026-08-18 05:00:00,9281.347632998186,64202.7
2026-08-18 06:00:00,9281.347632998186,64297.9
2026-08-18 07:00:00,9281.347632998186,64170.9
2026-08-18 08:00:00,9281.347632998186,64264.5
2026-08-18 09:00:00,9281.347632998186,64140.5
2026-08-18 10:00:00,9281.347632998186,64171.7
2026-08-18 11:00:00,9281.347632998186,64326.0
2026-08-18 12:00:00,9281.347632998186,64194.5
2026-08-18 13:00:00,9281.347632998186,64187.5
2026-08-18 14:00:00,9281.347632998186,64683.6
2026-08-18 15:00:00,9281.347632998186,64823.9
2026-08-18 16:00:00,9281.347632998186,64804.7
2026-08-18 17:00:00,9281.347632998186,64634.3
2026-08-18 18:00:00,9281.347632998186,64744.7
2026-08-18 19:00:00,9281.347632998186,64619.7
2026-08-18 20:00:00,9281.347632998186,64547.5
2026-08-18 21:00:00,9281.347632998186,64576.0
2026-08-18 22:00:00,9281.347632998186,64607.0
2026-08-18 23:00:00,9281.347632998186,64694.0
2026-08-19 00:00:00,9281.347632998186,64459.4
2026-08-19 01:00:00,9281.347632998186,64371.6
2026-08-19 02:00:00,9281.347632998186,64322.1
2026-08-19 03:00:00,9281.347632998186,64296.3
2026-08-19 04:00:00,9281.347632998186,64285.4
2026-08-19 05:00:00,9281.347632998186,64209.1
2026-08-19 06:00:00,9281.347632998186,64315.1
2026-08-19 07:00:00,9281.347632998186,64266.1
2026-08-19 08:00:00,9281.347632998186,64385.0
2026-08-19 09:00:00,9281.347632998186,64395.3
2026-08-19 10:00:00,9281.347632998186,64423.9
2026-08-19 11:00:00,9281.347632998186,64479.0
2026-08-19 12:00:00,9281.347632998186,64857.3
2026-08-19 13:00:00,9281.347632998186,64984.1
2026-08-19 14:00:00,9281.347632998186,65895.6
2026-08-19 15:00:00,9281.347632998186,68523.7
2026-08-19 16:00:00,9281.347632998186,68430.7
2026-08-19 17:00:00,9281.347632998186,68170.6
2026-08-19 18:00:00,9281.347632998186,68360.7
2026-08-19 19:00:00,9281.347632998186,68404.1
2026-08-19 20:00:00,9281.347632998186,69016.1
2026-08-19 21:00:00,9281.347632998186,69685.1
2026-08-19 22:00:00,9281.347632998186,69227.1
2026-08-19 23:00:00,9281.347632998186,69310.0
2026-08-20 00:00:00,9281.347632998186,69389.1
2026-08-20 01:00:00,9281.347632998186,69691.4
2026-08-20 02:00:00,9281.347632998186,69284.6
2026-08-20 03:00:00,9281.347632998186,69183.5
2026-08-20 04:00:00,9281.347632998186,69480.1
2026-08-20 05:00:00,9281.347632998186,69408.3
2026-08-20 06:00:00,9281.347632998186,69838.8
2026-08-20 07:00:00,9281.347632998186,69815.9
2026-08-20 08:00:00,9281.347632998186,71560.6
2026-08-20 09:00:00,9281.347632998186,71781.2
2026-08-20 10:00:00,9281.347632998186,71978.2
2026-08-20 11:00:00,9281.347632998186,71896.2
2026-08-20 12:00:00,9281.347632998186,71930.1
2026-08-20 13:00:00,9281.347632998186,71663.7
2026-08-20 14:00:00,9281.347632998186,71792.9
2026-08-20 15:00:00,9281.347632998186,72429.0
2026-08-20 16:00:00,9281.347632998186,72805.9
2026-08-20 17:00:00,9281.347632998186,72694.6
2026-08-20 18:00:00,9281.347632998186,72398.4
2026-08-20 19:00:00,9281.347632998186,72649.7
2026-08-20 20:00:00,9281.347632998186,72638.5
2026-08-20 21:00:00,9281.347632998186,72706.9
2026-08-20 22:00:00,9281.347632998186,72648.5
2026-08-20 23:00:00,9281.347632998186,72998.7
2026-08-21 00:00:00,9281.347632998186,73682.1
2026-08-21 01:00:00,9281.347632998186,75103.3
2026-08-21 02:00:00,9281.347632998186,74410.6
2026-08-21 03:00:00,9281.347632998186,74482.9
2026-08-21 04:00:00,9281.347632998186,74990.3
2026-08-21 05:00:00,9281.347632998186,75433.0
2026-08-21 06:00:00,9281.347632998186,75613.3
2026-08-21 07:00:00,9281.347632998186,76310.4
2026-08-21 08:00:00,9281.347632998186,79269.0
2026-08-21 09:00:00,9281.347632998186,77900.6
2026-08-21 10:00:00,9281.347632998186,77803.3
2026-08-21 11:00:00,9281.347632998186,76749.0
2026-08-21 12:00:00,9281.347632998186,77228.1
2026-08-21 13:00:00,9281.347632998186,77244.3
2026-08-21 14:00:00,9281.347632998186,77387.7
2026-08-21 15:00:00,9281.347632998186,77219.8
2026-08-21 16:00:00,9281.347632998186,77462.3
2026-08-21 17:00:00,9281.347632998186,77381.8
2026-08-21 18:00:00,9281.347632998186,77115.4
2026-08-21 19:00:00,9281.347632998186,76995.4
2026-08-21 20:00:00,9281.347632998186,77480.0
2026-08-21 21:00:00,9281.347632998186,78491.5
2026-08-21 22:00:00,9281.347632998186,78436.8
2026-08-21 23:00:00,9281.347632998186,78309.1
2026-08-22 00:00:00,9281.347632998186,77921.6
2026-08-22 01:00:00,9281.347632998186,77807.7
2026-08-22 02:00:00,9281.347632998186,78467.9
2026-08-22 03:00:00,9281.347632998186,78395.0
2026-08-22 04:00:00,9281.347632998186,78453.3
2026-08-22 05:00:00,9281.347632998186,77371.6
2026-08-22 06:00:00,9281.347632998186,77476.6
2026-08-22 07:00:00,9281.347632998186,77286.7
2026-08-22 08:00:00,9281.347632998186,77193.5
2026-08-22 09:00:00,9281.347632998186,77047.5
2026-08-22 10:00:00,9281.347632998186,76975.7
2026-08-22 11:00:00,9281.347632998186,77137.9
2026-08-22 12:00:00,9281.347632998186,77295.6
2026-08-22 13:00:00,9281.347632998186,77290.6
2026-08-22 14:00:00,9281.347632998186,77018.6
2026-08-22 15:00:00,9281.347632998186,76995.6
2026-08-22 16:00:00,9281.347632998186,77299.0
2026-08-22 17:00:00,9281.347632998186,77289.2
2026-08-22 18:00:00,9281.347632998186,77276.5
2026-08-22 19:00:00,9281.347632998186,77422.4
2026-08-22 20:00:00,9281.347632998186,77330.3
2026-08-22 21:00:00,9281.347632998186,76862.8
2026-08-22 22:00:00,9281.347632998186,77000.8
2026-08-22 23:00:00,9281.347632998186,77084.5
2026-08-23 00:00:00,9281.347632998186,77308.0
2026-08-23 01:00:00,9281.347632998186,77202.1
2026-08-23 02:00:00,9281.347632998186,77080.6
2026-08-23 03:00:00,9281.347632998186,76941.1
2026-08-23 04:00:00,9281.347632998186,76610.7
2026-08-23 05:00:00,9281.347632998186,76064.9
2026-08-23 06:00:00,9281.347632998186,76110.3
2026-08-23 07:00:00,9281.347632998186,76020.3
2026-08-23 08:00:00,9281.347632998186,76486.5
2026-08-23 09:00:00,9281.347632998186,76540.2
2026-08-23 10:00:00,9281.347632998186,76784.4
2026-08-23 11:00:00,9281.347632998186,77296.0
2026-08-23 12:00:00,9281.347632998186,77202.9
2026-08-23 13:00:00,9281.347632998186,77471.8
2026-08-23 14:00:00,9281.347632998186,77174.1
2026-08-23 15:00:00,9281.347632998186,77124.0
2026-08-23 16:00:00,9281.347632998186,77389.0
2026-08-23 17:00:00,9281.347632998186,77158.3
2026-08-23 18:00:00,9281.347632998186,77317.6
2026-08-23 19:00:00,9281.347632998186,77305.1
2026-08-23 20:00:00,9281.347632998186,77376.7
2026-08-23 21:00:00,9281.347632998186,77808.8
2026-08-23 22:00:00,9281.347632998186,77578.4
2026-08-23 23:00:00,9281.347632998186,77719.1
2026-08-24 00:00:00,9281.347632998186,77674.1
2026-08-24 01:00:00,9281.347632998186,76892.9
2026-08-24 02:00:00,9281.347632998186,77461.7
2026-08-24 03:00:00,9281.347632998186,76925.2
2026-08-24 04:00:00,9281.347632998186,76889.9
2026-08-24 05:00:00,9281.347632998186,77139.3
2026-08-24 06:00:00,9281.347632998186,77455.5
2026-08-24 07:00:00,9281.347632998186,77301.8
2026-08-24 08:00:00,9281.347632998186,77032.9
2026-08-24 09:00:00,9281.347632998186,77546.2
2026-08-24 10:00:00,9281.347632998186,77614.3
2026-08-24 11:00:00,9281.347632998186,78429.4
2026-08-24 12:00:00,9281.347632998186,79146.4
2026-08-24 13:00:00,9281.347632998186,78565.2
2026-08-24 14:00:00,9281.347632998186,79481.1
2026-08-24 15:00:00,9281.347632998186,79069.3
2026-08-24 16:00:00,9281.347632998186,79021.9
2026-08-24 17:00:00,9281.347632998186,78726.3
2026-08-24 18:00:00,9281.347632998186,78902.1
2026-08-24 19:00:00,9281.347632998186,78715.1
2026-08-24 20:00:00,9281.347632998186,78905.7
2026-08-24 21:00:00,9281.347632998186,78944.3
2026-08-24 22:00:00,9281.347632998186,78703.8
2026-08-24 23:00:00,9281.347632998186,78953.0
2026-08-25 00:00:00,9281.347632998186,79703.1
2026-08-25 01:00:00,9281.347632998186,79806.1
2026-08-25 02:00:00,9281.347632998186,80630.4
2026-08-25 03:00:00,9281.347632998186,80457.6
2026-08-25 04:00:00,9281.347632998186,80348.9
2026-08-25 05:00:00,9281.347632998186,80709.7
2026-08-25 06:00:00,9281.347632998186,80549.0
2026-08-25 07:00:00,9281.347632998186,79661.5
2026-08-25 08:00:00,9281.347632998186,79899.0
2026-08-25 09:00:00,9281.347632998186,79160.9
2026-08-25 10:00:00,9281.347632998186,79275.8
2026-08-25 11:00:00,9281.347632998186,79097.0
2026-08-25 12:00:00,9281.347632998186,78949.9
2026-08-25 13:00:00,9281.347632998186,78627.3
2026-08-25 14:00:00,9281.347632998186,79211.4
2026-08-25 15:00:00,9281.347632998186,79463.1
2026-08-25 16:00:00,9281.347632998186,79121.5
2026-08-25 17:00:00,9281.347632998186,79203.3
2026-08-25 18:00:00,9281.347632998186,79090.8
2026-08-25 19:00:00,9281.347632998186,78890.7
2026-08-25 20:00:00,9281.347632998186,78168.8
2026-08-25 21:00:00,9281.347632998186,78535.8
2026-08-25 22:00:00,9281.347632998186,78850.1
2026-08-25 23:00:00,9281.347632998186,78505.4
2026-08-26 00:00:00,9281.347632998186,78592.8
2026-08-26 01:00:00,9281.347632998186,78780.9
2026-08-26 02:00:00,9281.347632998186,79070.1
2026-08-26 03:00:00,9281.347632998186,79049.0
2026-08-26 04:00:00,9281.347632998186,78792.1
2026-08-26 05:00:00,9281.347632998186,79052.5
2026-08-26 06:00:00,9281.347632998186,79098.9
